reference_dossier;age;taux_presence_pct;heures_lms_total;retards_rendus;nb_devoirs_total;nb_devoirs_rendus;messages_forum;nb_ue_total;motivation;satisfaction;sentiment_appartenance;mention_bac;filiere;bac_type
COH2026-0001;21;62,3 %;16,8;7;9;7;0;6;1;4;2;Passable;Informatique;Général
COH2026-0002;20;83,6 %;27,3;2;11;9;7;6;4;4;3;Passable;Biologie;Général
COH2026-0003;18;74,5 %;54,0;1;11;11;2;5;3;3;3;Passable;Gestion;Technologique
COH2026-0004;20;85,5 %;80,8;5;13;11;6;5;;;3;Assez bien;Droit;Général
COH2026-0005;18;75,0 %;14,3;3;13;11;2;5;4;4;2;Assez bien;Biologie;Technologique
COH2026-0006;21;91,0 %;41,7;4;13;13;4;7;2;;4;Assez bien;Biologie;Général
COH2026-0007;19;97,4 %;30,4;1;10;8;2;6;4;3;5;Assez bien;Droit;Professionnel
COH2026-0008;19;78,5 %;55,1;3;13;13;2;7;5;3;;;Droit;Général
COH2026-0009;23;73,4 %;45,0;6;11;9;2;5;5;4;5;Bien;Psychologie;Général
COH2026-0010;23;90,7 %;90,9;2;9;7;6;7;5;4;2;Assez bien;Psychologie;Général
COH2026-0011;19;77,2 %;17,7;4;12;9;2;6;3;1;;Passable;Psychologie;Général
COH2026-0012;21;80,4 %;32,9;5;9;9;3;6;5;4;3;Très bien;Mathématiques;Général
COH2026-0013;21;79,7 %;46,1;2;10;5;1;6;3;4;2;Bien;Gestion;Technologique
COH2026-0014;21;80,7 %;81,1;6;12;10;0;5;4;3;2;Assez bien;Droit;Général
COH2026-0015;17;87,5 %;44,1;3;11;9;3;5;4;;4;Passable;STAPS;Général
COH2026-0016;20;76,9 %;55,3;2;13;10;5;7;3;5;3;Assez bien;Droit;Général
COH2026-0017;20;93,5 %;26,8;6;8;7;9;7;5;5;2;Passable;Biologie;Général
COH2026-0018;19;82,6 %;36,6;2;10;8;3;6;2;4;3;Passable;Droit;Technologique
COH2026-0019;25;66,2 %;28,8;7;10;8;1;5;2;5;2;Assez bien;Psychologie;Professionnel
COH2026-0020;20;78,2 %;30,6;7;10;9;7;6;3;3;4;Assez bien;Informatique;Professionnel
COH2026-0021;19;77,3 %;8,2;7;10;10;6;6;3;4;2;Assez bien;STAPS;Général
COH2026-0022;21;81,5 %;31,9;2;12;11;4;7;4;3;4;Assez bien;Mathématiques;Technologique
COH2026-0023;21;80,0 %;24,4;5;12;9;1;7;1;2;2;Passable;Informatique;Général
COH2026-0024;18;82,7 %;57,7;7;10;8;4;5;4;3;4;Passable;STAPS;Technologique
COH2026-0025;19;78,5 %;59,1;2;12;10;3;5;;2;4;Passable;Droit;Général
COH2026-0026;20;88,9 %;75,3;1;13;11;2;6;4;4;4;Bien;Gestion;Général
COH2026-0027;21;83,2 %;67,5;5;13;13;7;6;3;4;3;Assez bien;STAPS;Professionnel
COH2026-0028;23;90,7 %;90,9;2;9;7;6;7;5;4;2;Assez bien;Psychologie;Général
COH2026-0029;20;80,1 %;80,5;1;10;8;5;5;5;4;;Passable;Gestion;Technologique
COH2026-0030;18;77,3 %;17,3;1;9;8;6;6;3;5;3;Bien;Droit;Technologique
COH2026-0031;19;67,0 %;35,1;6;8;6;1;6;2;1;2;Passable;Mathématiques;Professionnel
COH2026-0032;20;67,9 %;26,6;6;8;6;4;5;3;3;2;Passable;Droit;Général
COH2026-0033;18;88,0 %;53,5;4;12;10;2;5;4;2;4;Bien;STAPS;Général
COH2026-0034;18;89,8 %;81,0;2;11;11;2;7;4;5;5;Passable;Psychologie;Général
COH2026-0035;22;80,3 %;40,4;1;12;8;1;5;2;3;1;Passable;Droit;Général
COH2026-0036;22;81,5 %;0,3;4;12;9;0;6;2;2;2;Passable;Droit;Technologique
COH2026-0037;18;71,0 %;0,6;6;13;6;0;6;1;2;1;Bien;Biologie;Général
COH2026-0038;18;65,9 %;13,5;4;8;4;0;6;1;2;1;Passable;Biologie;Général
COH2026-0039;20;79,3 %;20,5;4;13;10;7;6;3;2;4;Bien;Psychologie;Général
COH2026-0040;20;85,4 %;39,1;5;10;10;5;7;4;2;;Bien;Droit;Général
COH2026-0041;18;52,4 %;0,0;4;8;4;0;7;3;2;;Assez bien;Informatique;Technologique
COH2026-0042;23;93,6 %;120,8;1;13;13;6;6;4;5;;;Gestion;Professionnel
COH2026-0043;19;74,0 %;27,5;5;10;10;3;6;4;4;3;Très bien;Gestion;Technologique
COH2026-0044;19;71,4 %;36,8;4;13;12;3;5;3;3;1;Très bien;STAPS;Général
COH2026-0045;17;64,7 %;14,6;5;8;5;1;7;4;;;Assez bien;STAPS;Général
COH2026-0046;22;68,4 %;18,0;8;13;8;0;6;2;1;1;Passable;Psychologie;Général
COH2026-0047;18;55,2 %;16,1;4;12;8;0;6;;4;2;Passable;Droit;Général
COH2026-0048;21;72,0 %;32,8;4;9;5;0;5;2;4;2;Bien;Mathématiques;Général
COH2026-0049;21;89,0 %;31,5;8;10;10;5;7;;3;5;Bien;Informatique;Général
COH2026-0050;18;78,1 %;16,6;2;13;10;0;5;3;2;1;Passable;Psychologie;Général
COH2026-0051;23;71,6 %;26,4;1;11;11;5;6;3;3;3;Bien;Mathématiques;Général
COH2026-0052;23;78,0 %;43,1;0;13;10;6;6;3;4;5;Assez bien;STAPS;Général
COH2026-0053;20;69,6 %;69,4;5;8;8;5;6;4;3;3;Passable;Lettres;Général
COH2026-0054;19;72,7 %;38,4;6;9;6;1;5;2;4;1;Passable;Lettres;Professionnel
COH2026-0055;20;57,7 %;24,2;1;11;9;1;6;;2;2;Très bien;STAPS;Technologique
COH2026-0056;24;91,1 %;135,4;0;13;13;7;6;5;4;5;Assez bien;Droit;Général
COH2026-0057;18;79,7 %;30,8;5;12;11;3;6;3;3;2;Assez bien;Informatique;Technologique
COH2026-0058;22;63,4 %;59,1;5;9;5;2;7;1;1;2;Assez bien;Droit;Technologique
COH2026-0059;21;71,0 %;22,5;8;11;8;1;5;1;1;1;Bien;Droit;Général
COH2026-0060;20;70,2 %;91,7;4;11;10;5;6;5;3;4;Bien;Informatique;Général
COH2026-0061;23;83,1 %;70,3;1;13;11;3;6;5;3;;Passable;Gestion;Général
COH2026-0062;21;60,0 %;11,0;6;13;10;0;7;2;2;2;Assez bien;STAPS;Général
COH2026-0063;21;86,3 %;37,6;6;9;8;5;6;4;3;4;Assez bien;Psychologie;Général
COH2026-0064;19;75,4 %;24,0;3;12;7;3;5;4;3;4;Assez bien;Informatique;Général
COH2026-0065;19;81,8 %;37,4;5;13;9;1;6;3;3;1;Passable;Mathématiques;Technologique
COH2026-0066;19;59,1 %;4,1;7;10;7;0;5;1;4;;Bien;STAPS;Général
COH2026-0067;22;93,0 %;53,3;1;8;7;7;6;3;3;2;Assez bien;Psychologie;Professionnel
COH2026-0068;19;99,4 %;57,8;1;10;10;11;6;4;5;4;Passable;Lettres;Technologique
COH2026-0069;20;94,3 %;29,7;0;11;11;9;6;;5;4;Assez bien;Biologie;Général
COH2026-0070;18;76,3 %;24,6;2;8;7;3;6;3;2;2;Très bien;Psychologie;Général
COH2026-0071;19;84,1 %;29,3;4;9;7;1;6;3;4;3;Assez bien;Mathématiques;Technologique
COH2026-0072;18;69,3 %;58,9;2;13;9;2;7;3;;3;Passable;Droit;Technologique
COH2026-0073;21;66,1 %;7,4;4;13;11;1;7;4;;2;Passable;Droit;Technologique
COH2026-0074;21;92,3 %;37,5;4;12;12;3;6;4;5;4;Bien;Psychologie;Général
COH2026-0075;19;84,5 %;58,3;2;13;13;5;5;5;5;4;Très bien;Mathématiques;Technologique
COH2026-0076;20;84,0 %;101,9;0;8;8;7;7;4;4;3;Passable;Gestion;Général
COH2026-0077;17;73,3 %;71,4;4;12;10;6;6;5;;2;Assez bien;Gestion;Général
COH2026-0078;21;87,3 %;21,7;1;9;9;5;7;4;3;2;Bien;Mathématiques;Technologique
COH2026-0079;20;80,1 %;80,5;1;10;8;5;5;5;4;;Passable;Gestion;Technologique
COH2026-0080;19;77,4 %;48,1;3;11;7;0;7;2;4;3;Passable;Informatique;Technologique
COH2026-0081;21;82,4 %;43,7;3;8;6;2;5;3;;2;Assez bien;STAPS;Général
COH2026-0082;19;88,2 %;31,4;2;11;11;4;6;4;3;2;Bien;Lettres;Général
COH2026-0083;22;80,0 %;35,1;2;10;9;6;6;4;4;4;Bien;Informatique;Général
COH2026-0084;18;65,7 %;44,0;3;9;7;1;7;2;3;5;Assez bien;Informatique;Professionnel
COH2026-0085;19;98,3 %;37,9;4;13;10;2;5;2;4;2;Assez bien;Biologie;Général
COH2026-0086;23;67,2 %;61,8;5;13;8;1;6;3;4;2;Assez bien;Mathématiques;Général
COH2026-0087;19;65,8 %;11,6;6;13;10;1;6;2;2;3;Passable;Gestion;Général
COH2026-0088;18;58,0 %;21,6;1;13;10;6;6;2;3;2;Assez bien;Mathématiques;Général
COH2026-0089;18;78,1 %;39,6;3;9;7;4;7;3;;4;Bien;Gestion;Professionnel
COH2026-0090;18;52,4 %;0,0;4;8;4;0;7;3;2;;Assez bien;Informatique;Technologique
COH2026-0091;22;69,6 %;43,5;5;8;5;1;6;4;3;4;;Informatique;Technologique
COH2026-0092;17;55,3 %;8,1;7;13;7;0;5;1;2;1;Très bien;Informatique;Général
COH2026-0093;20;86,7 %;31,2;4;8;6;5;6;;4;4;;Mathématiques;Professionnel
COH2026-0094;24;75,4 %;81,0;0;12;12;8;5;4;3;4;Très bien;Droit;Technologique
COH2026-0095;18;80,3 %;72,4;2;9;7;5;5;4;3;4;Passable;Gestion;Général
COH2026-0096;19;83,6 %;11,8;6;8;6;1;6;4;4;3;;Gestion;Général
COH2026-0097;17;83,7 %;78,5;0;13;11;3;6;;5;3;Assez bien;Biologie;Technologique
COH2026-0098;20;72,3 %;52,4;9;13;9;2;7;3;4;3;Passable;Psychologie;Général
COH2026-0099;18;73,6 %;47,4;5;12;12;1;7;4;2;;Bien;Droit;Technologique
COH2026-0100;18;71,4 %;43,1;6;11;10;1;7;2;4;3;Très bien;Biologie;Professionnel
COH2026-0101;22;88,1 %;28,7;7;13;8;1;6;3;3;3;Bien;Droit;Général
COH2026-0102;21;70,5 %;0,3;4;9;7;0;7;2;1;1;Assez bien;Biologie;Général
COH2026-0103;19;85,5 %;41,9;4;9;8;5;5;2;;4;Passable;Gestion;Général
COH2026-0104;19;81,0 %;41,7;4;10;10;3;6;3;4;4;;Gestion;Professionnel
COH2026-0105;23;77,8 %;30,4;5;13;10;0;5;4;4;3;Passable;Biologie;Général
COH2026-0106;23;67,0 %;39,6;8;10;9;2;7;;3;2;Bien;STAPS;Général
COH2026-0107;22;93,6 %;46,9;1;13;10;6;6;4;4;;Très bien;Mathématiques;Général
COH2026-0108;19;68,2 %;29,0;6;9;8;0;5;3;;3;Passable;Mathématiques;Technologique
COH2026-0109;19;80,7 %;11,4;4;13;11;4;6;4;4;3;Assez bien;Psychologie;Général
COH2026-0110;20;56,4 %;16,3;4;8;4;1;6;3;2;2;Assez bien;Gestion;Général
COH2026-0111;20;66,8 %;41,2;7;10;9;5;6;3;2;3;Bien;STAPS;Général
COH2026-0112;19;74,5 %;25,6;8;9;8;4;5;2;3;3;Passable;Psychologie;Technologique
COH2026-0113;20;94,1 %;71,6;2;11;11;3;6;5;;2;Assez bien;Lettres;Technologique
COH2026-0114;21;52,8 %;45,1;4;13;9;0;6;2;2;1;Passable;Psychologie;Général
COH2026-0115;20;63,4 %;12,9;8;12;9;0;6;2;3;3;Assez bien;Gestion;Technologique
COH2026-0116;20;70,5 %;32,4;7;11;11;5;5;3;2;3;Passable;Lettres;Général
COH2026-0117;21;81,5 %;31,9;2;12;11;4;7;4;3;4;Assez bien;Mathématiques;Technologique
COH2026-0118;18;71,5 %;2,8;5;9;6;0;7;3;3;2;Bien;Gestion;Général
COH2026-0119;18;75,6 %;54,4;3;13;11;4;5;;4;;Passable;Informatique;Professionnel
COH2026-0120;19;77,9 %;49,9;3;9;8;5;5;3;4;4;Passable;Droit;Technologique
COH2026-0121;21;66,4 %;31,4;6;12;7;1;5;4;3;2;Passable;STAPS;Général
COH2026-0122;23;56,9 %;5,3;3;9;3;0;6;3;2;1;Très bien;Droit;Général
COH2026-0123;20;97,2 %;110,4;0;9;9;4;6;5;4;5;Bien;Psychologie;Technologique
COH2026-0124;19;92,8 %;90,0;0;9;8;4;5;5;4;4;Très bien;Droit;Général
COH2026-0125;23;99,4 %;39,2;0;11;11;7;7;5;4;4;Très bien;Lettres;Technologique
COH2026-0126;22;70,4 %;16,0;7;10;7;0;5;2;4;2;Assez bien;Biologie;Général
COH2026-0127;20;88,9 %;75,3;1;13;11;2;6;4;4;4;Bien;Gestion;Général
COH2026-0128;18;87,4 %;71,4;6;10;8;0;6;4;2;1;Bien;Biologie;Général
COH2026-0129;19;75,1 %;59,4;2;10;8;2;6;5;3;2;Très bien;STAPS;Technologique
COH2026-0130;21;88,0 %;34,0;1;11;9;4;7;4;4;3;Bien;Psychologie;Général
COH2026-0131;20;72,3 %;31,3;4;13;9;0;6;1;3;3;Passable;Psychologie;Général
COH2026-0132;18;77,6 %;41,9;1;13;12;2;7;4;;4;Assez bien;Biologie;Général
COH2026-0133;18;69,6 %;47,5;2;13;11;1;5;3;3;3;Assez bien;Gestion;Général
COH2026-0134;17;80,6 %;79,1;8;10;9;8;7;3;3;2;Assez bien;Biologie;Général
COH2026-0135;17;88,3 %;6,4;2;9;5;4;6;3;4;1;Bien;Gestion;Général
COH2026-0136;19;56,0 %;7,7;6;11;6;0;7;2;1;3;Bien;Informatique;Général
COH2026-0137;17;69,3 %;20,7;7;10;7;0;6;2;1;3;Passable;STAPS;Général
COH2026-0138;21;82,7 %;18,8;4;8;6;2;5;3;2;4;Passable;Psychologie;Professionnel
COH2026-0139;20;89,1 %;29,6;5;8;6;5;5;4;3;4;Assez bien;Psychologie;Général
COH2026-0140;20;70,9 %;27,6;6;9;6;0;5;1;;2;Passable;Psychologie;Général
COH2026-0141;21;71,3 %;56,3;6;12;9;0;7;2;4;3;;Droit;Général
COH2026-0142;22;90,2 %;112,4;4;9;8;7;6;3;5;2;Assez bien;Gestion;Professionnel
COH2026-0143;20;69,4 %;47,1;1;8;6;3;5;3;3;4;Très bien;STAPS;Général
COH2026-0144;20;71,3 %;26,9;5;10;5;4;5;3;3;1;Assez bien;Droit;Général
COH2026-0145;18;77,3 %;17,3;1;9;8;6;6;3;5;3;Bien;Droit;Technologique
COH2026-0146;20;79,6 %;0,3;2;12;10;5;6;2;5;2;Assez bien;Informatique;Technologique
COH2026-0147;21;56,8 %;6,0;6;13;9;0;7;1;3;2;Assez bien;Lettres;Général
COH2026-0148;18;76,0 %;53,1;5;9;8;3;5;2;4;3;Bien;Informatique;Général
COH2026-0149;23;62,5 %;56,0;5;8;7;6;5;4;4;1;Passable;Lettres;Général
COH2026-0150;21;73,4 %;25,9;6;10;9;5;6;4;3;3;Assez bien;Gestion;Général
COH2026-0151;18;54,8 %;34,2;5;11;7;0;7;4;1;2;Bien;Mathématiques;Technologique
COH2026-0152;21;79,3 %;91,3;0;9;7;4;7;5;4;5;Bien;Biologie;Général
COH2026-0153;19;81,8 %;10,2;7;13;12;2;5;5;3;3;Bien;Gestion;Général
COH2026-0154;18;79,2 %;45,3;3;13;11;1;6;2;3;2;Bien;Mathématiques;Professionnel
COH2026-0155;19;78,8 %;29,7;1;11;9;1;7;5;3;3;Passable;Mathématiques;Général
COH2026-0156;20;85,8 %;100,2;2;11;9;3;6;5;5;3;Passable;Biologie;Général
COH2026-0157;22;68,7 %;17,2;8;10;8;1;5;2;3;3;Assez bien;Informatique;Général
COH2026-0158;18;75,2 %;33,9;5;11;7;2;6;3;2;3;Assez bien;Droit;Général
COH2026-0159;21;78,9 %;59,4;5;8;7;4;6;4;3;3;Passable;Psychologie;Général
COH2026-0160;21;81,5 %;14,1;6;11;7;0;7;;2;3;Assez bien;Informatique;Général
COH2026-0161;18;66,0 %;12,8;5;12;5;0;6;1;1;1;Assez bien;Gestion;Général
COH2026-0162;21;50,8 %;25,1;4;9;8;2;6;4;2;2;Passable;Mathématiques;Général
COH2026-0163;19;98,1 %;82,9;1;9;9;7;7;5;5;5;Passable;Gestion;Général
COH2026-0164;21;59,5 %;23,0;6;10;7;1;6;1;3;3;Très bien;Informatique;Général
COH2026-0165;22;90,2 %;112,4;4;9;8;7;6;3;5;2;Assez bien;Gestion;Professionnel
COH2026-0166;20;86,2 %;70,3;1;11;11;5;5;3;;3;Très bien;Psychologie;Technologique
COH2026-0167;17;91,5 %;74,8;2;12;9;5;6;5;5;3;Très bien;Informatique;Professionnel
COH2026-0168;19;73,9 %;28,0;0;9;7;2;6;3;4;3;Bien;Gestion;Technologique
COH2026-0169;20;81,9 %;63,3;4;13;11;3;6;4;2;3;Bien;Gestion;Général
COH2026-0170;18;68,3 %;54,4;6;12;12;3;6;4;3;2;Assez bien;Droit;Technologique
COH2026-0171;19;85,1 %;42,0;3;11;11;4;5;5;;3;Bien;STAPS;Général
COH2026-0172;18;85,5 %;57,5;4;10;7;1;6;1;3;2;Bien;STAPS;Technologique
COH2026-0173;20;63,2 %;23,2;6;8;6;2;6;2;;3;Bien;Informatique;Technologique
COH2026-0174;25;80,9 %;44,5;5;8;5;4;5;2;4;2;Passable;Biologie;Général
COH2026-0175;22;91,2 %;41,7;4;11;11;3;6;4;4;;Assez bien;Lettres;Technologique
COH2026-0176;19;90,7 %;109,3;0;11;11;6;6;3;5;5;Passable;Gestion;Technologique
COH2026-0177;20;60,9 %;19,1;5;10;7;0;6;1;2;1;Bien;Gestion;Général
COH2026-0178;19;71,4 %;39,6;1;13;11;2;7;3;1;3;Passable;Mathématiques;Général
COH2026-0179;21;96,5 %;47,8;3;13;9;4;6;4;;3;Bien;Mathématiques;Technologique
COH2026-0180;23;72,7 %;35,4;6;8;6;1;5;1;;2;Passable;Droit;Général
COH2026-0181;20;75,7 %;65,6;4;11;8;5;5;4;4;3;Bien;Mathématiques;Général
COH2026-0182;24;90,4 %;34,5;2;11;10;6;6;5;5;5;Passable;Droit;Général
COH2026-0183;26;90,6 %;4,2;3;12;9;2;5;2;3;3;Assez bien;Biologie;Général
COH2026-0184;20;90,5 %;31,5;2;9;9;5;5;5;3;5;Bien;Gestion;Professionnel
COH2026-0185;18;58,2 %;39,4;6;8;6;3;6;1;1;1;Passable;Psychologie;Général
COH2026-0186;19;78,3 %;28,9;2;11;9;1;6;3;1;2;Bien;Biologie;Professionnel
COH2026-0187;19;92,8 %;90,0;0;9;8;4;5;5;4;4;Très bien;Droit;Général
COH2026-0188;25;68,8 %;29,9;3;8;6;1;7;4;4;1;Passable;Gestion;Général
COH2026-0189;19;62,2 %;31,2;8;10;8;1;6;3;3;2;Passable;Gestion;Technologique
COH2026-0190;20;46,1 %;0,0;7;13;8;0;7;1;4;3;Assez bien;Informatique;Général
COH2026-0191;22;74,2 %;58,3;3;13;11;6;5;1;;4;Passable;Gestion;Général
COH2026-0192;20;76,8 %;60,5;3;9;7;3;6;3;3;2;Assez bien;Informatique;Général
COH2026-0193;21;96,5 %;47,8;3;13;9;4;6;4;;3;Bien;Mathématiques;Technologique
COH2026-0194;18;85,0 %;89,1;2;8;8;7;6;5;5;4;Passable;Gestion;Technologique
COH2026-0195;18;89,0 %;31,4;5;13;9;3;6;2;2;3;Passable;STAPS;Général
COH2026-0196;23;87,4 %;50,6;1;13;13;7;6;5;4;4;Assez bien;Gestion;Général
COH2026-0197;22;75,2 %;39,3;7;9;8;0;5;4;5;1;Assez bien;Mathématiques;Technologique
COH2026-0198;19;88,0 %;19,5;4;12;10;4;5;4;1;2;Passable;Gestion;Technologique
COH2026-0199;24;73,3 %;37,9;7;12;11;2;7;3;2;2;Passable;Informatique;Technologique
COH2026-0200;26;75,2 %;100,5;1;13;13;8;5;5;4;5;Bien;Mathématiques;Professionnel
COH2026-0201;19;84,4 %;95,6;2;10;9;7;5;3;4;2;Assez bien;STAPS;Technologique
COH2026-0202;20;75,3 %;38,3;1;12;10;4;6;4;;3;Bien;Informatique;Général
COH2026-0203;19;96,3 %;80,2;0;10;10;13;7;5;4;5;Passable;Gestion;Professionnel
COH2026-0204;18;79,6 %;41,7;1;11;11;2;6;5;5;3;Assez bien;Informatique;Général
COH2026-0205;21;68,8 %;45,5;1;11;8;1;6;1;3;2;Très bien;Droit;Général
COH2026-0206;23;78,6 %;44,7;1;11;8;11;6;4;3;4;Passable;Mathématiques;Général
COH2026-0207;25;66,2 %;28,8;7;10;8;1;5;2;5;2;Assez bien;Psychologie;Professionnel
COH2026-0208;22;87,4 %;82,7;3;13;12;5;6;5;3;4;Passable;Droit;Général
COH2026-0209;22;86,2 %;25,1;4;11;9;3;5;5;3;4;Bien;Droit;Technologique
COH2026-0210;20;98,5 %;58,5;6;13;13;2;7;3;2;4;Assez bien;Psychologie;Technologique
COH2026-0211;19;98,5 %;32,9;7;12;8;1;5;4;3;4;Bien;Biologie;Général
COH2026-0212;23;88,2 %;80,6;6;12;9;2;6;5;2;3;Assez bien;Mathématiques;Technologique
COH2026-0213;22;83,8 %;46,7;4;8;6;4;6;3;4;2;Assez bien;Mathématiques;Général
COH2026-0214;20;89,1 %;44,6;2;10;10;3;7;3;4;3;Passable;Biologie;Technologique
COH2026-0215;21;69,6 %;38,3;7;8;7;2;6;2;5;1;Passable;Psychologie;Technologique
COH2026-0216;18;80,0 %;84,4;5;12;12;5;5;5;5;;;Psychologie;Général
COH2026-0217;17;81,4 %;26,8;1;13;12;2;7;2;5;3;Assez bien;Gestion;Général
COH2026-0218;19;75,7 %;26,4;4;12;10;1;6;3;2;2;Bien;Gestion;Général
COH2026-0219;18;80,5 %;52,4;2;12;9;0;6;3;3;3;Bien;Informatique;Technologique
COH2026-0220;24;37,2 %;0,0;1;12;1;0;6;2;4;3;Bien;Lettres;Général
COH2026-0221;21;53,6 %;71,5;4;12;9;1;5;4;3;1;Assez bien;STAPS;Général
COH2026-0222;19;65,4 %;62,1;1;9;8;4;5;3;4;2;Passable;Droit;Général
COH2026-0223;24;68,9 %;25,0;3;8;6;2;5;3;3;3;Assez bien;Gestion;Général
COH2026-0224;18;80,8 %;28,9;4;11;9;4;7;4;;4;Passable;Lettres;Technologique
COH2026-0225;19;87,3 %;56,4;2;12;12;4;5;5;4;5;Assez bien;Mathématiques;Général
COH2026-0226;22;73,8 %;6,7;5;10;7;1;6;4;3;2;Assez bien;STAPS;Général
COH2026-0227;18;61,5 %;2,0;2;12;8;0;7;1;3;1;Passable;Droit;Général
COH2026-0228;22;67,4 %;42,7;5;9;7;6;5;3;;3;Passable;Gestion;Professionnel
COH2026-0229;18;77,0 %;61,5;4;8;5;2;6;5;4;4;Assez bien;STAPS;Général
COH2026-0230;19;87,6 %;20,7;5;8;8;7;7;4;2;1;Assez bien;Informatique;Général
COH2026-0231;20;56,9 %;15,0;3;12;7;0;6;1;3;1;Passable;Gestion;Technologique
COH2026-0232;20;63,3 %;32,1;7;13;7;0;6;1;3;2;Assez bien;Biologie;Professionnel
COH2026-0233;19;77,4 %;25,5;4;10;8;7;6;4;4;4;Passable;Gestion;Général
COH2026-0234;20;78,2 %;34,6;1;10;8;0;7;3;3;3;Passable;Lettres;Général
COH2026-0235;17;64,8 %;17,8;4;10;9;1;6;4;2;2;Assez bien;STAPS;Technologique
COH2026-0236;18;64,4 %;19,1;6;9;6;0;7;1;3;2;Passable;STAPS;Professionnel
COH2026-0237;20;80,6 %;24,7;5;12;12;3;6;;2;3;Passable;Droit;Général
COH2026-0238;20;75,1 %;34,4;7;9;7;1;6;3;1;2;Assez bien;Gestion;Général
COH2026-0239;18;82,9 %;32,7;3;10;10;4;7;5;4;4;Assez bien;Biologie;Général
COH2026-0240;22;68,4 %;52,3;8;11;9;0;6;3;;2;Passable;STAPS;Général
COH2026-0241;20;81,1 %;40,0;1;12;12;0;6;4;;4;Bien;Mathématiques;Technologique
COH2026-0242;22;89,0 %;28,9;0;11;10;7;6;3;;2;Assez bien;Droit;Général
COH2026-0243;19;86,0 %;54,6;5;8;6;2;6;5;2;3;Bien;Mathématiques;Général
COH2026-0244;18;69,7 %;42,3;2;9;8;5;6;3;4;4;Bien;Psychologie;Général
COH2026-0245;21;98,3 %;69,9;0;11;11;9;7;5;5;4;Passable;Gestion;Général
COH2026-0246;22;80,2 %;69,8;6;13;11;4;5;4;3;;Passable;Droit;Technologique
COH2026-0247;20;64,2 %;1,0;4;9;7;0;5;3;3;1;Assez bien;Informatique;Général
COH2026-0248;22;73,4 %;13,0;2;9;6;4;7;3;2;;Passable;Psychologie;Général
COH2026-0249;20;88,2 %;37,4;5;10;9;4;5;;3;3;Bien;Biologie;Général
COH2026-0250;20;84,4 %;24,5;4;12;10;3;5;2;4;2;Assez bien;Psychologie;Général
COH2026-0251;20;90,1 %;24,1;4;13;12;9;7;3;3;3;Passable;Mathématiques;Général
COH2026-0252;21;67,8 %;55,1;4;9;9;2;6;3;3;3;Passable;STAPS;Général
COH2026-0253;18;69,2 %;38,5;6;13;11;0;6;5;;2;Bien;Biologie;Technologique
COH2026-0254;20;67,9 %;14,4;7;12;9;3;6;3;3;2;Assez bien;Informatique;Général
COH2026-0255;23;99,6 %;96,4;2;11;11;3;5;5;;4;Assez bien;Psychologie;Technologique
COH2026-0256;22;94,4 %;33,4;3;9;8;2;5;4;4;4;Passable;Gestion;Général
COH2026-0257;21;70,2 %;37,4;3;9;5;0;6;2;4;2;Passable;Gestion;Général
COH2026-0258;17;87,2 %;58,2;1;13;11;2;6;4;2;4;Passable;Lettres;Général
COH2026-0259;20;65,1 %;31,0;6;13;11;0;7;1;1;1;Passable;Lettres;Technologique
COH2026-0260;21;95,4 %;45,0;1;12;12;5;6;;4;4;Passable;Droit;Général
COH2026-0261;17;80,4 %;42,4;0;11;10;2;6;4;4;3;;Biologie;Général
COH2026-0262;17;73,0 %;27,5;0;13;10;0;5;4;1;2;Bien;Gestion;Général
COH2026-0263;18;92,6 %;81,0;2;8;8;7;6;3;4;3;Assez bien;Psychologie;Général
COH2026-0264;18;99,2 %;36,6;1;11;10;6;7;5;4;3;;Informatique;Technologique
COH2026-0265;18;72,1 %;51,0;6;13;12;6;5;4;2;4;Passable;Droit;Technologique
COH2026-0266;21;96,6 %;68,2;0;12;12;10;5;5;5;4;;STAPS;Général
COH2026-0267;18;79,0 %;91,8;2;8;8;5;5;4;4;2;Bien;Droit;Général
COH2026-0268;20;83,6 %;58,4;1;13;13;3;6;5;4;3;Bien;Gestion;Technologique
COH2026-0269;17;66,7 %;26,5;3;12;8;2;6;1;5;2;Passable;STAPS;Professionnel
COH2026-0270;19;52,8 %;0,0;6;13;6;0;6;3;1;1;Assez bien;Gestion;Technologique
COH2026-0271;22;67,9 %;75,6;8;11;8;2;7;4;4;;Passable;Informatique;Général
COH2026-0272;22;83,4 %;72,9;1;13;12;7;6;2;4;3;Passable;Lettres;Général
COH2026-0273;21;80,5 %;68,6;6;9;7;1;6;4;2;3;Assez bien;Droit;Professionnel
COH2026-0274;21;81,1 %;57,8;5;10;8;0;6;3;3;3;Assez bien;Biologie;Général
COH2026-0275;17;80,4 %;15,7;2;12;9;3;5;3;3;4;Passable;Psychologie;Professionnel
COH2026-0276;19;66,7 %;3,7;3;12;8;1;6;3;;1;Bien;Biologie;Technologique
COH2026-0277;18;81,5 %;57,0;4;9;9;6;5;4;;2;Passable;Biologie;Général
COH2026-0278;21;84,4 %;82,9;0;13;13;6;5;4;4;4;Assez bien;Gestion;Général
COH2026-0279;17;87,7 %;92,4;1;12;12;3;5;4;2;4;Bien;STAPS;Général
COH2026-0280;19;65,8 %;17,0;8;11;8;2;5;3;3;4;Assez bien;Gestion;Général
COH2026-0281;20;67,0 %;53,6;6;11;8;2;6;3;3;2;Bien;Lettres;Technologique
COH2026-0282;18;82,7 %;33,0;1;12;9;2;7;4;3;1;Assez bien;STAPS;Général
COH2026-0283;18;70,5 %;18,6;1;10;10;2;6;4;3;4;Assez bien;Psychologie;Général
COH2026-0284;21;95,0 %;99,7;4;10;8;2;6;4;;1;Bien;STAPS;Général
COH2026-0285;18;61,0 %;17,3;4;10;7;2;6;3;5;3;Passable;Droit;Technologique
COH2026-0286;22;78,4 %;31,3;2;11;7;2;5;4;4;2;Passable;Lettres;Technologique
COH2026-0287;19;76,7 %;16,5;2;13;10;4;6;3;5;2;Bien;Droit;Général
COH2026-0288;18;81,0 %;16,7;6;8;6;2;6;2;3;4;Assez bien;Droit;Général
COH2026-0289;18;63,9 %;19,4;4;11;8;0;5;3;2;3;Assez bien;Droit;Général
COH2026-0290;20;70,7 %;3,1;6;9;6;0;7;1;2;1;Très bien;Biologie;Technologique
COH2026-0291;21;77,9 %;59,5;8;13;11;0;6;1;4;1;Bien;Droit;Technologique
COH2026-0292;18;63,3 %;22,7;5;10;8;3;7;2;4;2;Assez bien;Gestion;Professionnel
COH2026-0293;18;90,1 %;15,3;1;11;9;6;6;2;2;5;Bien;Mathématiques;Général
COH2026-0294;20;74,3 %;38,1;8;12;10;3;5;4;3;3;Passable;Psychologie;Technologique
COH2026-0295;21;89,9 %;18,1;7;9;7;5;5;3;2;3;Bien;Mathématiques;Général
COH2026-0296;22;68,1 %;71,4;9;10;9;1;6;;4;2;Bien;Informatique;Technologique
COH2026-0297;22;73,7 %;49,0;5;13;12;4;5;4;3;3;Passable;Psychologie;Technologique
COH2026-0298;23;95,8 %;60,6;5;10;9;5;5;3;2;2;Passable;Gestion;Général
COH2026-0299;19;61,1 %;22,6;7;12;8;1;6;4;4;3;;Droit;Technologique
COH2026-0300;21;98,6 %;86,1;2;13;13;9;5;5;;5;Assez bien;Psychologie;Professionnel
COH2026-0301;23;65,1 %;2,3;5;11;5;0;5;1;3;2;;Droit;Professionnel
COH2026-0302;21;73,0 %;46,4;3;11;8;1;6;3;2;1;Bien;Gestion;Technologique
COH2026-0303;23;91,5 %;62,7;1;10;10;8;5;3;5;4;Passable;Biologie;Général
COH2026-0304;19;76,2 %;38,5;4;10;8;2;5;1;;3;Bien;STAPS;Technologique
COH2026-0305;17;78,2 %;22,1;5;8;5;3;6;1;;4;Passable;Psychologie;Général
COH2026-0306;18;73,3 %;65,3;2;8;7;2;7;5;3;2;Passable;Gestion;Technologique
COH2026-0307;20;91,5 %;62,0;1;11;10;6;7;5;4;5;Bien;Biologie;Général
COH2026-0308;19;68,1 %;24,9;6;10;7;4;5;2;3;2;Assez bien;Informatique;Professionnel
COH2026-0309;20;82,8 %;44,6;1;9;7;5;6;2;3;3;Passable;Psychologie;Général
COH2026-0310;18;72,1 %;73,5;6;10;7;3;7;;3;4;Bien;Biologie;Technologique
COH2026-0311;19;76,7 %;16,5;2;13;10;4;6;3;5;2;Bien;Droit;Général
COH2026-0312;20;55,8 %;26,9;6;8;6;5;7;1;4;2;Passable;Informatique;Technologique
COH2026-0313;23;56,9 %;5,3;3;9;3;0;6;3;2;1;Très bien;Droit;Général
COH2026-0314;21;65,6 %;23,4;3;12;10;2;7;3;4;3;Passable;Gestion;Général
COH2026-0315;19;97,0 %;74,5;0;10;10;6;5;5;5;4;Assez bien;Biologie;Général
COH2026-0316;17;82,6 %;25,4;4;13;11;1;7;3;;2;Passable;Informatique;Général
COH2026-0317;21;90,5 %;62,4;0;13;13;6;6;3;4;4;Assez bien;Droit;Général
COH2026-0318;18;64,8 %;37,1;4;9;8;2;6;2;2;1;Passable;Biologie;Général
COH2026-0319;20;81,3 %;45,6;2;9;7;8;5;5;5;5;Passable;STAPS;Général
COH2026-0320;23;90,9 %;24,0;0;9;8;7;5;4;4;3;Assez bien;Droit;Technologique
COH2026-0321;19;74,3 %;38,7;4;13;11;6;6;5;4;4;Bien;Gestion;Général
COH2026-0322;19;86,1 %;45,6;3;13;12;5;6;3;4;2;Assez bien;Psychologie;Professionnel
COH2026-0323;17;96,2 %;47,8;0;11;10;5;5;5;4;5;Passable;Biologie;Technologique
COH2026-0324;17;66,9 %;39,1;4;8;4;1;6;3;1;2;;Gestion;Général
COH2026-0325;18;80,9 %;31,7;2;12;11;1;5;3;3;1;Passable;Mathématiques;Général
COH2026-0326;24;68,7 %;66,6;4;13;10;1;6;4;3;3;Passable;Gestion;Général
COH2026-0327;19;70,4 %;29,7;4;11;10;1;7;5;3;3;Assez bien;Informatique;Général
COH2026-0328;18;76,0 %;53,1;5;9;8;3;5;2;4;3;Bien;Informatique;Général
COH2026-0329;18;82,1 %;56,0;6;8;6;2;6;2;3;;Assez bien;Psychologie;Professionnel
COH2026-0330;19;51,9 %;9,4;4;13;8;0;6;1;2;5;Passable;Droit;Technologique
COH2026-0331;17;91,5 %;71,9;2;8;7;7;5;4;3;2;Assez bien;STAPS;Général
COH2026-0332;18;56,7 %;5,1;7;13;7;1;6;1;3;1;Passable;STAPS;Général
COH2026-0333;17;47,6 %;0,0;2;8;2;0;5;1;1;1;Assez bien;Gestion;Général
COH2026-0334;18;84,8 %;42,2;7;9;7;4;6;2;4;3;;Biologie;Général
COH2026-0335;21;54,1 %;11,9;4;8;4;0;6;2;2;1;Assez bien;Biologie;Général
COH2026-0336;22;81,3 %;31,1;4;11;11;5;5;4;3;5;Assez bien;Informatique;Général
COH2026-0337;19;64,6 %;46,5;2;8;5;0;6;3;2;3;Passable;STAPS;Général
COH2026-0338;21;77,0 %;67,6;4;9;8;1;6;1;2;2;Passable;Psychologie;Professionnel
COH2026-0339;24;94,1 %;39,9;1;10;10;5;5;3;4;4;Bien;Gestion;Technologique
COH2026-0340;18;48,8 %;0,0;5;11;5;0;7;1;2;1;Passable;Gestion;Général
COH2026-0341;17;95,5 %;61,0;1;10;10;7;7;3;4;4;Passable;Gestion;Professionnel
COH2026-0342;23;85,7 %;58,4;1;13;12;4;6;2;2;3;Passable;Informatique;Général
COH2026-0343;22;39,5 %;4,2;0;9;0;0;5;1;2;2;Bien;Biologie;Général
COH2026-0344;19;83,9 %;48,3;2;9;9;6;5;4;4;5;Assez bien;Informatique;Général
COH2026-0345;21;85,9 %;44,1;4;8;5;2;7;2;;3;Passable;Droit;Technologique
COH2026-0346;18;66,8 %;37,2;4;10;5;0;6;2;2;2;Passable;Droit;Général
COH2026-0347;19;70,4 %;33,4;3;13;11;2;5;4;5;1;Assez bien;STAPS;Professionnel
COH2026-0348;19;68,7 %;28,1;2;8;7;2;6;1;4;1;Passable;Gestion;Général
COH2026-0349;21;71,3 %;23,9;3;10;6;0;7;4;5;5;Passable;Informatique;Général
COH2026-0350;23;90,7 %;53,5;3;9;6;2;7;2;4;2;Passable;Droit;Professionnel
COH2026-0351;19;77,4 %;25,8;2;11;8;3;6;4;2;2;Bien;Psychologie;Général
COH2026-0352;20;58,9 %;63,6;6;13;12;6;6;3;3;5;Assez bien;Mathématiques;Général
COH2026-0353;23;81,6 %;42,2;6;9;9;5;6;4;4;1;Assez bien;Psychologie;Général
COH2026-0354;21;93,7 %;42,6;0;8;7;8;5;4;3;5;Assez bien;Mathématiques;Général
COH2026-0355;18;62,8 %;9,1;6;10;7;0;7;3;5;4;Passable;Biologie;Général
COH2026-0356;19;89,8 %;24,8;4;8;8;5;6;4;4;4;Bien;Gestion;Professionnel
COH2026-0357;19;67,0 %;13,0;5;8;5;0;6;2;1;2;Passable;Gestion;Général
COH2026-0358;19;71,3 %;18,4;4;11;8;1;6;1;3;5;Assez bien;STAPS;Général
COH2026-0359;20;91,0 %;71,7;2;9;9;6;6;5;3;5;Bien;STAPS;Technologique
COH2026-0360;18;83,2 %;40,9;3;13;11;2;5;;3;3;Bien;Droit;Général
COH2026-0361;22;84,5 %;68,1;6;13;11;0;6;3;4;2;Très bien;Mathématiques;Professionnel
COH2026-0362;19;87,5 %;49,3;0;10;10;7;6;4;3;5;Très bien;Lettres;Général
COH2026-0363;18;56,5 %;14,8;5;12;9;2;6;;3;3;Assez bien;STAPS;Général
COH2026-0364;19;80,5 %;43,6;3;9;6;2;6;3;2;3;Assez bien;Mathématiques;Général
COH2026-0365;17;76,7 %;19,8;1;10;8;0;6;2;3;3;Assez bien;Mathématiques;Général
COH2026-0366;22;75,5 %;32,9;0;10;9;6;6;3;5;3;Bien;Informatique;Général
COH2026-0367;20;85,7 %;30,9;3;9;6;6;6;3;3;1;Assez bien;Mathématiques;Général
COH2026-0368;19;76,2 %;25,8;4;8;6;3;7;;3;5;;Gestion;Général
COH2026-0369;20;89,9 %;45,4;1;13;12;1;6;4;2;3;Très bien;STAPS;Général
COH2026-0370;19;64,0 %;0,3;10;13;10;1;5;1;3;1;Passable;Droit;Technologique
COH2026-0371;17;97,6 %;93,6;0;8;8;11;6;5;5;4;Passable;Gestion;Technologique
COH2026-0372;19;57,3 %;21,5;7;13;10;1;7;2;4;2;Passable;Informatique;Général
COH2026-0373;17;87,4 %;33,5;2;9;9;4;6;3;4;3;Passable;Droit;Général
COH2026-0374;18;73,1 %;52,2;5;8;5;1;7;2;3;;Passable;STAPS;Technologique
COH2026-0375;19;91,5 %;105,7;4;10;9;5;5;3;2;4;Passable;Psychologie;Général
COH2026-0376;18;75,7 %;28,6;5;9;6;0;7;3;4;2;Passable;Informatique;Professionnel
COH2026-0377;19;86,0 %;52,3;3;13;11;3;5;4;5;3;Passable;Informatique;Général
COH2026-0378;23;95,5 %;64,9;6;10;9;7;6;3;3;4;Très bien;Psychologie;Général
COH2026-0379;18;76,7 %;73,3;3;11;11;7;6;5;4;3;Très bien;Gestion;Général
COH2026-0380;20;88,6 %;18,8;3;12;10;7;6;4;4;2;Assez bien;Biologie;Professionnel
COH2026-0381;19;61,4 %;72,7;6;13;12;2;7;;1;3;Passable;Lettres;Général
COH2026-0382;20;56,5 %;48,5;5;8;6;0;6;2;3;2;;STAPS;Général
COH2026-0383;20;73,6 %;54,1;5;10;8;4;7;;;3;Passable;STAPS;Général
COH2026-0384;20;67,9 %;4,6;7;9;7;1;7;1;2;2;Passable;Gestion;Technologique
COH2026-0385;18;82,5 %;46,5;2;10;8;0;6;5;1;2;Bien;Biologie;Général
COH2026-0386;18;84,1 %;78,9;2;13;12;1;6;5;3;4;Passable;Droit;Général
COH2026-0387;22;68,9 %;35,0;7;8;7;0;6;;4;;Très bien;Gestion;Général
COH2026-0388;18;74,5 %;54,0;1;11;11;2;5;3;3;3;Passable;Gestion;Technologique
COH2026-0389;21;58,4 %;6,8;4;12;7;0;7;2;2;1;;STAPS;Général
COH2026-0390;19;65,3 %;31,7;5;10;7;1;6;3;2;2;Bien;Gestion;Général
COH2026-0391;20;92,8 %;35,2;2;9;8;1;6;4;2;3;Passable;STAPS;Général
COH2026-0392;20;84,5 %;60,1;2;9;9;4;7;4;4;3;Passable;Psychologie;Général
COH2026-0393;20;71,5 %;78,0;4;9;6;3;6;2;2;1;Passable;Psychologie;Général
COH2026-0394;19;79,4 %;52,5;3;8;7;7;7;5;3;2;Assez bien;Lettres;Général
COH2026-0395;18;63,5 %;25,8;0;11;10;0;5;3;3;2;Assez bien;Droit;Général
COH2026-0396;20;99,0 %;61,4;3;8;8;6;6;5;5;4;Passable;Gestion;Professionnel
COH2026-0397;20;62,3 %;11,6;6;13;8;0;5;1;2;4;Assez bien;Droit;Général
COH2026-0398;20;94,1 %;71,6;2;11;11;3;6;5;;2;Assez bien;Lettres;Technologique
COH2026-0399;19;80,5 %;24,4;4;11;9;3;6;3;3;3;Assez bien;Biologie;Professionnel
COH2026-0400;23;66,3 %;12,8;8;13;10;0;5;;3;3;Passable;Psychologie;Général
COH2026-0401;25;60,7 %;55,8;2;8;6;1;6;2;2;3;Bien;Gestion;Général
COH2026-0402;18;87,6 %;49,0;2;11;9;5;6;2;4;4;Passable;STAPS;Général
COH2026-0403;18;52,9 %;0,0;5;9;5;0;6;3;2;3;Passable;Mathématiques;Général
COH2026-0404;24;89,8 %;59,3;3;9;7;4;6;4;3;4;Passable;Psychologie;Général
COH2026-0405;19;98,7 %;53,9;1;11;11;6;7;5;4;3;Très bien;Droit;Général
COH2026-0406;20;87,5 %;31,1;3;10;7;6;6;3;5;5;Bien;Lettres;Technologique
COH2026-0407;18;86,0 %;21,2;2;9;8;6;5;2;3;2;Passable;Biologie;Technologique
COH2026-0408;21;61,1 %;14,9;3;13;9;2;6;4;2;3;Passable;STAPS;Professionnel
COH2026-0409;20;95,9 %;95,5;1;9;9;4;6;5;3;4;Très bien;Gestion;Général
COH2026-0410;20;75,3 %;74,6;2;9;8;11;6;5;;;Passable;Gestion;Général
COH2026-0411;20;69,7 %;20,2;6;9;7;1;5;;3;3;Assez bien;Droit;Général
COH2026-0412;19;77,4 %;48,1;3;11;7;0;7;2;4;3;Passable;Informatique;Technologique
COH2026-0413;19;70,8 %;42,3;4;12;10;3;6;3;3;4;;Psychologie;Général
COH2026-0414;19;75,1 %;59,4;2;10;8;2;6;5;3;2;Très bien;STAPS;Technologique
COH2026-0415;23;83,1 %;70,3;1;13;11;3;6;5;3;;Passable;Gestion;Général
COH2026-0416;18;63,5 %;25,8;0;11;10;0;5;3;3;2;Assez bien;Droit;Général
COH2026-0417;20;76,3 %;86,0;6;9;7;5;5;5;4;3;Assez bien;Biologie;Général
COH2026-0418;17;80,9 %;45,1;0;12;11;0;6;4;4;3;Bien;Mathématiques;Général
COH2026-0419;18;75,4 %;64,6;4;11;9;2;5;4;2;1;Assez bien;Mathématiques;Professionnel
COH2026-0420;21;84,0 %;70,1;2;13;13;7;6;5;5;3;Assez bien;Informatique;Technologique
COH2026-0421;18;75,7 %;60,2;6;10;8;0;5;4;;2;Assez bien;Lettres;Technologique
COH2026-0422;18;63,9 %;2,2;5;10;5;0;6;;1;4;Passable;Biologie;Technologique
COH2026-0423;17;72,1 %;0,3;5;8;5;0;6;1;1;1;Passable;STAPS;Professionnel
COH2026-0424;19;75,4 %;26,0;5;8;6;3;6;2;2;1;Bien;Psychologie;Général
COH2026-0425;18;92,6 %;81,0;2;8;8;7;6;3;4;3;Assez bien;Psychologie;Général
COH2026-0426;18;58,8 %;20,5;2;9;6;1;7;1;2;2;Assez bien;Biologie;Technologique
COH2026-0427;22;80,1 %;30,4;6;12;11;3;6;3;;3;Passable;Biologie;Général
COH2026-0428;20;69,5 %;75,8;5;9;7;6;7;4;4;3;Bien;Informatique;Général
COH2026-0429;18;97,5 %;51,8;2;8;7;9;6;5;;4;Assez bien;Droit;Technologique
COH2026-0430;23;66,2 %;100,1;1;11;10;3;5;4;3;;Passable;Gestion;Général
COH2026-0431;21;67,8 %;29,4;6;10;9;0;6;2;5;2;Passable;STAPS;Général
COH2026-0432;23;55,6 %;18,4;1;11;6;1;6;4;1;1;Passable;Droit;Général
COH2026-0433;18;62,0 %;27,3;3;13;9;0;5;5;3;1;Très bien;Biologie;Général
COH2026-0434;21;79,3 %;14,3;6;8;6;1;7;3;1;1;Passable;Psychologie;Technologique
COH2026-0435;23;85,7 %;58,4;1;13;12;4;6;2;2;3;Passable;Informatique;Général
COH2026-0436;21;62,1 %;13,1;5;8;5;0;6;1;4;1;Assez bien;Psychologie;Général
COH2026-0437;21;82,2 %;7,0;3;9;8;0;6;3;4;2;Très bien;Psychologie;Technologique
COH2026-0438;18;83,2 %;43,2;6;9;8;0;7;3;5;3;Bien;Droit;Technologique
COH2026-0439;19;80,0 %;43,8;1;9;8;3;7;4;4;5;Bien;Informatique;Technologique
COH2026-0440;19;95,3 %;38,3;1;11;11;9;6;5;5;5;Bien;Droit;Technologique
COH2026-0441;18;80,7 %;83,2;8;11;8;3;5;4;4;1;Passable;Informatique;Technologique
COH2026-0442;18;70,1 %;25,9;5;13;8;0;5;2;;2;Assez bien;Biologie;Général
COH2026-0443;21;86,7 %;39,7;0;9;9;1;5;3;5;4;;Psychologie;Général
COH2026-0444;18;64,4 %;33,3;7;10;7;0;7;1;3;4;Passable;Mathématiques;Technologique
COH2026-0445;19;86,2 %;18,5;2;12;10;5;5;3;5;3;Assez bien;STAPS;Général
COH2026-0446;17;89,9 %;55,2;0;9;9;3;7;5;4;3;Passable;Informatique;Professionnel
COH2026-0447;20;70,8 %;11,3;4;12;9;0;7;2;3;5;Très bien;STAPS;Général
COH2026-0448;21;88,3 %;54,2;4;9;7;5;5;5;4;3;Assez bien;Gestion;Technologique
COH2026-0449;19;46,3 %;0,0;6;12;6;0;6;1;1;1;Assez bien;Gestion;Général
COH2026-0450;20;85,0 %;36,1;4;8;6;3;6;4;3;4;;STAPS;Technologique
COH2026-0451;19;67,0 %;35,1;6;8;6;1;6;2;1;2;Passable;Mathématiques;Professionnel
COH2026-0452;19;74,0 %;85,2;4;8;7;3;6;3;2;3;Passable;Informatique;Technologique
COH2026-0453;18;57,7 %;11,5;7;13;7;0;7;1;1;1;Passable;Gestion;Professionnel
COH2026-0454;22;85,1 %;26,8;7;13;13;2;6;;4;3;Assez bien;Biologie;Général
COH2026-0455;19;93,2 %;48,2;3;13;13;4;6;5;;4;Passable;Lettres;Général
COH2026-0456;19;80,1 %;16,3;7;10;7;0;6;1;3;1;Assez bien;Biologie;Professionnel
COH2026-0457;17;81,4 %;29,0;6;11;9;2;7;3;3;4;Passable;Lettres;Professionnel
COH2026-0458;22;60,9 %;9,2;5;8;5;0;5;1;3;;Passable;Biologie;Technologique
COH2026-0459;19;80,5 %;32,7;4;12;11;4;5;5;4;2;Bien;Gestion;Général
COH2026-0460;18;97,1 %;71,2;5;8;8;2;6;4;5;2;Bien;Biologie;Technologique
COH2026-0461;19;74,6 %;44,4;7;13;9;1;6;;4;4;Bien;Lettres;Professionnel
COH2026-0462;21;79,3 %;91,3;0;9;7;4;7;5;4;5;Bien;Biologie;Général
COH2026-0463;18;64,4 %;19,1;6;9;6;0;7;1;3;2;Passable;STAPS;Professionnel
COH2026-0464;22;77,9 %;47,4;1;12;12;3;7;5;3;;Assez bien;Gestion;Général
COH2026-0465;17;52,4 %;29,1;4;12;9;0;6;2;;4;Bien;Droit;Général
COH2026-0466;19;72,0 %;26,7;3;8;5;1;6;5;3;5;Passable;Mathématiques;Général
COH2026-0467;21;80,0 %;25,0;4;13;10;2;6;;2;1;Passable;Biologie;Général
COH2026-0468;21;85,6 %;20,9;3;9;6;2;7;2;3;;Passable;Mathématiques;Technologique
COH2026-0469;23;66,3 %;12,8;8;13;10;0;5;;3;3;Passable;Psychologie;Général
COH2026-0470;20;93,6 %;42,1;3;8;6;2;6;2;1;2;Passable;Mathématiques;Général
COH2026-0471;20;94,1 %;71,6;2;11;11;3;6;5;;2;Assez bien;Lettres;Technologique
COH2026-0472;21;95,0 %;48,9;3;10;10;6;5;3;3;2;Assez bien;Psychologie;Général
COH2026-0473;19;84,5 %;43,2;3;9;7;0;5;3;5;1;Assez bien;Droit;Général
COH2026-0474;21;66,1 %;7,4;4;13;11;1;7;4;;2;Passable;Droit;Technologique
COH2026-0475;17;68,9 %;82,0;4;8;8;1;6;3;4;5;Passable;Psychologie;Général
COH2026-0476;22;83,6 %;105,9;2;13;10;4;6;4;3;3;Assez bien;Informatique;Professionnel
COH2026-0477;20;89,4 %;48,9;5;8;8;2;5;3;5;4;Bien;Droit;Technologique
COH2026-0478;23;53,9 %;26,7;6;11;7;0;6;1;1;5;Passable;Psychologie;Général
COH2026-0479;25;80,9 %;44,5;5;8;5;4;5;2;4;2;Passable;Biologie;Général
COH2026-0480;23;90,0 %;47,6;1;9;8;11;7;4;3;3;Assez bien;Psychologie;Général
COH2026-0481;17;96,0 %;79,8;0;8;8;11;6;5;4;4;Passable;Informatique;Général
COH2026-0482;27;87,4 %;27,1;5;9;7;4;6;3;3;1;Bien;Informatique;Général
COH2026-0483;18;82,3 %;70,1;5;9;7;2;5;4;5;2;Bien;Gestion;Général
COH2026-0484;21;62,5 %;8,3;5;12;6;0;5;2;2;1;Très bien;Droit;Général
COH2026-0485;23;65,1 %;2,3;5;11;5;0;5;1;3;2;;Droit;Professionnel
COH2026-0486;19;73,8 %;18,8;5;8;5;0;7;2;1;1;Passable;Psychologie;Général
COH2026-0487;21;83,0 %;52,9;2;9;8;4;5;4;;1;Très bien;Informatique;Général
COH2026-0488;25;84,9 %;95,4;5;9;9;4;6;4;3;4;;Droit;Technologique
COH2026-0489;20;84,7 %;55,2;5;13;11;7;6;5;5;3;Passable;Lettres;Technologique
COH2026-0490;19;99,1 %;97,8;0;12;12;10;6;5;4;5;Bien;Psychologie;Général
COH2026-0491;17;75,7 %;25,9;2;10;10;2;6;5;4;2;Assez bien;Informatique;Professionnel
COH2026-0492;22;76,5 %;22,6;4;9;7;3;6;4;2;;Assez bien;Informatique;Général
COH2026-0493;19;89,7 %;43,6;4;10;8;7;6;5;3;3;Passable;Psychologie;Technologique
COH2026-0494;25;80,5 %;15,6;4;8;5;4;6;3;4;3;Assez bien;Gestion;Général
COH2026-0495;21;54,1 %;11,9;4;8;4;0;6;2;2;1;Assez bien;Biologie;Général
COH2026-0496;21;67,4 %;7,0;5;9;7;1;6;4;3;1;Bien;Psychologie;Général
COH2026-0497;21;66,7 %;32,1;6;8;6;1;7;2;2;3;Bien;Mathématiques;Général
COH2026-0498;23;71,6 %;26,4;1;11;11;5;6;3;3;3;Bien;Mathématiques;Général
COH2026-0499;21;91,6 %;38,1;5;10;10;4;5;3;5;3;Passable;STAPS;Technologique
COH2026-0500;20;88,1 %;75,6;1;8;8;6;6;5;5;5;Assez bien;Psychologie;Général
COH2026-0501;23;56,5 %;21,7;7;12;8;1;6;2;4;1;Passable;Gestion;Technologique
COH2026-0502;20;67,8 %;35,0;5;10;7;2;5;1;3;2;;Droit;Technologique
COH2026-0503;21;61,1 %;14,9;3;13;9;2;6;4;2;3;Passable;STAPS;Professionnel
COH2026-0504;20;72,6 %;12,5;4;12;11;4;7;3;;2;Bien;Informatique;Général
COH2026-0505;21;87,6 %;21,1;4;13;11;6;7;4;5;;Assez bien;Biologie;Général
COH2026-0506;18;81,8 %;42,5;3;12;8;4;6;3;4;3;Bien;Lettres;Général
COH2026-0507;20;59,4 %;17,7;7;9;7;2;6;1;2;2;Passable;Gestion;Général
COH2026-0508;21;76,4 %;77,9;3;10;9;8;5;4;2;4;Passable;Gestion;Général
COH2026-0509;20;55,8 %;41,8;7;12;7;0;6;3;2;1;Passable;Droit;Technologique
COH2026-0510;18;93,3 %;70,7;0;10;9;4;5;5;4;;Bien;Lettres;Général
COH2026-0511;18;90,2 %;54,1;3;9;9;5;6;2;;4;Assez bien;STAPS;Général
COH2026-0512;18;59,6 %;4,3;5;11;5;0;5;1;1;;Passable;Lettres;Technologique
COH2026-0513;22;74,1 %;62,1;4;9;8;4;6;3;3;3;Passable;Psychologie;Général
COH2026-0514;23;78,5 %;29,4;3;8;7;7;7;4;3;3;Passable;Psychologie;Technologique
COH2026-0515;19;96,0 %;85,1;0;9;9;12;6;5;5;5;Assez bien;Informatique;Général
COH2026-0516;24;71,5 %;63,6;2;10;8;3;6;3;2;5;Bien;Psychologie;Général
COH2026-0517;21;81,8 %;64,6;7;8;7;10;5;;;2;Passable;Biologie;Professionnel
COH2026-0518;17;52,4 %;29,1;4;12;9;0;6;2;;4;Bien;Droit;Général
COH2026-0519;19;77,9 %;49,9;3;9;8;5;5;3;4;4;Passable;Droit;Technologique
COH2026-0520;17;56,1 %;6,2;7;11;7;0;6;1;2;3;Assez bien;Psychologie;Général
COH2026-0521;20;58,0 %;37,6;7;10;7;1;6;4;4;;Passable;STAPS;Professionnel
COH2026-0522;19;89,3 %;54,5;0;8;8;10;7;5;3;5;Assez bien;STAPS;Général
COH2026-0523;21;71,0 %;22,5;8;11;8;1;5;1;1;1;Bien;Droit;Général
COH2026-0524;18;68,6 %;43,0;4;11;9;3;6;3;4;2;Assez bien;STAPS;Général
COH2026-0525;22;72,6 %;27,9;4;13;10;1;7;3;2;3;Passable;Gestion;Technologique
COH2026-0526;20;64,7 %;18,8;6;11;8;0;5;3;2;2;Passable;Gestion;Général
COH2026-0527;17;75,0 %;42,8;3;10;9;2;6;3;4;;Passable;Informatique;Technologique
COH2026-0528;18;77,2 %;35,2;2;12;8;2;6;3;4;3;Passable;STAPS;Général
COH2026-0529;21;86,9 %;39,5;8;12;9;1;6;3;2;2;Assez bien;STAPS;Général
COH2026-0530;24;85,6 %;28,7;2;12;9;3;6;;5;2;Passable;STAPS;Général
COH2026-0531;20;58,9 %;63,6;6;13;12;6;6;3;3;5;Assez bien;Mathématiques;Général
COH2026-0532;21;54,8 %;10,0;4;13;10;0;7;;2;2;Assez bien;Informatique;Général
COH2026-0533;19;59,7 %;12,7;5;12;8;1;6;1;5;;Passable;Informatique;Technologique
COH2026-0534;18;64,4 %;29,8;7;11;8;2;6;4;4;1;Bien;Lettres;Général
COH2026-0535;18;62,0 %;33,0;2;8;5;5;6;3;3;1;Assez bien;Informatique;Général
COH2026-0536;20;97,1 %;135,6;1;10;10;2;6;5;5;5;Assez bien;Lettres;Général
COH2026-0537;18;63,7 %;40,3;8;13;8;0;6;1;3;1;Assez bien;STAPS;Technologique
COH2026-0538;18;84,2 %;8,7;4;10;7;1;7;3;3;3;Assez bien;Psychologie;Général
COH2026-0539;18;77,0 %;61,5;4;8;5;2;6;5;4;4;Assez bien;STAPS;Général
COH2026-0540;21;89,6 %;47,4;2;8;6;3;6;3;3;3;Passable;Informatique;Professionnel
COH2026-0541;20;85,6 %;27,7;2;11;8;0;5;3;4;1;Passable;Psychologie;Général
COH2026-0542;19;62,4 %;68,0;4;11;10;6;6;4;5;4;Assez bien;Biologie;Général
COH2026-0543;19;72,2 %;28,3;6;13;8;2;7;4;5;1;Très bien;Informatique;Technologique
COH2026-0544;19;87,3 %;56,0;5;9;8;5;6;;4;4;Assez bien;Informatique;Général
COH2026-0545;22;78,4 %;27,5;3;13;11;2;5;2;4;3;Très bien;Gestion;Général
COH2026-0546;19;88,4 %;40,5;1;12;11;10;6;5;;5;Passable;Biologie;Technologique
COH2026-0547;18;79,2 %;34,5;1;8;7;3;7;3;4;2;Passable;Mathématiques;Professionnel
COH2026-0548;18;71,0 %;0,6;6;13;6;0;6;1;2;1;Bien;Biologie;Général
COH2026-0549;19;68,0 %;21,9;7;12;7;0;7;1;3;2;Passable;STAPS;Général
COH2026-0550;19;67,5 %;32,6;2;11;9;1;5;3;2;3;Assez bien;Psychologie;Général
COH2026-0551;19;75,4 %;4,8;7;11;7;1;7;1;3;4;Passable;Biologie;Général
COH2026-0552;20;81,6 %;50,2;3;13;12;1;6;4;2;2;Bien;Mathématiques;Général
COH2026-0553;20;99,2 %;57,6;0;13;13;9;7;5;5;3;Passable;Gestion;Général
COH2026-0554;19;88,1 %;38,7;2;11;10;3;6;2;4;3;Passable;Lettres;Technologique
COH2026-0555;18;85,5 %;57,5;4;10;7;1;6;1;3;2;Bien;STAPS;Technologique
COH2026-0556;17;87,5 %;44,1;3;11;9;3;5;4;;4;Passable;STAPS;Général
COH2026-0557;23;96,0 %;34,4;3;12;12;5;5;5;4;4;Assez bien;Lettres;Général
COH2026-0558;19;98,1 %;82,9;1;9;9;7;7;5;5;5;Passable;Gestion;Général
COH2026-0559;20;64,5 %;31,2;8;12;9;0;5;3;2;3;Très bien;Gestion;Général
COH2026-0560;21;96,6 %;68,2;0;12;12;10;5;5;5;4;;STAPS;Général
COH2026-0561;19;84,3 %;45,1;7;9;8;2;6;2;3;3;Bien;Gestion;Général
COH2026-0562;19;71,3 %;18,4;4;11;8;1;6;1;3;5;Assez bien;STAPS;Général
COH2026-0563;17;47,6 %;0,0;2;8;2;0;5;1;1;1;Assez bien;Gestion;Général
COH2026-0564;18;71,1 %;35,1;1;12;9;3;7;3;5;3;Passable;Biologie;Général
COH2026-0565;21;74,8 %;41,9;5;8;5;0;5;3;4;3;Très bien;Biologie;Général
COH2026-0566;18;78,8 %;29,7;6;12;10;7;5;5;4;3;Passable;Psychologie;Général
COH2026-0567;18;57,5 %;38,4;6;9;8;4;7;5;4;3;Assez bien;Psychologie;Général
COH2026-0568;19;90,1 %;13,7;5;13;11;1;6;4;4;1;;Informatique;Technologique
COH2026-0569;23;81,6 %;42,2;6;9;9;5;6;4;4;1;Assez bien;Psychologie;Général
COH2026-0570;19;61,4 %;72,7;6;13;12;2;7;;1;3;Passable;Lettres;Général
COH2026-0571;20;96,9 %;63,8;1;12;11;4;6;5;5;3;Passable;Informatique;Général
COH2026-0572;17;67,8 %;33,9;2;13;11;2;6;5;2;5;Passable;Lettres;Général
COH2026-0573;18;70,0 %;68,8;5;8;7;7;5;4;3;5;Assez bien;Gestion;Technologique
COH2026-0574;20;85,3 %;53,4;4;11;10;3;5;3;3;4;Passable;Lettres;Technologique
COH2026-0575;19;76,3 %;62,2;8;12;8;4;6;4;5;1;Bien;Droit;Général
COH2026-0576;23;96,3 %;45,8;1;11;11;6;6;4;4;3;Assez bien;Gestion;Général
COH2026-0577;19;91,3 %;40,8;4;9;8;4;5;3;4;1;Bien;Gestion;Général
COH2026-0578;20;83,5 %;96,8;2;13;13;4;5;4;4;2;Assez bien;Droit;Général
COH2026-0579;20;70,6 %;30,4;7;12;10;1;5;3;3;2;Assez bien;Psychologie;Général
COH2026-0580;18;78,1 %;26,3;4;11;7;2;6;3;2;3;Passable;Lettres;Général
COH2026-0581;17;79,1 %;106,5;1;9;8;3;6;3;4;;Passable;Informatique;Général
COH2026-0582;21;70,7 %;35,8;2;8;6;1;6;3;5;;Assez bien;Biologie;Technologique
COH2026-0583;19;68,8 %;31,6;5;9;5;0;5;3;2;2;Assez bien;Gestion;Général
COH2026-0584;24;76,8 %;24,1;2;9;7;1;5;2;3;5;Passable;Gestion;Général
COH2026-0585;25;77,7 %;7,5;4;9;4;0;6;1;2;;Assez bien;Informatique;Technologique
COH2026-0586;18;96,9 %;60,5;2;10;10;9;6;5;5;5;;Droit;Technologique
COH2026-0587;24;75,4 %;81,0;0;12;12;8;5;4;3;4;Très bien;Droit;Technologique
COH2026-0588;19;78,7 %;77,2;2;10;9;2;6;3;4;3;Bien;Gestion;Général
COH2026-0589;20;83,7 %;18,4;3;10;8;2;7;4;4;2;Très bien;Psychologie;Général
COH2026-0590;19;54,3 %;28,2;6;12;6;0;6;1;1;2;Assez bien;Droit;Technologique
COH2026-0591;20;67,2 %;44,7;6;12;10;0;5;;;2;Assez bien;Droit;Général
COH2026-0592;21;69,0 %;21,0;4;13;10;0;5;2;3;5;Passable;STAPS;Général
COH2026-0593;20;82,2 %;41,2;2;12;12;12;7;5;2;2;Bien;Gestion;Technologique
COH2026-0594;21;50,8 %;35,5;1;10;6;1;6;2;2;2;Assez bien;Gestion;Général
COH2026-0595;18;94,7 %;73,6;8;12;8;2;6;3;5;2;;Biologie;Général
COH2026-0596;20;64,2 %;29,1;7;8;7;2;7;3;5;2;Assez bien;Biologie;Général
COH2026-0597;20;78,5 %;56,5;2;8;8;4;6;2;5;3;Passable;Lettres;Général
COH2026-0598;20;89,2 %;38,2;2;13;13;1;5;5;3;4;;Gestion;Général
COH2026-0599;19;97,0 %;74,5;0;10;10;6;5;5;5;4;Assez bien;Biologie;Général
COH2026-0600;18;85,6 %;101,1;2;12;11;4;6;4;3;5;Passable;Lettres;Général
COH2026-0601;21;98,3 %;69,9;0;11;11;9;7;5;5;4;Passable;Gestion;Général
COH2026-0602;21;65,6 %;24,7;5;11;8;0;7;2;3;2;Passable;Psychologie;Technologique
COH2026-0603;21;68,1 %;19,0;2;8;7;1;5;2;4;5;Passable;Informatique;Technologique
COH2026-0604;23;77,8 %;30,4;5;13;10;0;5;4;4;3;Passable;Biologie;Général
COH2026-0605;21;74,3 %;42,7;6;13;10;0;7;2;4;2;Bien;Informatique;Technologique
COH2026-0606;19;62,2 %;28,5;3;10;9;2;5;4;3;3;Assez bien;Psychologie;Général
COH2026-0607;20;78,4 %;47,8;1;10;10;2;5;5;3;4;Très bien;Gestion;Technologique
COH2026-0608;18;85,7 %;61,9;5;8;7;5;6;4;3;3;Assez bien;Lettres;Général
COH2026-0609;17;76,3 %;45,6;3;8;8;5;7;5;4;4;;Gestion;Général
COH2026-0610;18;71,1 %;35,1;1;12;9;3;7;3;5;3;Passable;Biologie;Général
COH2026-0611;19;80,7 %;43,7;4;9;9;6;5;5;4;4;Passable;Lettres;Professionnel
COH2026-0612;21;71,1 %;13,0;2;11;7;3;5;5;5;3;Passable;Droit;Général
COH2026-0613;21;60,0 %;44,7;5;11;11;2;5;4;1;;;Gestion;Général
COH2026-0614;18;89,4 %;82,8;3;9;9;4;5;3;4;4;Passable;Psychologie;Professionnel
COH2026-0615;19;77,6 %;12,6;6;10;6;0;5;1;2;2;Assez bien;Droit;Technologique
COH2026-0616;22;75,5 %;34,0;5;13;9;2;6;3;3;4;Assez bien;STAPS;Général
COH2026-0617;17;97,9 %;57,3;0;12;11;11;6;5;5;3;Assez bien;Mathématiques;Général
COH2026-0618;18;89,0 %;107,6;1;10;10;6;6;4;5;3;Assez bien;Psychologie;Général
COH2026-0619;19;73,4 %;35,6;5;10;9;1;6;3;4;2;Assez bien;Mathématiques;Professionnel
COH2026-0620;19;79,2 %;51,4;4;13;10;3;7;3;5;2;Assez bien;Biologie;Général
COH2026-0621;18;94,2 %;63,9;8;12;11;7;6;5;3;2;Assez bien;Informatique;Technologique
COH2026-0622;19;87,9 %;47,5;0;10;8;2;5;3;3;3;Très bien;Psychologie;Professionnel
COH2026-0623;20;92,9 %;59,3;4;11;11;2;5;4;3;5;Passable;STAPS;Général
COH2026-0624;18;73,1 %;22,8;2;8;6;4;5;4;4;1;Bien;Informatique;Général
COH2026-0625;22;80,3 %;40,4;1;12;8;1;5;2;3;1;Passable;Droit;Général
COH2026-0626;19;81,2 %;49,7;2;13;13;6;6;5;3;3;Bien;Informatique;Général
COH2026-0627;21;71,6 %;23,5;5;13;10;4;5;3;;3;Assez bien;Psychologie;Général
COH2026-0628;21;79,3 %;66,7;5;11;8;5;7;5;;3;Passable;Biologie;Général
COH2026-0629;18;77,6 %;41,9;1;13;12;2;7;4;;4;Assez bien;Biologie;Général
COH2026-0630;20;78,0 %;28,7;6;8;6;6;7;3;5;2;Bien;Droit;Professionnel
COH2026-0631;18;86,6 %;31,7;2;11;10;2;5;3;4;2;Bien;Mathématiques;Général
COH2026-0632;19;69,7 %;1,4;3;11;6;0;5;2;3;1;Assez bien;Informatique;Général
COH2026-0633;20;78,2 %;26,0;6;9;8;0;7;4;1;;Bien;Mathématiques;Général
COH2026-0634;18;71,4 %;18,9;4;12;11;3;5;4;3;3;Assez bien;Informatique;Général
COH2026-0635;21;76,4 %;77,9;3;10;9;8;5;4;2;4;Passable;Gestion;Général
COH2026-0636;25;78,8 %;35,6;5;9;7;2;5;3;4;3;Assez bien;Gestion;Technologique
COH2026-0637;18;95,0 %;74,3;2;10;9;3;7;3;5;5;;STAPS;Général
COH2026-0638;19;89,2 %;42,6;3;10;8;2;5;3;4;5;Très bien;Informatique;Général
COH2026-0639;21;71,1 %;13,0;2;11;7;3;5;5;5;3;Passable;Droit;Général
COH2026-0640;21;70,8 %;84,6;4;13;11;1;6;3;3;3;Bien;Droit;Général
COH2026-0641;22;85,1 %;57,7;2;8;7;5;7;4;4;5;Bien;Lettres;Général
COH2026-0642;19;88,4 %;40,5;1;12;11;10;6;5;;5;Passable;Biologie;Technologique
COH2026-0643;20;77,2 %;41,4;3;9;9;4;5;3;3;3;Passable;Psychologie;Général
COH2026-0644;21;81,1 %;67,5;6;11;7;6;5;2;3;3;Très bien;Informatique;Général
COH2026-0645;17;78,5 %;48,2;4;8;6;6;7;;4;3;Passable;Psychologie;Général
COH2026-0646;19;43,9 %;37,6;3;8;3;0;7;3;3;2;Assez bien;Psychologie;Général
COH2026-0647;20;49,5 %;21,1;7;12;7;0;6;1;4;2;Bien;Biologie;Général
COH2026-0648;19;50,4 %;31,2;7;12;9;0;5;3;1;3;Assez bien;Informatique;Général
COH2026-0649;19;69,2 %;35,4;5;13;13;2;6;5;3;3;Bien;Biologie;Technologique
COH2026-0650;18;64,3 %;62,0;5;11;8;1;5;3;3;2;Passable;Droit;Technologique
COH2026-0651;20;75,3 %;19,7;5;9;7;5;5;3;3;;Passable;Biologie;Général
COH2026-0652;20;85,2 %;34,6;2;9;6;0;6;3;3;4;Passable;Psychologie;Professionnel
COH2026-0653;18;99,6 %;66,4;3;8;7;4;6;4;5;5;Passable;Gestion;Général
COH2026-0654;22;68,4 %;18,0;8;13;8;0;6;2;1;1;Passable;Psychologie;Général
COH2026-0655;24;50,6 %;39,2;3;8;6;0;5;2;4;2;Passable;Biologie;Général
COH2026-0656;23;68,4 %;17,1;5;12;7;0;5;1;2;1;Passable;Informatique;Général
COH2026-0657;20;77,5 %;52,3;5;11;10;0;5;5;3;3;Passable;Biologie;Technologique
COH2026-0658;22;61,6 %;9,9;6;9;7;1;7;2;2;1;;Informatique;Technologique
COH2026-0659;18;75,8 %;18,1;6;10;10;2;6;3;3;2;Bien;STAPS;Général
COH2026-0660;23;96,0 %;34,4;3;12;12;5;5;5;4;4;Assez bien;Lettres;Général
COH2026-0661;22;69,4 %;33,5;7;12;7;1;6;;4;3;Très bien;Droit;Général
COH2026-0662;19;79,5 %;50,8;4;12;10;2;6;2;2;4;Passable;Gestion;Général
COH2026-0663;24;99,6 %;46,2;3;8;8;7;6;5;3;5;Assez bien;Gestion;Professionnel
COH2026-0664;19;83,9 %;48,3;2;9;9;6;5;4;4;5;Assez bien;Informatique;Général
COH2026-0665;20;96,6 %;71,0;3;8;6;7;5;3;4;3;Assez bien;STAPS;Général
COH2026-0666;18;69,6 %;47,5;2;13;11;1;5;3;3;3;Assez bien;Gestion;Général
COH2026-0667;18;76,7 %;73,3;3;11;11;7;6;5;4;3;Très bien;Gestion;Général
COH2026-0668;21;72,2 %;17,8;2;9;9;2;7;4;3;4;Passable;Mathématiques;Technologique
COH2026-0669;17;77,4 %;4,6;9;13;9;0;6;2;3;2;Bien;Mathématiques;Général
COH2026-0670;21;98,9 %;60,1;2;12;11;3;5;5;5;4;Passable;Gestion;Technologique
COH2026-0671;20;64,2 %;11,1;5;10;7;0;6;1;4;3;Passable;Gestion;Général
COH2026-0672;18;66,4 %;40,5;4;9;6;1;7;3;2;2;Bien;Psychologie;Professionnel
COH2026-0673;18;61,6 %;19,6;6;8;6;1;7;1;1;1;Assez bien;Droit;Professionnel
COH2026-0674;20;90,2 %;47,0;3;12;10;6;6;4;4;5;Passable;Gestion;Technologique
COH2026-0675;20;80,7 %;34,5;3;13;10;1;6;3;4;1;Passable;STAPS;Général
COH2026-0676;19;99,4 %;140,4;0;9;9;5;6;;4;3;Assez bien;Droit;Général
COH2026-0677;20;57,7 %;24,2;1;11;9;1;6;;2;2;Très bien;STAPS;Technologique
COH2026-0678;21;62,2 %;54,7;5;8;6;1;6;1;4;;Assez bien;Lettres;Général
COH2026-0679;19;87,4 %;31,8;6;11;8;2;7;3;4;3;Passable;Psychologie;Général
COH2026-0680;19;72,6 %;31,7;6;11;8;2;6;2;2;2;Bien;Droit;Technologique
COH2026-0681;17;73,0 %;23,6;5;13;13;7;6;;3;4;Bien;Lettres;Général
COH2026-0682;23;96,9 %;26,0;0;10;10;8;6;5;4;5;Bien;Informatique;Général
COH2026-0683;24;75,8 %;39,9;1;10;9;2;6;3;;3;Très bien;Droit;Général
COH2026-0684;24;89,5 %;3,3;5;8;5;0;5;3;4;1;Assez bien;Mathématiques;Général
COH2026-0685;20;65,3 %;16,4;6;12;7;0;6;3;2;1;Assez bien;Gestion;Général
COH2026-0686;19;88,0 %;19,5;4;12;10;4;5;4;1;2;Passable;Gestion;Technologique
COH2026-0687;21;82,6 %;84,6;4;10;9;5;7;5;4;3;Passable;STAPS;Général
COH2026-0688;22;87,6 %;98,6;1;13;13;7;5;5;4;4;Passable;Gestion;Général
COH2026-0689;20;81,5 %;38,7;3;10;9;8;6;3;3;4;Passable;Informatique;Général
COH2026-0690;20;87,2 %;52,7;2;8;7;4;7;3;4;4;Assez bien;Mathématiques;Technologique
COH2026-0691;20;71,3 %;26,9;5;10;5;4;5;3;3;1;Assez bien;Droit;Général
COH2026-0692;18;87,9 %;79,7;3;13;11;8;7;4;4;5;Passable;Psychologie;Technologique
COH2026-0693;20;72,3 %;31,3;4;13;9;0;6;1;3;3;Passable;Psychologie;Général
COH2026-0694;18;88,4 %;47,8;4;8;8;4;6;3;2;4;Assez bien;Lettres;Général
COH2026-0695;19;99,4 %;57,8;1;10;10;11;6;4;5;4;Passable;Lettres;Technologique
COH2026-0696;19;72,1 %;22,4;4;8;5;2;7;4;5;;Assez bien;Gestion;Général
COH2026-0697;18;48,3 %;6,2;9;12;10;0;6;4;4;1;Passable;Droit;Général
COH2026-0698;19;67,3 %;25,8;3;11;6;1;5;2;1;1;Passable;Droit;Général
COH2026-0699;21;80,6 %;39,9;6;12;8;0;6;4;3;1;Bien;Mathématiques;Général
COH2026-0700;20;82,0 %;37,0;2;13;12;1;6;2;3;3;Passable;Mathématiques;Général
COH2026-0701;17;75,7 %;37,6;2;9;7;1;6;3;4;3;Passable;Informatique;Général
COH2026-0702;22;75,7 %;60,0;5;13;11;3;6;3;5;3;Passable;Gestion;Général
COH2026-0703;20;89,6 %;85,2;1;10;10;1;7;5;;4;Très bien;Biologie;Technologique
COH2026-0704;19;81,9 %;32,9;3;11;6;3;6;3;;3;Très bien;STAPS;Général
COH2026-0705;20;84,2 %;38,7;7;13;12;1;5;2;2;2;Passable;Informatique;Technologique
COH2026-0706;21;78,9 %;3,5;5;8;5;0;5;2;3;2;Très bien;STAPS;Général
COH2026-0707;19;74,2 %;46,4;8;12;10;1;6;3;3;2;Assez bien;Gestion;Général
COH2026-0708;20;60,3 %;11,5;7;9;7;0;5;4;4;2;Passable;Informatique;Général
COH2026-0709;18;74,8 %;34,4;1;8;7;3;7;4;3;5;Passable;Droit;Général
COH2026-0710;25;70,7 %;64,4;4;13;10;0;5;;3;2;Bien;Mathématiques;Général
COH2026-0711;19;71,5 %;6,7;6;10;6;0;6;2;4;2;Passable;Droit;Général
COH2026-0712;19;70,1 %;17,4;6;13;10;0;7;2;1;2;Passable;STAPS;Général
COH2026-0713;21;57,9 %;14,6;5;8;5;0;7;1;2;2;;Mathématiques;Professionnel
COH2026-0714;18;79,3 %;32,4;2;8;6;1;6;4;3;2;Assez bien;Psychologie;Technologique
COH2026-0715;22;97,2 %;80,4;4;13;13;7;6;3;3;3;Passable;Psychologie;Général
COH2026-0716;20;88,9 %;75,3;1;13;11;2;6;4;4;4;Bien;Gestion;Général
COH2026-0717;20;75,9 %;31,4;4;8;8;5;7;;5;4;Assez bien;STAPS;Général
COH2026-0718;21;81,5 %;31,9;2;12;11;4;7;4;3;4;Assez bien;Mathématiques;Technologique
COH2026-0719;20;71,1 %;60,3;8;9;9;2;5;4;2;2;Passable;STAPS;Technologique
COH2026-0720;20;81,0 %;18,2;5;12;11;4;5;4;;;Bien;Mathématiques;Professionnel
COH2026-0721;17;65,6 %;21,6;6;12;7;0;7;1;2;;Passable;Biologie;Professionnel
COH2026-0722;17;73,9 %;54,6;4;8;7;3;7;2;1;3;Passable;Psychologie;Technologique
COH2026-0723;19;61,4 %;30,8;6;10;7;0;5;4;2;4;Passable;Droit;Général
COH2026-0724;19;47,8 %;0,0;3;10;3;0;5;2;1;1;Très bien;STAPS;Général
COH2026-0725;17;71,9 %;17,5;8;12;8;0;5;3;4;2;Passable;Psychologie;Général
COH2026-0726;19;99,7 %;54,9;0;10;9;5;5;3;5;2;Passable;Psychologie;Professionnel
COH2026-0727;18;75,4 %;35,6;4;11;8;7;6;4;4;1;Très bien;Gestion;Technologique
COH2026-0728;20;93,5 %;31,2;3;9;8;2;7;2;5;3;Bien;Gestion;Technologique
COH2026-0729;19;73,6 %;42,4;4;10;9;2;6;2;4;4;Passable;Gestion;Général
COH2026-0730;21;63,9 %;10,0;6;10;6;0;5;3;2;1;Bien;Informatique;Général
COH2026-0731;24;80,8 %;95,2;3;8;7;7;6;5;4;2;Passable;Informatique;Général
COH2026-0732;17;80,6 %;79,1;8;10;9;8;7;3;3;2;Assez bien;Biologie;Général
COH2026-0733;19;79,5 %;52,9;2;9;9;5;6;3;2;3;Bien;Mathématiques;Général
COH2026-0734;19;70,4 %;29,7;4;11;10;1;7;5;3;3;Assez bien;Informatique;Général
COH2026-0735;25;78,8 %;34,8;2;10;8;4;7;2;5;2;Bien;Gestion;Général
COH2026-0736;21;81,2 %;37,3;5;10;6;2;6;3;;2;Très bien;Mathématiques;Professionnel
COH2026-0737;21;56,1 %;36,4;5;8;6;0;6;2;1;3;Très bien;Psychologie;Professionnel
COH2026-0738;20;95,2 %;57,9;1;8;8;6;6;5;4;5;Passable;Gestion;Technologique
COH2026-0739;18;79,9 %;16,5;6;9;6;1;5;3;4;2;Assez bien;Informatique;Général
COH2026-0740;18;61,2 %;0,4;8;12;8;0;6;2;1;1;Très bien;Informatique;Général
COH2026-0741;19;78,4 %;36,8;7;11;8;2;5;4;4;;Très bien;Informatique;Général
COH2026-0742;20;71,3 %;26,9;5;10;5;4;5;3;3;1;Assez bien;Droit;Général
COH2026-0743;24;74,4 %;34,9;0;9;7;4;6;3;;3;Assez bien;Mathématiques;Professionnel
COH2026-0744;18;74,9 %;36,5;4;12;9;0;6;2;2;2;Passable;Informatique;Général
COH2026-0745;18;96,0 %;30,5;4;11;9;4;7;3;3;4;Passable;STAPS;Technologique
COH2026-0746;20;71,8 %;55,3;4;11;8;1;6;2;3;1;Passable;Lettres;Général
COH2026-0747;19;80,5 %;18,4;6;9;8;2;7;3;3;3;Bien;Gestion;Général
COH2026-0748;24;89,6 %;56,0;2;10;8;1;5;;4;3;Passable;Informatique;Général
COH2026-0749;21;85,1 %;35,9;5;11;11;2;6;3;5;4;Passable;Informatique;Général
COH2026-0750;20;99,4 %;77,8;3;8;8;7;6;4;3;;Assez bien;Gestion;Général
COH2026-0751;19;92,8 %;66,5;3;12;10;5;6;2;3;4;Passable;Gestion;Technologique
COH2026-0752;19;87,6 %;20,7;5;8;8;7;7;4;2;1;Assez bien;Informatique;Général
COH2026-0753;22;45,9 %;18,1;6;8;6;0;5;1;2;1;Assez bien;STAPS;Technologique
COH2026-0754;19;94,0 %;107,2;1;10;8;6;6;4;4;2;;Droit;Général
COH2026-0755;21;50,2 %;29,6;6;13;6;0;7;3;1;2;Assez bien;Lettres;Général
COH2026-0756;18;83,9 %;32,7;1;13;10;6;5;5;4;1;Bien;Biologie;Général
COH2026-0757;22;80,1 %;39,2;4;13;8;2;7;4;2;2;Passable;Lettres;Général
COH2026-0758;23;89,1 %;56,0;0;8;8;8;6;4;3;4;Bien;Psychologie;Technologique
COH2026-0759;19;97,4 %;24,1;2;13;13;6;6;4;4;5;Passable;Lettres;Général
COH2026-0760;21;88,6 %;49,2;3;12;10;1;5;4;4;4;Assez bien;Psychologie;Général
COH2026-0761;19;67,5 %;32,6;2;8;6;2;7;3;2;;Assez bien;Biologie;Général
COH2026-0762;20;77,6 %;30,7;5;8;7;2;6;3;3;3;Passable;Biologie;Général
COH2026-0763;17;99,2 %;60,8;2;11;10;6;7;5;5;5;Passable;Gestion;Technologique
COH2026-0764;19;73,1 %;32,3;1;11;7;4;6;4;3;5;Assez bien;Psychologie;Général
COH2026-0765;19;51,0 %;20,4;3;11;6;1;5;1;2;;Passable;Informatique;Technologique
COH2026-0766;19;81,3 %;25,0;6;10;8;3;6;;5;4;Bien;Psychologie;Technologique
COH2026-0767;23;90,0 %;47,6;1;9;8;11;7;4;3;3;Assez bien;Psychologie;Général
COH2026-0768;21;90,5 %;62,4;0;13;13;6;6;3;4;4;Assez bien;Droit;Général
COH2026-0769;18;61,8 %;44,5;7;12;7;0;7;3;3;1;Passable;Mathématiques;Général
COH2026-0770;23;80,1 %;25,0;2;12;11;3;7;4;5;3;Bien;Biologie;Général
COH2026-0771;19;87,6 %;81,1;2;9;7;2;6;4;5;2;;Informatique;Technologique
COH2026-0772;19;65,1 %;18,1;8;12;8;1;5;3;2;;Assez bien;Informatique;Technologique
COH2026-0773;22;72,6 %;21,7;6;9;6;2;5;4;2;2;Assez bien;Informatique;Technologique
COH2026-0774;20;77,6 %;62,0;4;10;7;2;5;3;5;2;Assez bien;Gestion;Général
COH2026-0775;21;79,1 %;47,1;3;13;13;5;6;4;;3;Assez bien;Droit;Général
COH2026-0776;21;85,6 %;20,9;3;9;6;2;7;2;3;;Passable;Mathématiques;Technologique
COH2026-0777;20;96,8 %;54,5;0;10;8;4;5;5;;4;Passable;Informatique;Général
COH2026-0778;18;81,0 %;74,4;4;13;12;3;5;3;5;3;Assez bien;STAPS;Général
COH2026-0779;21;69,0 %;21,0;4;13;10;0;5;2;3;5;Passable;STAPS;Général
COH2026-0780;22;70,6 %;52,0;0;11;10;8;6;3;5;3;Passable;Informatique;Général
COH2026-0781;19;91,2 %;30,5;4;11;9;2;6;2;4;4;Passable;Mathématiques;Technologique
COH2026-0782;18;88,2 %;57,3;8;11;10;9;5;5;4;5;Bien;Mathématiques;Général
COH2026-0783;19;77,0 %;61,0;2;11;7;6;6;4;2;3;Passable;Gestion;Professionnel
COH2026-0784;18;61,8 %;11,2;5;12;9;0;5;2;4;4;Passable;Informatique;Général
COH2026-0785;21;99,4 %;71,2;1;10;10;2;5;5;3;4;Passable;Psychologie;Général
COH2026-0786;18;77,0 %;65,4;4;9;7;7;5;5;4;3;Passable;Psychologie;Général
COH2026-0787;19;80,4 %;35,8;4;8;7;2;6;2;3;3;Très bien;STAPS;Professionnel
COH2026-0788;21;81,5 %;13,9;7;11;7;0;6;1;3;2;;Gestion;Technologique
COH2026-0789;18;89,7 %;37,4;4;10;8;4;5;2;2;5;Assez bien;Psychologie;Général
COH2026-0790;20;77,4 %;57,0;7;13;11;4;6;5;4;3;Passable;Gestion;Général
COH2026-0791;21;97,2 %;13,7;4;12;12;3;5;2;;3;Passable;Informatique;Général
COH2026-0792;21;87,4 %;47,6;3;13;10;5;6;5;4;2;Très bien;Biologie;Général
COH2026-0793;20;84,5 %;65,0;1;12;9;3;6;2;3;1;Passable;Informatique;Professionnel
COH2026-0794;17;90,1 %;40,2;2;11;9;2;5;3;;2;Passable;Biologie;Général
COH2026-0795;24;88,8 %;77,9;2;11;11;2;5;4;5;3;Très bien;STAPS;Général
COH2026-0796;23;82,0 %;88,1;5;13;13;3;7;3;4;3;Assez bien;Droit;Technologique
COH2026-0797;20;88,6 %;29,8;2;12;11;4;5;;2;5;Passable;Mathématiques;Technologique
COH2026-0798;19;96,7 %;58,2;0;9;7;4;7;5;4;2;Bien;STAPS;Général
COH2026-0799;20;81,6 %;34,8;1;10;9;5;6;5;5;3;Assez bien;STAPS;Technologique
COH2026-0800;22;68,8 %;43,7;5;12;11;4;6;3;2;3;Bien;Droit;Technologique
COH2026-0801;21;52,7 %;41,5;1;10;9;1;5;3;4;1;Passable;Informatique;Technologique
COH2026-0802;24;77,0 %;78,7;6;11;10;2;6;4;2;3;Bien;Psychologie;Général
COH2026-0803;18;59,3 %;20,8;1;10;7;2;7;2;;2;Assez bien;Informatique;Général
COH2026-0804;20;70,1 %;50,7;5;11;9;0;7;1;2;1;;Biologie;Technologique
COH2026-0805;20;40,5 %;19,3;8;13;9;1;6;2;3;3;Passable;Psychologie;Général
COH2026-0806;19;69,1 %;29,3;6;12;10;0;6;3;;2;Passable;Biologie;Professionnel
COH2026-0807;19;73,6 %;60,7;7;12;10;2;6;4;5;4;Passable;Informatique;Général
COH2026-0808;20;96,6 %;83,1;2;11;11;6;7;5;5;5;Assez bien;STAPS;Général
COH2026-0809;22;66,1 %;85,9;3;8;7;3;6;3;3;4;Assez bien;Droit;Technologique
COH2026-0810;20;92,9 %;59,3;4;11;11;2;5;4;3;5;Passable;STAPS;Général
COH2026-0811;20;69,7 %;20,2;6;9;7;1;5;;3;3;Assez bien;Droit;Général
COH2026-0812;18;84,0 %;55,8;2;11;9;2;6;4;;2;Passable;Mathématiques;Général
COH2026-0813;20;95,9 %;95,5;1;9;9;4;6;5;3;4;Très bien;Gestion;Général
COH2026-0814;24;69,5 %;50,7;4;11;7;2;6;2;2;2;Passable;Psychologie;Professionnel
COH2026-0815;20;49,2 %;6,2;4;8;4;1;6;1;3;2;Assez bien;STAPS;Général
COH2026-0816;20;82,0 %;64,2;2;9;9;0;7;4;4;3;Très bien;STAPS;Général
COH2026-0817;19;58,5 %;5,5;6;10;6;0;6;1;3;2;Passable;Gestion;Général
COH2026-0818;18;79,9 %;38,5;4;10;9;1;5;4;4;4;Bien;Psychologie;Général
COH2026-0819;18;74,9 %;44,4;2;10;8;3;7;2;3;3;Assez bien;Droit;Professionnel
COH2026-0820;22;97,3 %;106,8;1;9;8;10;7;5;4;5;Passable;Gestion;Général
COH2026-0821;21;70,8 %;9,6;6;10;8;3;5;;3;4;Passable;Gestion;Général
COH2026-0822;20;92,2 %;39,8;3;13;12;3;6;4;;3;Bien;STAPS;Général
COH2026-0823;19;66,9 %;25,7;4;10;9;1;6;3;2;3;Assez bien;Informatique;Général
COH2026-0824;20;65,7 %;36,6;4;8;6;4;6;4;4;3;Passable;Gestion;Professionnel
COH2026-0825;22;84,4 %;47,2;1;13;10;3;6;3;2;3;Assez bien;Psychologie;Technologique
COH2026-0826;18;65,7 %;50,7;2;8;6;3;5;4;2;3;Bien;Biologie;Général
COH2026-0827;18;77,1 %;39,0;3;11;11;5;6;3;3;2;Passable;Gestion;Général
COH2026-0828;21;69,4 %;34,5;3;8;8;2;7;;2;;Passable;Droit;Général
COH2026-0829;18;95,0 %;74,3;2;10;9;3;7;3;5;5;;STAPS;Général
COH2026-0830;18;82,3 %;60,1;2;9;8;3;6;4;3;2;Passable;Informatique;Général
COH2026-0831;17;76,6 %;50,4;1;11;10;6;6;4;4;;Bien;Lettres;Général
COH2026-0832;19;94,3 %;68,5;5;10;9;1;6;5;3;4;Bien;Lettres;Professionnel
COH2026-0833;21;65,7 %;19,0;6;9;6;1;6;3;2;2;Passable;Gestion;Général
COH2026-0834;21;90,2 %;66,4;2;8;7;3;5;3;5;3;Bien;Informatique;Général
COH2026-0835;18;91,6 %;50,5;6;12;10;3;5;3;4;1;Passable;STAPS;Général
COH2026-0836;21;68,8 %;45,5;1;11;8;1;6;1;3;2;Très bien;Droit;Général
COH2026-0837;20;65,0 %;5,9;7;12;7;0;5;;2;1;Passable;Gestion;Général
COH2026-0838;19;89,9 %;10,7;3;13;11;3;6;4;2;2;Assez bien;Informatique;Professionnel
COH2026-0839;17;72,1 %;0,3;5;8;5;0;6;1;1;1;Passable;STAPS;Professionnel
COH2026-0840;22;90,3 %;97,9;6;13;8;2;6;3;3;2;Assez bien;Lettres;Général
COH2026-0841;19;75,8 %;36,7;2;9;7;2;6;1;1;3;Assez bien;Gestion;Technologique
COH2026-0842;18;98,0 %;88,9;0;13;12;12;6;4;3;4;Passable;Gestion;Technologique
COH2026-0843;19;76,8 %;43,1;4;10;6;2;5;3;4;3;Passable;Gestion;Général
COH2026-0844;18;70,5 %;38,2;7;13;10;1;6;4;1;3;Passable;Gestion;Général
COH2026-0845;20;84,4 %;24,6;8;13;9;0;6;2;4;;Assez bien;Droit;Général
COH2026-0846;18;70,6 %;1,4;2;8;6;3;6;3;4;3;Passable;Gestion;Technologique
COH2026-0847;20;85,5 %;80,8;5;13;11;6;5;;;3;Assez bien;Droit;Général
COH2026-0848;18;78,8 %;32,2;3;8;8;6;6;3;2;;Assez bien;Droit;Professionnel
COH2026-0849;21;81,5 %;13,9;7;11;7;0;6;1;3;2;;Gestion;Technologique
COH2026-0850;20;94,3 %;55,7;3;9;8;3;7;5;4;3;Très bien;Droit;Général
COH2026-0851;18;83,9 %;32,7;1;13;10;6;5;5;4;1;Bien;Biologie;Général
COH2026-0852;21;79,1 %;41,0;3;13;12;1;6;4;;4;Passable;Droit;Général
COH2026-0853;17;59,1 %;20,7;2;8;6;1;6;1;2;2;Passable;Biologie;Général
COH2026-0854;18;81,8 %;32,1;1;12;9;5;6;4;3;4;Bien;Droit;Général
COH2026-0855;22;71,7 %;52,6;0;9;9;5;5;3;2;4;Assez bien;Psychologie;Technologique
COH2026-0856;20;67,1 %;4,3;6;10;8;2;6;2;3;3;Bien;Mathématiques;Général
COH2026-0857;21;88,3 %;44,9;3;13;13;5;7;5;4;3;Passable;Mathématiques;Technologique
COH2026-0858;19;72,8 %;60,6;2;11;9;3;7;2;4;2;Bien;Gestion;Technologique
COH2026-0859;17;85,9 %;45,7;3;9;9;8;6;4;3;;Assez bien;Gestion;Technologique
COH2026-0860;18;57,7 %;19,8;5;9;5;0;5;2;4;3;;Lettres;Général
COH2026-0861;20;80,4 %;54,8;2;12;11;1;5;5;4;5;Bien;Psychologie;Général
COH2026-0862;18;88,8 %;74,4;4;10;10;4;5;4;2;3;Bien;Droit;Général
COH2026-0863;17;86,7 %;31,1;6;13;13;0;6;1;4;4;Assez bien;Psychologie;Professionnel
COH2026-0864;20;85,4 %;74,2;1;13;11;3;7;2;3;2;Très bien;Psychologie;Général
COH2026-0865;20;61,8 %;34,9;5;11;5;0;6;2;4;3;Très bien;Informatique;Technologique
COH2026-0866;19;70,1 %;43,6;2;8;7;1;6;2;3;1;Passable;Droit;Technologique
COH2026-0867;18;92,3 %;67,2;3;11;10;4;5;3;4;3;Assez bien;Informatique;Général
COH2026-0868;19;81,0 %;41,7;4;10;10;3;6;3;4;4;;Gestion;Professionnel
COH2026-0869;17;84,1 %;24,7;4;8;8;7;6;4;3;1;Très bien;Psychologie;Technologique
COH2026-0870;18;61,0 %;17,3;4;10;7;2;6;3;5;3;Passable;Droit;Technologique
COH2026-0871;22;75,0 %;38,3;3;8;7;3;6;3;4;5;Passable;Gestion;Technologique
COH2026-0872;19;77,7 %;34,3;5;8;7;2;6;3;4;1;Assez bien;Informatique;Technologique
COH2026-0873;22;39,5 %;4,2;0;9;0;0;5;1;2;2;Bien;Biologie;Général
COH2026-0874;21;78,9 %;39,9;1;10;10;4;6;4;3;4;Passable;Informatique;Général
COH2026-0875;17;64,7 %;36,3;5;8;5;0;7;3;;3;;Gestion;Technologique
COH2026-0876;18;71,0 %;70,4;3;12;10;3;6;3;3;3;Passable;Lettres;Technologique
COH2026-0877;20;84,5 %;41,1;3;8;7;1;6;2;3;3;Assez bien;Gestion;Technologique
COH2026-0878;17;79,8 %;20,6;3;11;9;2;6;3;3;1;;Informatique;Général
COH2026-0879;17;79,9 %;74,0;2;8;7;9;5;3;4;4;Bien;Psychologie;Général
COH2026-0880;24;75,8 %;39,9;1;10;9;2;6;3;;3;Très bien;Droit;Général
COH2026-0881;18;96,0 %;58,5;2;8;8;6;7;3;;2;;Droit;Technologique
COH2026-0882;22;67,6 %;13,1;4;9;7;2;7;;2;3;Assez bien;Informatique;Professionnel
COH2026-0883;18;97,0 %;65,9;2;8;8;8;6;5;3;2;Bien;Gestion;Technologique
COH2026-0884;21;57,0 %;20,3;4;8;5;0;6;2;1;;Passable;STAPS;Technologique
COH2026-0885;19;84,1 %;51,5;4;13;13;3;5;5;5;4;Assez bien;Droit;Général
COH2026-0886;22;79,3 %;53,5;7;12;10;3;5;3;3;2;Passable;Droit;Général
COH2026-0887;21;84,4 %;68,7;8;9;8;6;5;3;2;4;Passable;Psychologie;Général
COH2026-0888;20;83,7 %;21,4;5;9;7;1;6;3;4;2;Assez bien;Droit;Technologique
COH2026-0889;18;54,9 %;24,4;3;12;6;0;6;2;2;1;Passable;Informatique;Général
COH2026-0890;20;95,2 %;58,0;5;13;11;2;6;5;3;4;Bien;Lettres;Technologique
COH2026-0891;18;64,4 %;19,1;6;9;6;0;7;1;3;2;Passable;STAPS;Professionnel
COH2026-0892;18;99,2 %;115,4;0;13;13;10;7;5;4;5;Passable;STAPS;Technologique
COH2026-0893;19;57,3 %;16,7;2;13;10;0;7;1;1;1;Assez bien;Droit;Général
COH2026-0894;20;81,1 %;32,5;4;9;6;5;6;5;4;5;Bien;Informatique;Général
COH2026-0895;20;87,2 %;52,7;2;8;7;4;7;3;4;4;Assez bien;Mathématiques;Technologique
COH2026-0896;19;80,4 %;58,9;3;8;6;1;6;;3;4;Assez bien;STAPS;Général
COH2026-0897;19;82,4 %;32,2;3;9;7;2;5;4;5;3;Assez bien;Droit;Général
COH2026-0898;20;60,3 %;25,0;5;12;8;0;6;3;;3;Assez bien;Biologie;Général
COH2026-0899;22;79,9 %;31,5;6;9;9;5;7;4;5;3;Assez bien;Mathématiques;Technologique
COH2026-0900;17;45,2 %;13,1;6;10;7;0;6;3;2;1;;Gestion;Général
COH2026-0901;18;70,1 %;13,4;6;13;11;2;6;4;3;1;Bien;Informatique;Technologique
COH2026-0902;18;66,6 %;12,2;5;8;5;2;6;1;2;3;Passable;Biologie;Général
COH2026-0903;20;61,8 %;34,9;5;11;5;0;6;2;4;3;Très bien;Informatique;Technologique
COH2026-0904;21;74,6 %;35,2;5;8;6;2;7;4;4;3;Passable;Biologie;Général
COH2026-0905;19;99,3 %;98,9;4;10;10;3;6;5;4;3;Passable;Informatique;Général
COH2026-0906;18;70,3 %;28,3;2;11;8;2;6;2;3;1;Très bien;Mathématiques;Général
COH2026-0907;20;98,7 %;32,5;0;10;8;7;6;4;4;1;Passable;Informatique;Technologique
COH2026-0908;22;71,7 %;52,6;0;9;9;5;5;3;2;4;Assez bien;Psychologie;Technologique
COH2026-0909;18;54,1 %;0,0;7;11;7;0;6;3;2;1;Bien;Psychologie;Général
COH2026-0910;19;73,6 %;60,7;7;12;10;2;6;4;5;4;Passable;Informatique;Général
COH2026-0911;20;82,3 %;44,0;5;10;7;3;7;3;3;5;Bien;Droit;Professionnel
COH2026-0912;20;98,3 %;63,3;0;13;13;10;5;5;3;3;Passable;Informatique;Technologique
COH2026-0913;21;80,6 %;32,7;2;12;11;6;6;3;3;3;Bien;Lettres;Technologique
COH2026-0914;18;98,9 %;33,8;0;9;9;6;7;4;4;4;Passable;STAPS;Technologique
COH2026-0915;22;76,9 %;34,3;5;13;9;6;7;;2;4;Bien;Psychologie;Général
COH2026-0916;20;97,9 %;94,2;0;13;13;6;6;5;5;;Passable;Lettres;Technologique
COH2026-0917;19;60,1 %;77,8;4;9;5;0;5;2;2;;Bien;Biologie;Technologique
COH2026-0918;17;54,5 %;68,8;1;10;9;2;5;4;3;4;Assez bien;Biologie;Général
COH2026-0919;22;73,8 %;6,7;5;10;7;1;6;4;3;2;Assez bien;STAPS;Général
COH2026-0920;18;85,8 %;95,8;0;13;13;7;6;4;5;3;Passable;Informatique;Général
COH2026-0921;22;94,0 %;84,1;4;13;11;7;6;2;4;3;Passable;Biologie;Général
COH2026-0922;21;74,8 %;41,9;5;8;5;0;5;3;4;3;Très bien;Biologie;Général
COH2026-0923;18;89,5 %;40,6;2;12;10;5;6;;5;;Bien;Biologie;Général
COH2026-0924;21;83,7 %;41,5;0;13;12;7;7;4;5;3;Passable;Lettres;Général
COH2026-0925;20;83,3 %;82,2;3;9;8;5;7;4;;5;Assez bien;Informatique;Technologique
COH2026-0926;18;88,0 %;46,2;3;11;10;5;6;3;3;2;Bien;Biologie;Général
COH2026-0927;18;63,5 %;25,8;0;11;10;0;5;3;3;2;Assez bien;Droit;Général
COH2026-0928;20;82,2 %;16,2;5;8;5;3;5;5;3;2;Bien;Gestion;Général
COH2026-0929;18;92,6 %;81,0;2;8;8;7;6;3;4;3;Assez bien;Psychologie;Général
COH2026-0930;19;74,0 %;27,5;5;10;10;3;6;4;4;3;Très bien;Gestion;Technologique
COH2026-0931;20;75,7 %;65,6;4;11;8;5;5;4;4;3;Bien;Mathématiques;Général
COH2026-0932;20;71,9 %;59,7;8;9;8;6;6;5;;1;Assez bien;Informatique;Général
COH2026-0933;20;81,2 %;74,2;4;13;11;5;5;5;;5;Bien;Lettres;Général
COH2026-0934;19;85,4 %;59,7;1;8;8;4;7;5;4;5;Assez bien;Droit;Général
COH2026-0935;19;80,4 %;51,9;3;13;13;6;6;5;5;2;Passable;Informatique;Technologique
COH2026-0936;18;84,8 %;42,2;7;9;7;4;6;2;4;3;;Biologie;Général
COH2026-0937;18;74,0 %;37,6;7;9;7;1;6;2;3;;Assez bien;Psychologie;Général
COH2026-0938;23;70,1 %;17,3;9;10;9;1;5;;3;1;Assez bien;Mathématiques;Général
COH2026-0939;18;90,1 %;84,8;4;10;8;6;6;5;4;4;Passable;STAPS;Technologique
COH2026-0940;20;74,6 %;37,2;4;12;10;4;6;4;5;4;Passable;Gestion;Général
COH2026-0941;19;72,4 %;77,1;6;8;6;4;5;4;3;1;Passable;STAPS;Général
COH2026-0942;19;99,8 %;59,9;3;9;9;4;5;5;;5;Passable;Mathématiques;Général
COH2026-0943;20;78,2 %;34,6;1;10;8;0;7;3;3;3;Passable;Lettres;Général
COH2026-0944;21;70,8 %;21,7;5;10;7;1;5;1;2;1;Passable;Droit;Général
COH2026-0945;19;76,2 %;25,8;4;8;6;3;7;;3;5;;Gestion;Général
COH2026-0946;19;63,5 %;18,3;5;13;8;0;5;3;1;2;Très bien;Psychologie;Général
COH2026-0947;20;88,1 %;55,3;8;9;8;3;6;3;4;2;Passable;Biologie;Général
COH2026-0948;18;75,8 %;18,1;6;10;10;2;6;3;3;2;Bien;STAPS;Général
COH2026-0949;20;91,8 %;81,2;3;13;13;5;5;4;4;2;Passable;Mathématiques;Général
COH2026-0950;21;84,6 %;27,6;2;8;6;1;5;2;3;3;Passable;Psychologie;Général
COH2026-0951;25;67,3 %;21,6;3;12;12;3;7;1;4;2;Assez bien;Gestion;Général
COH2026-0952;20;83,5 %;49,3;1;8;8;2;7;5;;1;Bien;Lettres;Général
COH2026-0953;21;51,1 %;35,1;7;9;7;0;7;3;4;1;Bien;Psychologie;Général
COH2026-0954;20;72,2 %;59,3;0;12;12;4;5;3;5;4;;Droit;Général
COH2026-0955;25;98,5 %;103,2;1;9;8;1;5;5;4;3;Bien;Psychologie;Technologique
COH2026-0956;20;79,4 %;45,2;4;13;10;6;5;3;4;3;Passable;Droit;Général
COH2026-0957;19;92,8 %;66,5;3;12;10;5;6;2;3;4;Passable;Gestion;Technologique
COH2026-0958;22;76,0 %;46,0;2;11;9;7;7;5;2;4;Assez bien;Informatique;Général
COH2026-0959;18;88,0 %;46,2;3;11;10;5;6;3;3;2;Bien;Biologie;Général
COH2026-0960;19;65,6 %;32,7;1;11;11;6;6;4;3;4;Passable;Gestion;Général
COH2026-0961;20;69,0 %;20,2;5;9;5;2;6;3;;1;Passable;Droit;Technologique
COH2026-0962;23;71,8 %;9,7;6;10;6;0;6;2;4;3;Passable;Mathématiques;Professionnel
COH2026-0963;19;88,1 %;43,3;8;11;8;5;6;5;4;3;Passable;Informatique;Général
COH2026-0964;21;52,5 %;3,5;5;12;8;0;5;2;2;2;Assez bien;STAPS;Général
COH2026-0965;20;70,5 %;51,1;3;9;8;6;6;3;;1;Passable;Gestion;Technologique
COH2026-0966;21;71,7 %;10,6;3;11;9;1;6;3;3;3;;Biologie;Technologique
COH2026-0967;18;79,9 %;38,5;4;10;9;1;5;4;4;4;Bien;Psychologie;Général
COH2026-0968;20;79,2 %;81,7;0;8;5;2;6;3;3;4;Assez bien;Droit;Professionnel
COH2026-0969;19;90,2 %;45,1;1;10;10;4;6;3;4;5;Assez bien;Lettres;Technologique
COH2026-0970;22;67,7 %;31,5;3;12;9;1;6;5;3;4;Assez bien;Droit;Technologique
COH2026-0971;18;80,3 %;45,2;3;13;12;1;5;5;3;2;Passable;Biologie;Général
COH2026-0972;18;72,8 %;12,3;6;13;11;3;5;3;4;;Assez bien;Psychologie;Technologique
COH2026-0973;23;60,4 %;46,3;4;10;7;1;5;2;2;3;Passable;Droit;Professionnel
COH2026-0974;23;76,0 %;55,0;2;11;8;0;5;2;4;3;Assez bien;Gestion;Général
COH2026-0975;17;95,9 %;58,7;2;8;8;7;5;4;5;5;Passable;Lettres;Général
COH2026-0976;18;72,9 %;28,5;6;9;8;3;6;3;3;4;Assez bien;Psychologie;Technologique
COH2026-0977;19;68,9 %;30,6;7;8;7;0;5;2;3;1;Assez bien;Gestion;Technologique
COH2026-0978;21;71,0 %;5,4;5;10;5;0;6;1;1;1;Passable;Droit;Général
COH2026-0979;23;85,3 %;55,0;6;13;10;0;5;1;3;3;Passable;Droit;Général
COH2026-0980;18;87,1 %;100,3;2;11;11;1;6;4;4;4;Assez bien;Psychologie;Général
COH2026-0981;20;87,3 %;69,5;0;11;10;7;5;4;5;3;Passable;Biologie;Technologique
COH2026-0982;18;88,7 %;49,3;0;10;10;7;6;3;5;3;Passable;Droit;Technologique
COH2026-0983;19;64,4 %;38,4;6;10;7;4;6;5;4;1;Assez bien;Mathématiques;Général
COH2026-0984;22;84,4 %;47,2;1;13;10;3;6;3;2;3;Assez bien;Psychologie;Technologique
COH2026-0985;19;99,4 %;57,8;1;10;10;11;6;4;5;4;Passable;Lettres;Technologique
COH2026-0986;22;83,2 %;60,8;4;10;8;5;5;4;4;3;Passable;STAPS;Général
COH2026-0987;20;65,8 %;6,1;4;9;4;0;6;1;1;1;Très bien;Psychologie;Professionnel
COH2026-0988;18;65,1 %;24,1;5;10;6;1;5;4;4;3;Passable;Mathématiques;Général
COH2026-0989;19;78,7 %;77,2;2;10;9;2;6;3;4;3;Bien;Gestion;Général
COH2026-0990;18;64,5 %;29,6;5;10;5;2;5;3;3;1;Bien;Droit;Général
COH2026-0991;21;96,5 %;47,8;3;13;9;4;6;4;;3;Bien;Mathématiques;Technologique
COH2026-0992;21;59,2 %;5,2;6;10;6;0;6;2;2;3;Passable;Informatique;Général
COH2026-0993;18;75,9 %;43,4;3;11;11;6;5;5;;3;Très bien;Gestion;Technologique
COH2026-0994;20;68,2 %;33,3;6;11;8;3;5;3;1;3;Très bien;Psychologie;Professionnel
COH2026-0995;22;68,4 %;18,0;8;13;8;0;6;2;1;1;Passable;Psychologie;Général
COH2026-0996;24;70,8 %;37,5;4;8;6;0;5;4;3;2;Passable;Mathématiques;Général
COH2026-0997;18;77,3 %;54,2;4;9;7;3;5;5;4;1;Très bien;Informatique;Technologique
COH2026-0998;21;64,2 %;20,5;4;11;8;3;7;3;3;2;Passable;Psychologie;Général
COH2026-0999;18;96,8 %;106,7;0;9;9;7;6;5;5;4;Assez bien;Informatique;Professionnel
COH2026-1000;17;80,4 %;62,8;6;9;8;2;5;2;3;2;Bien;Droit;Technologique
COH2026-1001;19;80,6 %;50,4;10;13;11;2;6;4;4;2;Assez bien;STAPS;Général
COH2026-1002;22;90,2 %;112,4;4;9;8;7;6;3;5;2;Assez bien;Gestion;Professionnel
COH2026-1003;18;94,3 %;41,8;3;13;11;5;6;3;3;4;Bien;Informatique;Technologique
COH2026-1004;18;79,0 %;91,8;2;8;8;5;5;4;4;2;Bien;Droit;Général
COH2026-1005;21;81,5 %;83,1;1;10;10;4;5;5;4;2;;Informatique;Professionnel
COH2026-1006;22;95,1 %;50,1;1;10;10;9;5;4;4;;Assez bien;Droit;Général
COH2026-1007;21;77,0 %;67,6;4;9;8;1;6;1;2;2;Passable;Psychologie;Professionnel
COH2026-1008;22;90,3 %;71,3;2;12;12;10;6;5;5;5;Passable;Biologie;Général
COH2026-1009;26;70,2 %;36,6;5;11;8;1;7;1;2;4;Assez bien;Psychologie;Général
COH2026-1010;19;73,3 %;36,4;3;8;7;0;6;1;4;2;Assez bien;Psychologie;Général
COH2026-1011;19;79,6 %;81,2;4;10;9;1;5;3;4;2;Assez bien;Droit;Technologique
COH2026-1012;17;83,3 %;16,4;6;11;9;0;6;3;3;3;Passable;Biologie;Général
COH2026-1013;20;57,1 %;21,7;4;9;7;1;6;2;2;2;Bien;STAPS;Technologique
COH2026-1014;21;80,0 %;78,9;5;9;9;1;6;3;;4;Passable;Biologie;Général
COH2026-1015;18;84,1 %;43,8;3;13;10;3;7;5;5;;Passable;Psychologie;Général
COH2026-1016;23;78,9 %;48,3;2;9;8;4;5;3;4;2;Très bien;Mathématiques;Technologique
COH2026-1017;22;77,0 %;89,7;2;10;7;4;6;4;4;3;Passable;Psychologie;Professionnel
COH2026-1018;22;72,3 %;23,4;5;11;9;3;6;2;1;4;Assez bien;Lettres;Général
COH2026-1019;19;91,6 %;34,2;3;8;7;5;6;5;4;4;Très bien;Droit;Général
COH2026-1020;19;82,5 %;53,3;4;9;5;3;6;5;3;1;Passable;STAPS;Professionnel
COH2026-1021;23;69,1 %;38,2;4;10;7;2;6;2;;1;Assez bien;Psychologie;Professionnel
COH2026-1022;23;87,2 %;58,2;4;10;7;1;7;5;2;2;Passable;Gestion;Général
COH2026-1023;19;75,4 %;24,0;3;12;7;3;5;4;3;4;Assez bien;Informatique;Général
COH2026-1024;22;66,6 %;55,0;3;10;8;1;7;4;;3;Bien;Psychologie;Général
COH2026-1025;18;75,8 %;100,9;4;8;6;5;5;2;3;;Passable;Psychologie;Professionnel
COH2026-1026;19;69,3 %;95,2;5;11;10;4;5;2;5;4;Assez bien;Droit;Technologique
COH2026-1027;22;88,4 %;18,4;3;8;6;3;6;2;3;2;Assez bien;Informatique;Général
COH2026-1028;23;59,1 %;46,9;4;10;6;0;6;2;3;4;Assez bien;Psychologie;Technologique
COH2026-1029;21;67,8 %;25,2;1;8;5;0;6;2;1;2;Passable;STAPS;Technologique
COH2026-1030;19;79,1 %;28,7;3;9;6;2;7;1;4;2;Passable;Biologie;Général
COH2026-1031;18;93,5 %;67,5;4;10;9;5;6;5;5;3;Très bien;Informatique;Général
COH2026-1032;21;87,9 %;36,8;5;12;10;4;7;5;5;5;Assez bien;Psychologie;Général
COH2026-1033;23;70,2 %;24,8;4;11;7;2;5;1;3;2;Passable;Psychologie;Professionnel
COH2026-1034;18;94,3 %;82,9;1;8;8;5;6;4;5;5;Passable;Psychologie;Général
COH2026-1035;23;73,2 %;69,9;2;13;12;3;5;5;4;4;Passable;Informatique;Général
COH2026-1036;18;62,6 %;11,3;4;10;8;1;6;1;3;;Passable;Informatique;Général
COH2026-1037;22;57,8 %;26,7;5;8;5;1;6;3;3;2;Passable;Biologie;Technologique
COH2026-1038;19;84,5 %;44,3;2;8;7;3;7;5;3;;Assez bien;Informatique;Général
COH2026-1039;20;74,5 %;22,3;5;12;9;3;6;2;1;1;Bien;Informatique;Professionnel
COH2026-1040;19;76,3 %;62,2;8;12;8;4;6;4;5;1;Bien;Droit;Général
COH2026-1041;20;64,6 %;61,7;2;10;10;4;6;3;;3;Passable;Mathématiques;Général
COH2026-1042;18;54,6 %;20,4;5;11;7;0;6;1;1;2;Très bien;Mathématiques;Général
COH2026-1043;19;70,1 %;17,4;6;13;10;0;7;2;1;2;Passable;STAPS;Général
COH2026-1044;22;85,2 %;45,0;3;13;11;7;5;2;3;3;Assez bien;Gestion;Technologique
COH2026-1045;23;97,1 %;42,1;3;8;7;8;6;5;3;4;Passable;Informatique;Général
COH2026-1046;19;65,8 %;11,6;6;13;10;1;6;2;2;3;Passable;Gestion;Général
COH2026-1047;18;69,6 %;47,5;2;13;11;1;5;3;3;3;Assez bien;Gestion;Général
COH2026-1048;19;98,7 %;70,1;4;8;6;3;6;3;4;2;Bien;Psychologie;Général
COH2026-1049;21;99,4 %;71,2;1;10;10;2;5;5;3;4;Passable;Psychologie;Général
COH2026-1050;17;61,3 %;12,1;7;11;8;1;7;5;3;1;Bien;Informatique;Général
COH2026-1051;19;86,0 %;52,3;3;13;11;3;5;4;5;3;Passable;Informatique;Général
COH2026-1052;17;77,4 %;4,6;9;13;9;0;6;2;3;2;Bien;Mathématiques;Général
COH2026-1053;18;82,8 %;52,2;2;9;7;5;6;3;4;3;Très bien;Mathématiques;Technologique
COH2026-1054;22;83,6 %;105,9;2;13;10;4;6;4;3;3;Assez bien;Informatique;Professionnel
COH2026-1055;18;94,7 %;73,6;8;12;8;2;6;3;5;2;;Biologie;Général
COH2026-1056;21;76,9 %;75,9;4;8;6;1;7;3;;3;Assez bien;Mathématiques;Technologique
COH2026-1057;20;83,2 %;76,5;2;12;12;6;6;5;;5;Bien;Droit;Général
COH2026-1058;18;80,8 %;34,8;3;13;10;1;7;1;4;2;Passable;Droit;Technologique
COH2026-1059;18;90,4 %;58,4;3;11;9;6;6;;5;4;Bien;Droit;Général
COH2026-1060;19;65,3 %;25,7;2;11;7;0;6;3;1;3;Passable;Gestion;Général
COH2026-1061;19;50,7 %;1,0;5;8;5;0;7;2;3;1;Bien;Psychologie;Technologique
COH2026-1062;20;79,6 %;0,3;2;12;10;5;6;2;5;2;Assez bien;Informatique;Technologique
COH2026-1063;21;79,3 %;66,7;5;11;8;5;7;5;;3;Passable;Biologie;Général
COH2026-1064;21;72,1 %;31,1;6;10;9;3;5;4;1;;Passable;Informatique;Général
COH2026-1065;22;68,1 %;71,4;9;10;9;1;6;;4;2;Bien;Informatique;Technologique
COH2026-1066;17;72,4 %;49,0;2;13;13;7;5;4;4;5;Assez bien;Droit;Général
COH2026-1067;18;74,1 %;43,1;5;10;8;1;6;3;2;4;Passable;STAPS;Technologique
COH2026-1068;18;69,8 %;11,2;4;8;6;3;5;4;;2;Assez bien;Mathématiques;Général
COH2026-1069;19;64,3 %;13,7;6;10;7;2;6;2;4;;Passable;Droit;Général
COH2026-1070;17;79,4 %;52,8;4;10;8;4;6;4;;2;Assez bien;Biologie;Technologique
COH2026-1071;24;73,2 %;74,2;4;9;7;1;6;2;4;2;Passable;Psychologie;Technologique
COH2026-1072;20;79,7 %;81,9;0;10;9;0;6;5;5;3;Bien;Informatique;Général
COH2026-1073;19;66,2 %;41,0;1;10;8;3;7;5;4;2;Assez bien;Informatique;Général
COH2026-1074;20;99,2 %;114,8;4;11;11;3;5;;3;3;Passable;Psychologie;Professionnel
COH2026-1075;23;48,0 %;15,4;2;11;7;0;6;1;2;2;Passable;Psychologie;Professionnel
COH2026-1076;23;70,4 %;24,0;7;13;10;0;6;2;2;2;Assez bien;Biologie;Général
COH2026-1077;22;67,4 %;42,7;5;9;7;6;5;3;;3;Passable;Gestion;Professionnel
COH2026-1078;18;56,5 %;14,8;5;12;9;2;6;;3;3;Assez bien;STAPS;Général
COH2026-1079;20;50,3 %;31,1;1;10;7;1;5;;3;2;Passable;Informatique;Général
COH2026-1080;20;77,4 %;28,1;1;8;7;2;6;3;3;2;Très bien;Lettres;Général
COH2026-1081;22;44,6 %;11,2;4;8;4;0;6;2;3;2;Assez bien;Psychologie;Général
COH2026-1082;22;82,9 %;44,7;5;9;9;7;5;2;2;2;Très bien;Lettres;Général
COH2026-1083;19;97,9 %;36,8;7;11;7;4;5;3;4;4;Bien;Gestion;Technologique
COH2026-1084;20;87,5 %;31,1;3;10;7;6;6;3;5;5;Bien;Lettres;Technologique
COH2026-1085;23;61,2 %;48,8;8;12;9;0;5;;1;1;Bien;Droit;Général
COH2026-1086;18;84,2 %;112,9;5;10;10;9;6;3;5;3;Bien;Droit;Technologique
COH2026-1087;17;89,7 %;49,2;2;13;12;7;6;3;5;4;Passable;Informatique;Technologique
COH2026-1088;18;76,0 %;55,7;0;8;6;1;6;2;3;;Passable;Psychologie;Général
COH2026-1089;17;79,1 %;18,3;4;11;8;1;6;2;3;2;Passable;STAPS;Général
COH2026-1090;20;84,0 %;37,6;1;11;8;3;6;4;4;3;Assez bien;Psychologie;Professionnel
COH2026-1091;21;56,7 %;32,6;6;9;6;0;6;1;3;2;Passable;Gestion;Professionnel
COH2026-1092;19;59,5 %;4,0;5;8;5;0;6;1;3;1;Passable;Droit;Technologique
COH2026-1093;23;74,3 %;40,6;6;13;9;3;6;3;;3;Bien;STAPS;Technologique
COH2026-1094;17;61,4 %;42,9;3;11;10;3;5;2;3;4;Assez bien;Biologie;Technologique
COH2026-1095;20;86,8 %;58,2;5;11;9;7;6;4;3;1;Assez bien;Biologie;Général
COH2026-1096;19;97,4 %;30,4;1;10;8;2;6;4;3;5;Assez bien;Droit;Professionnel
COH2026-1097;19;66,8 %;61,3;3;9;8;2;6;4;3;2;Assez bien;Gestion;Technologique
COH2026-1098;20;85,0 %;29,9;3;8;6;3;6;4;2;1;Bien;Gestion;Professionnel
COH2026-1099;20;60,9 %;2,2;5;8;5;1;7;3;2;;Passable;Droit;Général
COH2026-1100;26;70,2 %;36,6;5;11;8;1;7;1;2;4;Assez bien;Psychologie;Général
COH2026-1101;20;99,1 %;71,1;4;8;7;7;5;5;4;3;Assez bien;Informatique;Général
COH2026-1102;18;95,0 %;74,3;2;10;9;3;7;3;5;5;;STAPS;Général
COH2026-1103;19;96,3 %;80,2;0;10;10;13;7;5;4;5;Passable;Gestion;Professionnel
COH2026-1104;17;75,1 %;14,5;6;10;8;2;6;2;3;1;Passable;STAPS;Général
COH2026-1105;21;64,7 %;60,3;1;12;10;5;5;3;4;1;Bien;Biologie;Général
COH2026-1106;20;69,2 %;71,6;6;10;7;2;7;3;2;3;Passable;Gestion;Technologique
COH2026-1107;26;93,6 %;104,5;0;12;12;18;7;5;5;5;Passable;Gestion;Général
COH2026-1108;18;71,0 %;40,4;4;8;6;1;5;2;;3;Passable;Informatique;Technologique
COH2026-1109;17;71,7 %;32,1;5;8;6;0;5;3;2;3;Assez bien;Biologie;Technologique
COH2026-1110;17;64,5 %;17,6;6;10;6;3;7;3;5;3;;Psychologie;Général
COH2026-1111;19;69,9 %;35,5;6;10;6;0;6;1;2;2;Passable;Mathématiques;Technologique
COH2026-1112;18;86,1 %;44,7;0;8;8;8;6;4;3;;Très bien;Droit;Général
COH2026-1113;18;76,7 %;12,3;2;11;10;1;6;1;3;3;Assez bien;Informatique;Technologique
COH2026-1114;22;78,6 %;57,2;8;13;10;2;6;2;3;;Bien;Lettres;Général
COH2026-1115;20;69,5 %;35,1;5;9;7;3;6;3;2;2;Passable;Informatique;Général
COH2026-1116;18;81,8 %;119,2;4;11;8;2;5;4;4;;Passable;Informatique;Général
COH2026-1117;18;90,1 %;84,8;4;10;8;6;6;5;4;4;Passable;STAPS;Technologique
COH2026-1118;19;86,3 %;38,8;4;8;8;4;5;3;5;;Assez bien;Informatique;Général
COH2026-1119;23;87,2 %;58,2;4;10;7;1;7;5;2;2;Passable;Gestion;Général
COH2026-1120;19;80,0 %;61,7;5;8;8;11;7;4;;1;Passable;Informatique;Général
COH2026-1121;21;86,4 %;72,8;1;13;12;4;7;3;5;3;Passable;Mathématiques;Général
COH2026-1122;18;72,2 %;32,9;7;10;9;1;5;3;4;2;Bien;Lettres;Général
COH2026-1123;21;59,9 %;37,4;3;9;7;1;6;1;3;3;Très bien;STAPS;Professionnel
COH2026-1124;20;74,8 %;45,2;7;11;9;4;6;3;3;4;Passable;Biologie;Technologique
COH2026-1125;21;59,7 %;25,5;4;8;6;1;6;1;2;;Assez bien;Gestion;Professionnel
COH2026-1126;17;68,2 %;3,7;5;8;5;0;6;2;2;1;Très bien;Gestion;Technologique
COH2026-1127;17;60,4 %;0,3;5;10;5;0;6;3;3;3;;Droit;Général
COH2026-1128;17;98,9 %;43,9;4;9;8;2;5;4;4;3;Assez bien;Psychologie;Technologique
COH2026-1129;20;98,8 %;96,8;0;10;10;10;6;5;5;5;Passable;Psychologie;Général
COH2026-1130;18;80,0 %;84,4;5;12;12;5;5;5;5;;;Psychologie;Général
COH2026-1131;20;83,7 %;21,4;5;9;7;1;6;3;4;2;Assez bien;Droit;Technologique
COH2026-1132;19;89,4 %;29,8;4;8;8;5;7;4;3;3;Bien;Gestion;Général
COH2026-1133;22;68,7 %;17,2;8;10;8;1;5;2;3;3;Assez bien;Informatique;Général
COH2026-1134;21;80,8 %;94,0;2;11;11;7;6;3;;4;Passable;Mathématiques;Général
COH2026-1135;19;79,8 %;31,0;0;10;9;3;6;4;3;3;Passable;STAPS;Général
COH2026-1136;19;99,8 %;59,9;3;9;9;4;5;5;;5;Passable;Mathématiques;Général
COH2026-1137;19;73,5 %;2,8;6;12;10;4;6;2;4;3;Passable;Psychologie;Général
COH2026-1138;18;82,8 %;66,1;4;9;7;6;5;3;4;3;Passable;Psychologie;Technologique
COH2026-1139;21;94,8 %;57,5;5;10;7;5;5;3;3;5;Passable;Lettres;Professionnel
COH2026-1140;19;88,6 %;67,6;1;9;9;6;6;3;3;4;;Gestion;Professionnel
COH2026-1141;19;98,3 %;37,9;4;13;10;2;5;2;4;2;Assez bien;Biologie;Général
COH2026-1142;18;92,1 %;99,7;7;10;7;4;6;4;3;3;Passable;Droit;Professionnel
COH2026-1143;20;78,0 %;65,2;5;10;10;5;6;4;4;4;Passable;Informatique;Général
COH2026-1144;22;67,9 %;75,6;8;11;8;2;7;4;4;;Passable;Informatique;Général
COH2026-1145;18;96,3 %;55,3;2;9;8;7;6;3;3;2;Passable;Psychologie;Professionnel
COH2026-1146;21;80,4 %;25,4;3;13;12;5;7;5;5;3;Assez bien;Gestion;Général
COH2026-1147;22;75,0 %;38,3;3;8;7;3;6;3;4;5;Passable;Gestion;Technologique
COH2026-1148;21;80,7 %;81,1;6;12;10;0;5;4;3;2;Assez bien;Droit;Général
COH2026-1149;22;98,4 %;101,9;3;9;9;5;6;5;4;5;Assez bien;Mathématiques;Général
COH2026-1150;19;47,8 %;0,3;5;11;5;0;6;1;1;1;Assez bien;Biologie;Technologique
COH2026-1151;21;52,8 %;45,1;4;13;9;0;6;2;2;1;Passable;Psychologie;Général
COH2026-1152;18;89,6 %;82,6;5;9;7;4;6;5;;2;Très bien;STAPS;Professionnel
COH2026-1153;24;78,7 %;61,8;4;10;10;3;5;4;4;2;Passable;Psychologie;Technologique
COH2026-1154;20;68,8 %;76,0;4;13;7;1;6;3;3;2;Très bien;Psychologie;Général
COH2026-1155;19;75,7 %;63,0;3;11;10;2;6;4;4;1;Assez bien;Biologie;Technologique
COH2026-1156;19;78,6 %;28,0;6;9;6;1;6;4;2;2;Passable;Psychologie;Professionnel
COH2026-1157;23;72,2 %;71,2;6;8;6;1;5;2;4;;Passable;Biologie;Général
COH2026-1158;20;73,8 %;60,6;2;11;9;5;6;5;4;4;Assez bien;Droit;Général
COH2026-1159;20;67,3 %;84,0;5;10;7;0;7;2;1;2;Assez bien;Psychologie;Général
COH2026-1160;21;64,4 %;49,5;7;8;7;2;6;4;2;3;Passable;Droit;Général
COH2026-1161;19;76,0 %;70,4;7;12;10;4;6;3;5;2;Assez bien;Informatique;Général
COH2026-1162;20;76,2 %;94,5;3;12;10;4;6;3;4;2;Passable;STAPS;Professionnel
COH2026-1163;21;84,0 %;61,3;7;10;9;5;5;;2;;Bien;Biologie;Professionnel
COH2026-1164;19;84,0 %;41,6;5;11;8;5;5;;3;4;Assez bien;Informatique;Général
COH2026-1165;19;80,7 %;11,4;4;13;11;4;6;4;4;3;Assez bien;Psychologie;Général
COH2026-1166;19;75,8 %;46,0;3;11;10;1;5;5;4;2;Très bien;Psychologie;Général
COH2026-1167;18;89,9 %;91,5;2;10;9;6;7;5;4;2;Bien;Lettres;Technologique
COH2026-1168;19;69,2 %;50,9;6;8;6;4;7;2;2;4;Passable;Droit;Général
COH2026-1169;19;59,8 %;14,8;3;11;8;0;6;2;3;;Passable;Informatique;Général
COH2026-1170;25;78,8 %;34,8;2;10;8;4;7;2;5;2;Bien;Gestion;Général
COH2026-1171;22;80,7 %;63,6;2;12;11;6;6;4;4;4;Bien;Informatique;Général
COH2026-1172;17;76,1 %;65,3;3;13;12;5;6;4;3;5;Assez bien;Informatique;Général
COH2026-1173;17;97,6 %;93,6;0;8;8;11;6;5;5;4;Passable;Gestion;Technologique
COH2026-1174;24;66,6 %;36,4;4;13;8;1;6;3;4;1;Bien;Biologie;Technologique
COH2026-1175;23;96,3 %;45,8;1;11;11;6;6;4;4;3;Assez bien;Gestion;Général
COH2026-1176;20;79,6 %;32,0;6;10;7;2;7;1;2;3;Passable;Lettres;Professionnel
COH2026-1177;20;79,7 %;8,9;9;13;10;1;6;4;3;1;Très bien;Informatique;Général
COH2026-1178;21;51,1 %;35,1;7;9;7;0;7;3;4;1;Bien;Psychologie;Général
COH2026-1179;21;96,7 %;27,7;2;8;8;7;7;5;4;4;Passable;Informatique;Général
COH2026-1180;18;76,0 %;55,7;0;8;6;1;6;2;3;;Passable;Psychologie;Général
COH2026-1181;23;71,6 %;26,4;1;11;11;5;6;3;3;3;Bien;Mathématiques;Général
COH2026-1182;20;60,3 %;25,0;5;12;8;0;6;3;;3;Assez bien;Biologie;Général
COH2026-1183;18;62,7 %;9,6;5;13;5;1;7;2;3;1;Bien;Informatique;Général
COH2026-1184;18;71,9 %;35,4;4;8;5;3;7;4;5;3;Passable;Psychologie;Technologique
COH2026-1185;22;64,6 %;5,3;3;11;6;0;5;;2;1;Assez bien;Lettres;Général
COH2026-1186;20;65,2 %;36,5;9;12;9;0;6;2;5;1;Passable;Gestion;Général
COH2026-1187;18;98,2 %;86,9;2;8;8;6;7;;5;5;Passable;Biologie;Technologique
COH2026-1188;22;62,9 %;10,1;5;11;5;0;6;1;2;2;Assez bien;Informatique;Professionnel
COH2026-1189;19;72,7 %;68,2;6;12;11;1;7;5;5;3;Très bien;Mathématiques;Général
COH2026-1190;19;85,2 %;40,7;1;11;9;3;6;3;4;3;Assez bien;STAPS;Général
COH2026-1191;18;53,1 %;0,0;6;11;7;0;6;1;2;1;Assez bien;Lettres;Technologique
COH2026-1192;22;81,8 %;21,2;3;10;9;1;5;5;2;4;Bien;Informatique;Général
COH2026-1193;18;85,7 %;30,3;1;8;7;1;6;3;1;2;Bien;Biologie;Général
COH2026-1194;21;80,2 %;55,7;4;9;7;6;6;3;3;4;Passable;STAPS;Général
COH2026-1195;23;65,2 %;16,2;4;13;9;0;6;4;;2;Bien;Biologie;Général
COH2026-1196;19;85,6 %;63,8;1;12;11;5;6;5;4;3;Assez bien;Mathématiques;Général
COH2026-1197;22;67,7 %;32,4;2;11;9;3;5;5;3;1;Assez bien;Biologie;Général
COH2026-1198;18;58,9 %;43,8;5;13;10;0;6;3;3;3;Assez bien;Mathématiques;Général
COH2026-1199;17;68,0 %;15,0;6;11;6;0;5;2;5;1;Assez bien;STAPS;Général
COH2026-1200;20;64,7 %;11,0;6;10;6;4;5;2;4;3;Assez bien;STAPS;Professionnel
COH2026-1201;23;77,5 %;31,5;3;9;8;3;6;5;4;3;Passable;Biologie;Général
COH2026-1202;25;80,3 %;69,9;2;13;11;2;7;5;3;2;Passable;STAPS;Général
COH2026-1203;20;98,9 %;59,4;2;11;11;3;6;5;4;5;Assez bien;Psychologie;Technologique
COH2026-1204;17;78,4 %;36,9;4;8;6;3;6;3;2;2;Passable;STAPS;Général
COH2026-1205;20;92,8 %;35,2;2;9;8;1;6;4;2;3;Passable;STAPS;Général
COH2026-1206;23;86,0 %;0,3;5;9;6;4;7;2;3;3;Assez bien;Lettres;Général
COH2026-1207;18;98,1 %;88,9;0;8;8;13;7;5;5;5;Assez bien;Lettres;Général
COH2026-1208;21;74,6 %;35,2;5;8;6;2;7;4;4;3;Passable;Biologie;Général
COH2026-1209;26;74,7 %;30,3;3;9;7;6;6;4;3;2;Passable;STAPS;Technologique
COH2026-1210;17;93,3 %;79,7;4;12;10;10;6;5;3;5;Assez bien;Mathématiques;Général
COH2026-1211;21;80,2 %;55,7;4;9;7;6;6;3;3;4;Passable;STAPS;Général
COH2026-1212;21;82,0 %;52,1;3;10;7;0;6;5;4;5;Passable;Psychologie;Général
COH2026-1213;21;73,9 %;18,3;6;10;6;0;6;3;3;1;Bien;Gestion;Général
COH2026-1214;18;82,7 %;57,7;7;10;8;4;5;4;3;4;Passable;STAPS;Technologique
COH2026-1215;17;89,0 %;108,9;2;10;10;9;7;4;5;4;Passable;Gestion;Général
COH2026-1216;20;80,8 %;3,5;1;9;7;2;7;3;3;1;Assez bien;Gestion;Général
COH2026-1217;20;87,3 %;27,5;1;9;9;6;6;5;4;4;Bien;Psychologie;Technologique
COH2026-1218;21;82,0 %;52,1;3;10;7;0;6;5;4;5;Passable;Psychologie;Général
COH2026-1219;21;89,6 %;47,4;2;8;6;3;6;3;3;3;Passable;Informatique;Professionnel
COH2026-1220;19;80,0 %;96,0;4;9;9;6;5;5;4;5;Assez bien;STAPS;Général
COH2026-1221;17;90,5 %;33,5;3;13;10;1;7;4;3;5;Bien;Lettres;Général
COH2026-1222;21;64,2 %;20,5;4;11;8;3;7;3;3;2;Passable;Psychologie;Général
COH2026-1223;20;98,2 %;104,1;3;11;11;4;5;4;5;4;Passable;Biologie;Général
COH2026-1224;18;73,7 %;29,7;2;8;7;7;5;2;;2;Passable;Mathématiques;Général
COH2026-1225;20;79,2 %;81,7;0;8;5;2;6;3;3;4;Assez bien;Droit;Professionnel
COH2026-1226;20;75,3 %;19,7;5;9;7;5;5;3;3;;Passable;Biologie;Général
COH2026-1227;21;95,2 %;58,4;3;11;10;5;6;5;5;2;Assez bien;Informatique;Général
COH2026-1228;20;68,2 %;33,3;6;11;8;3;5;3;1;3;Très bien;Psychologie;Professionnel
COH2026-1229;19;62,8 %;25,2;4;9;4;0;6;2;3;1;Bien;Lettres;Général
COH2026-1230;17;52,4 %;29,1;4;12;9;0;6;2;;4;Bien;Droit;Général
COH2026-1231;17;83,6 %;25,6;5;11;9;1;5;3;4;3;;Gestion;Général
COH2026-1232;20;85,7 %;43,9;1;9;9;2;6;5;4;2;Assez bien;Informatique;Général
COH2026-1233;23;69,3 %;34,6;9;13;11;0;5;3;3;2;Très bien;Informatique;Général
COH2026-1234;23;76,4 %;23,5;3;11;9;3;6;3;4;4;Assez bien;Gestion;Général
COH2026-1235;22;93,3 %;87,0;1;8;8;7;5;5;4;3;Passable;Biologie;Professionnel
COH2026-1236;19;62,2 %;31,2;8;10;8;1;6;3;3;2;Passable;Gestion;Technologique
COH2026-1237;21;56,2 %;12,0;7;12;9;1;6;1;2;1;Assez bien;Informatique;Général
COH2026-1238;24;83,1 %;39,6;4;11;9;7;6;5;4;;Assez bien;Psychologie;Technologique
COH2026-1239;20;73,6 %;54,1;5;10;8;4;7;;;3;Passable;STAPS;Général
COH2026-1240;24;52,9 %;2,8;6;11;8;0;6;3;3;3;Bien;Droit;Général
COH2026-1241;25;55,9 %;37,6;3;13;7;1;5;2;3;2;Passable;Gestion;Général
COH2026-1242;17;66,7 %;26,5;3;12;8;2;6;1;5;2;Passable;STAPS;Professionnel
COH2026-1243;18;55,1 %;15,2;6;8;6;0;6;3;;3;Passable;Informatique;Technologique
COH2026-1244;21;72,1 %;67,9;5;10;9;1;6;4;2;2;Passable;Biologie;Technologique
COH2026-1245;18;87,4 %;25,1;4;12;12;2;5;3;4;4;Assez bien;STAPS;Général
COH2026-1246;20;71,9 %;59,7;8;9;8;6;6;5;;1;Assez bien;Informatique;Général
COH2026-1247;19;65,2 %;37,9;4;9;8;2;6;2;5;2;Assez bien;Biologie;Général
COH2026-1248;22;70,2 %;17,8;3;12;9;1;6;2;3;2;Assez bien;Informatique;Professionnel
COH2026-1249;20;40,5 %;19,3;8;13;9;1;6;2;3;3;Passable;Psychologie;Général
COH2026-1250;18;62,0 %;7,5;5;11;5;0;5;1;3;3;Assez bien;STAPS;Général
COH2026-1251;18;80,7 %;35,9;4;9;6;2;5;1;5;2;Assez bien;Droit;Général
COH2026-1252;18;77,7 %;37,5;1;11;8;4;5;2;4;;Passable;Droit;Technologique
COH2026-1253;19;71,2 %;77,3;4;9;7;4;6;4;2;1;Passable;Psychologie;Technologique
COH2026-1254;22;83,4 %;72,9;1;13;12;7;6;2;4;3;Passable;Lettres;Général
COH2026-1255;18;96,5 %;39,4;3;9;9;4;6;5;5;3;Bien;Droit;Technologique
COH2026-1256;22;86,4 %;44,4;3;8;6;3;7;4;3;3;Bien;Psychologie;Général
COH2026-1257;19;78,9 %;74,7;2;9;7;3;7;2;4;3;Bien;Droit;Général
COH2026-1258;24;90,7 %;68,4;6;9;9;5;7;4;4;3;Passable;Psychologie;Technologique
COH2026-1259;18;66,5 %;83,3;3;12;11;6;6;3;3;4;Passable;Droit;Technologique
COH2026-1260;20;88,0 %;50,0;1;11;11;3;5;4;5;5;Assez bien;Informatique;Général
COH2026-1261;20;82,2 %;15,2;3;8;7;3;6;;5;4;Passable;STAPS;Général
COH2026-1262;20;65,0 %;5,9;7;12;7;0;5;;2;1;Passable;Gestion;Général
COH2026-1263;20;80,2 %;25,9;3;8;7;2;7;3;;;Passable;Psychologie;Technologique
COH2026-1264;23;75,5 %;65,6;5;12;11;3;6;3;4;1;Assez bien;Gestion;Technologique
COH2026-1265;21;82,8 %;41,6;0;12;12;5;6;5;2;3;Assez bien;Gestion;Général
COH2026-1266;23;70,1 %;17,3;9;10;9;1;5;;3;1;Assez bien;Mathématiques;Général
COH2026-1267;17;66,1 %;24,2;6;11;10;2;6;2;4;1;Très bien;Biologie;Général
COH2026-1268;18;91,9 %;51,4;0;10;8;8;5;4;;3;Passable;Gestion;Général
COH2026-1269;19;86,5 %;80,3;4;10;7;2;6;5;2;2;Très bien;STAPS;Général
COH2026-1270;19;84,8 %;46,5;4;10;8;1;5;4;5;3;Passable;Mathématiques;Professionnel
COH2026-1271;20;73,6 %;54,1;5;10;8;4;7;;;3;Passable;STAPS;Général
COH2026-1272;20;68,4 %;108,9;2;10;10;7;5;4;4;;Bien;Mathématiques;Général
COH2026-1273;18;72,2 %;18,7;7;11;7;0;6;1;3;;Bien;Lettres;Général
COH2026-1274;19;83,8 %;32,5;3;10;7;3;6;4;4;;Passable;Mathématiques;Général
COH2026-1275;20;86,7 %;37,3;2;11;10;3;6;4;3;4;Très bien;Psychologie;Technologique
COH2026-1276;19;72,5 %;40,1;4;13;11;5;7;4;3;4;Assez bien;Gestion;Général
COH2026-1277;18;72,7 %;53,4;3;10;8;2;6;3;3;2;Très bien;Informatique;Professionnel
COH2026-1278;20;81,0 %;11,2;4;13;10;4;6;3;2;2;Passable;Mathématiques;Technologique
COH2026-1279;21;51,1 %;0,3;7;12;7;1;5;1;3;3;Assez bien;Psychologie;Technologique
COH2026-1280;18;70,0 %;56,3;5;8;7;4;7;2;3;3;Assez bien;Psychologie;Général
COH2026-1281;23;80,4 %;39,5;0;11;10;4;7;4;3;4;Assez bien;Biologie;Général
COH2026-1282;18;78,7 %;67,5;2;10;8;1;5;4;3;5;Assez bien;Gestion;Général
COH2026-1283;20;60,9 %;2,2;5;8;5;1;7;3;2;;Passable;Droit;Général
COH2026-1284;19;63,6 %;34,7;6;12;9;4;6;1;2;2;Bien;Gestion;Professionnel
COH2026-1285;19;51,2 %;9,7;5;9;5;0;5;1;2;3;Passable;Gestion;Général
COH2026-1286;21;93,8 %;57,4;2;9;8;5;5;5;3;2;Assez bien;Informatique;Technologique
COH2026-1287;19;62,8 %;25,2;4;9;4;0;6;2;3;1;Bien;Lettres;Général
COH2026-1288;22;63,4 %;59,1;5;9;5;2;7;1;1;2;Assez bien;Droit;Technologique
COH2026-1289;17;67,0 %;23,0;5;8;5;0;7;1;2;2;Bien;Informatique;Général
COH2026-1290;17;87,4 %;65,5;1;9;9;5;5;5;3;4;Passable;Gestion;Général
COH2026-1291;17;85,4 %;19,4;3;13;11;6;6;4;3;3;Très bien;Mathématiques;Général
COH2026-1292;18;79,2 %;65,0;2;11;11;6;7;5;4;2;Passable;STAPS;Général
COH2026-1293;22;75,5 %;34,0;5;13;9;2;6;3;3;4;Assez bien;STAPS;Général
COH2026-1294;18;63,5 %;31,0;6;13;11;2;6;2;1;3;Bien;Droit;Technologique
COH2026-1295;21;94,6 %;115,5;3;11;11;9;5;5;5;5;;Mathématiques;Technologique
COH2026-1296;20;46,1 %;5,6;9;13;9;0;6;1;1;2;;Psychologie;Général
COH2026-1297;18;74,3 %;48,0;5;9;7;2;5;2;4;5;Assez bien;Psychologie;Technologique
COH2026-1298;19;80,4 %;32,0;4;8;6;1;5;1;4;4;Passable;Psychologie;Technologique
COH2026-1299;17;71,8 %;47,8;4;12;8;2;5;4;4;3;Bien;Informatique;Général
COH2026-1300;20;66,2 %;18,6;9;12;11;2;6;2;1;4;Assez bien;Droit;Technologique
COH2026-1301;19;68,1 %;24,9;6;10;7;4;5;2;3;2;Assez bien;Informatique;Professionnel
COH2026-1302;21;80,5 %;68,6;6;9;7;1;6;4;2;3;Assez bien;Droit;Professionnel
COH2026-1303;23;72,4 %;40,0;7;12;9;3;6;1;4;2;Passable;Biologie;Technologique
COH2026-1304;17;74,6 %;77,1;4;9;6;4;5;2;3;1;Assez bien;Lettres;Général
COH2026-1305;17;89,8 %;109,6;2;12;10;6;6;5;5;4;Passable;Lettres;Général
COH2026-1306;20;88,6 %;18,8;3;12;10;7;6;4;4;2;Assez bien;Biologie;Professionnel
COH2026-1307;17;78,4 %;36,9;4;8;6;3;6;3;2;2;Passable;STAPS;Général
COH2026-1308;19;80,0 %;88,8;1;8;7;0;7;3;5;3;;Droit;Général
COH2026-1309;21;80,1 %;62,8;4;9;8;3;5;4;;4;Assez bien;Informatique;Général
COH2026-1310;18;61,6 %;19,6;6;8;6;1;7;1;1;1;Assez bien;Droit;Professionnel
COH2026-1311;17;79,8 %;20,6;3;11;9;2;6;3;3;1;;Informatique;Général
COH2026-1312;19;75,5 %;38,5;1;8;8;6;6;4;5;4;Bien;Gestion;Général
COH2026-1313;18;70,4 %;38,6;5;8;5;3;6;2;4;3;Bien;STAPS;Technologique
COH2026-1314;21;66,4 %;31,4;6;12;7;1;5;4;3;2;Passable;STAPS;Général
COH2026-1315;26;74,7 %;30,3;3;9;7;6;6;4;3;2;Passable;STAPS;Technologique
COH2026-1316;19;64,7 %;56,5;3;11;9;8;6;2;3;3;Passable;Biologie;Technologique
COH2026-1317;18;68,6 %;43,0;4;11;9;3;6;3;4;2;Assez bien;STAPS;Général
COH2026-1318;25;80,5 %;15,6;4;8;5;4;6;3;4;3;Assez bien;Gestion;Général
COH2026-1319;24;57,8 %;11,6;7;12;7;3;6;1;3;3;Passable;Gestion;Général
COH2026-1320;20;86,9 %;78,1;0;13;12;3;5;4;5;5;Passable;STAPS;Technologique
COH2026-1321;22;96,1 %;50,1;1;9;8;8;6;4;;3;Bien;Gestion;Général
COH2026-1322;19;92,8 %;90,0;0;9;8;4;5;5;4;4;Très bien;Droit;Général
COH2026-1323;19;99,3 %;67,6;0;13;13;8;6;5;;5;Passable;Droit;Général
COH2026-1324;18;64,0 %;12,7;4;13;9;0;5;2;3;2;Passable;Lettres;Général
COH2026-1325;19;74,8 %;27,1;3;9;7;3;6;4;2;1;Très bien;Lettres;Professionnel
COH2026-1326;24;60,6 %;43,2;5;12;9;1;6;2;2;2;Passable;Informatique;Professionnel
COH2026-1327;20;77,2 %;41,4;3;9;9;4;5;3;3;3;Passable;Psychologie;Général
COH2026-1328;18;81,5 %;25,7;7;13;8;0;5;1;2;1;Passable;Mathématiques;Général
COH2026-1329;19;88,9 %;23,0;3;9;6;3;6;2;2;5;Bien;Mathématiques;Technologique
COH2026-1330;19;75,1 %;59,4;2;10;8;2;6;5;3;2;Très bien;STAPS;Technologique
COH2026-1331;20;78,5 %;56,5;2;8;8;4;6;2;5;3;Passable;Lettres;Général
COH2026-1332;22;73,9 %;31,7;4;10;8;0;6;2;3;3;Assez bien;Biologie;Technologique
COH2026-1333;19;85,0 %;71,3;4;8;6;4;6;4;;3;Assez bien;Droit;Général
COH2026-1334;19;87,5 %;49,3;0;10;10;7;6;4;3;5;Très bien;Lettres;Général
COH2026-1335;19;89,1 %;107,7;3;10;9;6;7;5;3;4;Très bien;Psychologie;Général
COH2026-1336;22;69,6 %;43,5;5;8;5;1;6;4;3;4;;Informatique;Technologique
COH2026-1337;19;75,5 %;38,5;1;8;8;6;6;4;5;4;Bien;Gestion;Général
COH2026-1338;20;92,7 %;79,0;1;13;13;12;6;5;4;;Assez bien;Biologie;Général
COH2026-1339;20;94,3 %;55,7;3;9;8;3;7;5;4;3;Très bien;Droit;Général
COH2026-1340;18;59,3 %;20,8;1;10;7;2;7;2;;2;Assez bien;Informatique;Général
COH2026-1341;18;78,2 %;21,5;3;10;9;0;6;5;2;1;Très bien;Psychologie;Général
COH2026-1342;19;67,1 %;23,7;4;12;5;0;6;1;3;3;Passable;STAPS;Technologique
COH2026-1343;21;93,6 %;18,6;6;10;9;1;5;4;4;;Passable;Biologie;Général
COH2026-1344;18;75,9 %;43,4;3;11;11;6;5;5;;3;Très bien;Gestion;Technologique
COH2026-1345;21;82,3 %;54,4;2;9;9;7;6;4;3;3;Passable;Informatique;Technologique
COH2026-1346;25;82,2 %;66,2;4;13;11;6;5;5;;4;Assez bien;STAPS;Général
COH2026-1347;25;78,8 %;35,6;5;9;7;2;5;3;4;3;Assez bien;Gestion;Technologique
COH2026-1348;20;85,0 %;36,1;4;8;6;3;6;4;3;4;;STAPS;Technologique
COH2026-1349;17;87,7 %;92,4;1;12;12;3;5;4;2;4;Bien;STAPS;Général
COH2026-1350;25;71,1 %;49,7;4;12;9;5;6;3;;3;Assez bien;Droit;Professionnel
COH2026-1351;19;88,1 %;72,8;4;13;13;3;6;5;3;;Bien;Informatique;Général
COH2026-1352;20;87,4 %;53,7;7;11;11;8;7;3;4;4;Assez bien;Psychologie;Technologique
COH2026-1353;20;69,7 %;35,2;0;13;11;0;6;2;3;3;Passable;Informatique;Professionnel
COH2026-1354;20;83,2 %;76,5;2;12;12;6;6;5;;5;Bien;Droit;Général
COH2026-1355;19;79,5 %;58,5;4;13;10;2;7;3;5;3;Assez bien;Biologie;Technologique
COH2026-1356;22;82,7 %;84,6;1;12;12;7;6;5;4;4;Passable;Informatique;Général
COH2026-1357;18;75,0 %;14,3;3;13;11;2;5;4;4;2;Assez bien;Biologie;Technologique
COH2026-1358;17;89,6 %;97,5;1;13;11;6;5;5;2;4;Très bien;Lettres;Technologique
COH2026-1359;18;84,0 %;62,1;7;10;9;3;6;2;2;3;Très bien;Biologie;Général
COH2026-1360;20;65,2 %;27,9;6;11;10;0;7;1;3;;Passable;Gestion;Général
COH2026-1361;21;78,9 %;59,4;5;8;7;4;6;4;3;3;Passable;Psychologie;Général
COH2026-1362;18;94,6 %;63,4;0;10;9;10;5;4;;3;Assez bien;Gestion;Technologique
COH2026-1363;23;65,6 %;45,0;3;12;8;3;7;4;3;;Passable;Gestion;Technologique
COH2026-1364;19;82,6 %;36,6;2;10;8;3;6;2;4;3;Passable;Droit;Technologique
COH2026-1365;18;97,2 %;51,8;3;9;7;2;6;5;3;2;Bien;STAPS;Général
COH2026-1366;18;79,0 %;91,8;2;8;8;5;5;4;4;2;Bien;Droit;Général
COH2026-1367;19;52,1 %;19,2;6;8;6;0;5;3;3;1;Assez bien;STAPS;Général
COH2026-1368;17;81,4 %;29,0;6;11;9;2;7;3;3;4;Passable;Lettres;Professionnel
COH2026-1369;18;80,1 %;26,7;3;11;9;4;5;3;2;3;Très bien;STAPS;Général
COH2026-1370;19;88,9 %;68,8;2;8;8;6;7;4;3;3;Assez bien;Gestion;Général
COH2026-1371;19;68,0 %;12,8;3;13;9;2;5;1;;2;Bien;Mathématiques;Général
COH2026-1372;22;89,7 %;52,5;2;12;12;6;6;5;5;5;Passable;Informatique;Général
COH2026-1373;25;55,9 %;37,6;3;13;7;1;5;2;3;2;Passable;Gestion;Général
COH2026-1374;18;66,8 %;57,3;3;13;9;5;6;5;4;4;Passable;Gestion;Général
COH2026-1375;22;66,0 %;15,9;4;10;6;0;6;1;3;3;;Gestion;Général
COH2026-1376;19;78,9 %;77,2;2;8;8;5;6;4;3;3;Passable;Droit;Général
COH2026-1377;18;83,8 %;29,1;6;12;12;6;6;5;5;4;Passable;Mathématiques;Général
COH2026-1378;17;54,6 %;25,1;6;9;6;0;7;1;2;2;Bien;Gestion;Général
COH2026-1379;18;82,3 %;70,1;5;9;7;2;5;4;5;2;Bien;Gestion;Général
COH2026-1380;19;83,9 %;117,7;0;12;10;6;5;4;4;4;Assez bien;Gestion;Technologique
COH2026-1381;18;54,6 %;20,4;5;11;7;0;6;1;1;2;Très bien;Mathématiques;Général
COH2026-1382;19;72,7 %;16,6;2;10;8;3;7;2;5;3;Assez bien;Biologie;Général
COH2026-1383;19;49,7 %;0,0;8;13;8;0;5;3;3;3;Passable;Mathématiques;Général
COH2026-1384;18;76,5 %;71,1;4;12;9;5;6;;5;4;Passable;Informatique;Général
COH2026-1385;18;72,9 %;22,5;1;8;6;2;6;3;2;3;Passable;STAPS;Général
COH2026-1386;24;50,6 %;39,2;3;8;6;0;5;2;4;2;Passable;Biologie;Général
COH2026-1387;26;62,1 %;4,8;7;10;7;0;5;3;2;3;Passable;Mathématiques;Général
COH2026-1388;23;71,8 %;83,9;5;11;8;0;6;4;3;2;Bien;STAPS;Général
COH2026-1389;22;68,9 %;35,0;7;8;7;0;6;;4;;Très bien;Gestion;Général
COH2026-1390;19;95,4 %;75,6;4;10;10;4;7;5;;3;Assez bien;Informatique;Général
COH2026-1391;18;80,4 %;40,5;2;11;11;4;6;3;3;4;Assez bien;STAPS;Général
COH2026-1392;20;86,2 %;70,3;1;11;11;5;5;3;;3;Très bien;Psychologie;Technologique
COH2026-1393;18;82,8 %;52,2;2;9;7;5;6;3;4;3;Très bien;Mathématiques;Technologique
COH2026-1394;22;79,5 %;27,8;5;11;8;0;6;4;4;1;Bien;Gestion;Général
COH2026-1395;20;81,9 %;53,6;4;9;9;5;6;5;5;2;Passable;Gestion;Général
COH2026-1396;20;99,0 %;61,4;3;8;8;6;6;5;5;4;Passable;Gestion;Professionnel
COH2026-1397;18;47,8 %;0,0;0;10;5;0;7;2;1;3;Passable;Mathématiques;Technologique
COH2026-1398;22;60,4 %;1,5;7;11;7;0;6;1;2;1;Passable;Biologie;Technologique
COH2026-1399;19;74,8 %;19,8;3;12;10;8;6;3;3;3;Assez bien;Informatique;Général
COH2026-1400;19;83,8 %;32,5;3;10;7;3;6;4;4;;Passable;Mathématiques;Général
COH2026-1401;21;85,5 %;102,3;2;11;11;3;6;4;3;4;Passable;Mathématiques;Général
COH2026-1402;20;73,7 %;17,2;6;12;6;1;6;4;2;1;Passable;Mathématiques;Général
COH2026-1403;21;64,5 %;10,0;7;10;7;0;5;2;1;2;Assez bien;Psychologie;Technologique
COH2026-1404;17;68,9 %;82,0;4;8;8;1;6;3;4;5;Passable;Psychologie;Général
COH2026-1405;18;73,2 %;32,6;3;11;9;4;6;2;2;4;Passable;Biologie;Professionnel
COH2026-1406;22;87,5 %;71,7;1;13;12;2;7;4;3;4;Assez bien;Mathématiques;Technologique
COH2026-1407;19;80,5 %;43,6;3;9;6;2;6;3;2;3;Assez bien;Mathématiques;Général
COH2026-1408;20;61,0 %;21,3;7;10;7;0;5;;;1;Assez bien;Droit;Professionnel
COH2026-1409;22;88,2 %;58,0;2;9;8;9;5;3;3;5;Passable;Droit;Professionnel
COH2026-1410;19;92,0 %;66,3;0;8;8;5;6;4;;5;Très bien;Mathématiques;Général
COH2026-1411;20;76,8 %;48,0;6;9;9;2;5;4;;4;Passable;STAPS;Général
COH2026-1412;21;83,4 %;23,3;6;9;7;2;6;2;;3;Passable;Psychologie;Professionnel
COH2026-1413;20;73,4 %;8,6;3;12;9;1;7;4;4;4;Bien;STAPS;Technologique
COH2026-1414;19;89,7 %;43,6;4;10;8;7;6;5;3;3;Passable;Psychologie;Technologique
COH2026-1415;19;74,0 %;85,2;4;8;7;3;6;3;2;3;Passable;Informatique;Technologique
COH2026-1416;20;79,5 %;14,9;6;8;6;1;6;1;3;1;Passable;Gestion;Technologique
COH2026-1417;22;73,9 %;31,7;4;10;8;0;6;2;3;3;Assez bien;Biologie;Technologique
COH2026-1418;19;75,7 %;58,5;4;9;8;3;7;2;3;3;Bien;STAPS;Général
COH2026-1419;20;79,3 %;67,2;9;13;10;1;5;3;2;1;Assez bien;Informatique;Technologique
COH2026-1420;21;86,4 %;76,1;1;8;7;6;7;3;3;5;Passable;Psychologie;Professionnel
COH2026-1421;21;81,1 %;44,3;1;10;8;3;7;4;3;3;Passable;Gestion;Général
COH2026-1422;19;52,1 %;19,2;6;8;6;0;5;3;3;1;Assez bien;STAPS;Général
COH2026-1423;20;78,0 %;20,9;3;13;12;1;6;4;4;3;Très bien;Lettres;Général
COH2026-1424;18;72,2 %;18,7;7;11;7;0;6;1;3;;Bien;Lettres;Général
COH2026-1425;20;74,6 %;37,2;4;12;10;4;6;4;5;4;Passable;Gestion;Général
COH2026-1426;18;61,4 %;8,5;7;10;7;0;5;2;2;1;Assez bien;Gestion;Technologique
COH2026-1427;20;91,8 %;81,2;3;13;13;5;5;4;4;2;Passable;Mathématiques;Général
COH2026-1428;23;75,7 %;44,8;1;10;7;1;7;4;1;2;Passable;Droit;Général
COH2026-1429;21;89,9 %;75,1;1;9;9;7;5;5;3;5;Passable;Biologie;Général
COH2026-1430;18;69,7 %;42,3;2;9;8;5;6;3;4;4;Bien;Psychologie;Général
COH2026-1431;21;99,7 %;103,0;1;11;11;8;6;5;5;5;Très bien;Informatique;Technologique
COH2026-1432;22;85,4 %;39,2;10;11;11;5;6;;3;;Assez bien;Droit;Technologique
COH2026-1433;20;54,0 %;12,1;6;11;8;0;6;2;4;2;Bien;Psychologie;Technologique
COH2026-1434;20;70,5 %;5,9;3;11;7;0;6;1;4;2;Passable;Gestion;Professionnel
COH2026-1435;17;77,6 %;40,0;5;11;9;3;6;;5;4;Bien;Gestion;Général
COH2026-1436;19;91,9 %;72,8;2;13;13;5;6;5;4;3;Passable;Biologie;Général
COH2026-1437;24;98,7 %;34,5;1;13;12;4;6;4;5;5;Assez bien;Lettres;Général
COH2026-1438;20;93,5 %;31,2;3;9;8;2;7;2;5;3;Bien;Gestion;Technologique
COH2026-1439;18;68,0 %;84,1;0;12;11;3;6;5;2;4;Bien;Gestion;Général
COH2026-1440;19;71,7 %;0,8;2;11;9;2;5;3;2;;Assez bien;Mathématiques;Technologique
COH2026-1441;22;88,3 %;62,9;4;10;8;8;6;5;3;5;Passable;Psychologie;Général
COH2026-1442;21;59,7 %;65,6;5;11;9;1;6;3;2;3;Bien;Psychologie;Général
COH2026-1443;19;74,4 %;6,2;2;10;6;0;5;3;4;2;Passable;Biologie;Général
COH2026-1444;19;86,6 %;30,6;4;13;10;6;5;5;5;;Passable;Gestion;Technologique
COH2026-1445;26;94,6 %;47,9;4;12;10;8;5;3;2;3;Très bien;Psychologie;Général
COH2026-1446;18;73,2 %;32,6;3;11;9;4;6;2;2;4;Passable;Biologie;Professionnel
COH2026-1447;21;98,0 %;128,2;0;10;10;8;6;5;5;5;Bien;Gestion;Technologique
COH2026-1448;22;76,4 %;35,6;4;11;8;3;6;3;3;4;Passable;Informatique;Général
COH2026-1449;18;70,0 %;30,5;1;10;9;2;5;4;2;4;Bien;Biologie;Général
COH2026-1450;20;88,4 %;17,0;0;13;13;5;7;;5;4;Bien;Droit;Général
COH2026-1451;19;77,4 %;78,7;2;11;8;3;5;2;2;2;Assez bien;Psychologie;Général
COH2026-1452;18;98,0 %;88,9;0;13;12;12;6;4;3;4;Passable;Gestion;Technologique
COH2026-1453;19;81,0 %;68,8;4;11;10;5;6;4;4;3;Passable;STAPS;Général
COH2026-1454;20;86,9 %;58,5;1;12;11;9;5;2;4;3;Passable;Informatique;Professionnel
COH2026-1455;21;97,4 %;28,9;0;10;10;3;6;3;4;;Passable;Informatique;Général
COH2026-1456;17;69,8 %;22,9;3;9;7;2;7;2;2;2;Passable;Informatique;Général
COH2026-1457;18;65,4 %;25,4;4;13;8;0;6;1;1;2;Très bien;Gestion;Général
COH2026-1458;21;73,4 %;25,9;6;10;9;5;6;4;3;3;Assez bien;Gestion;Général
COH2026-1459;18;74,4 %;30,9;2;10;8;0;6;2;4;1;;Lettres;Technologique
COH2026-1460;17;68,0 %;15,0;6;11;6;0;5;2;5;1;Assez bien;STAPS;Général
COH2026-1461;21;81,4 %;29,8;5;13;11;1;6;2;2;;Passable;Informatique;Général
COH2026-1462;21;82,6 %;84,6;4;10;9;5;7;5;4;3;Passable;STAPS;Général
COH2026-1463;19;65,6 %;107,0;6;10;6;1;7;3;2;1;;Psychologie;Général
COH2026-1464;24;73,3 %;25,5;5;13;9;1;5;2;4;2;Passable;Gestion;Général
COH2026-1465;19;79,2 %;51,4;4;13;10;3;7;3;5;2;Assez bien;Biologie;Général
COH2026-1466;18;62,0 %;33,0;2;8;5;5;6;3;3;1;Assez bien;Informatique;Général
COH2026-1467;22;76,4 %;35,6;4;11;8;3;6;3;3;4;Passable;Informatique;Général
COH2026-1468;21;86,0 %;90,7;6;12;10;4;6;3;3;2;Passable;Droit;Général
COH2026-1469;17;53,1 %;20,3;4;8;4;0;7;1;2;;;Informatique;Professionnel
COH2026-1470;19;84,2 %;22,4;5;11;9;3;5;3;3;4;Passable;Droit;Professionnel
COH2026-1471;18;83,0 %;15,1;2;11;8;1;7;4;2;5;Bien;Gestion;Général
COH2026-1472;21;76,3 %;32,8;2;9;7;5;5;2;2;;Assez bien;Lettres;Général
COH2026-1473;18;98,3 %;69,9;1;11;10;11;7;5;5;3;Passable;STAPS;Technologique
COH2026-1474;19;72,4 %;35,1;5;8;8;2;6;;3;3;Passable;Psychologie;Général
COH2026-1475;18;78,1 %;26,3;4;11;7;2;6;3;2;3;Passable;Lettres;Général
COH2026-1476;21;87,6 %;21,1;4;13;11;6;7;4;5;;Assez bien;Biologie;Général
COH2026-1477;18;78,1 %;26,8;5;12;11;3;6;4;5;3;Passable;Psychologie;Technologique
COH2026-1478;19;75,2 %;29,3;6;13;13;4;5;2;1;4;Assez bien;Mathématiques;Général
COH2026-1479;18;78,7 %;30,8;7;13;8;1;7;2;1;2;Bien;STAPS;Général
COH2026-1480;20;92,6 %;73,0;5;13;13;2;5;3;5;1;Assez bien;STAPS;Général
COH2026-1481;18;82,7 %;33,0;1;12;9;2;7;4;3;1;Assez bien;STAPS;Général
COH2026-1482;18;79,2 %;11,5;6;9;6;2;5;2;3;2;Passable;Informatique;Technologique
COH2026-1483;18;84,6 %;60,0;2;13;13;2;6;5;4;4;Passable;Informatique;Technologique
COH2026-1484;18;70,5 %;5,9;7;12;7;0;6;1;3;2;Bien;Informatique;Professionnel
COH2026-1485;24;81,0 %;43,4;6;8;8;3;7;5;5;2;Passable;Mathématiques;Général
COH2026-1486;18;74,5 %;19,7;5;12;10;3;5;4;3;4;Bien;Informatique;Technologique
COH2026-1487;19;56,6 %;22,2;2;8;7;2;6;3;3;3;Assez bien;STAPS;Général
COH2026-1488;21;81,8 %;25,3;3;12;12;2;6;4;3;3;Passable;Psychologie;Professionnel
COH2026-1489;19;94,0 %;107,2;1;10;8;6;6;4;4;2;;Droit;Général
COH2026-1490;18;81,1 %;36,3;5;8;8;5;7;2;3;3;Passable;Psychologie;Général
COH2026-1491;20;75,0 %;34,7;3;11;11;8;6;5;;3;Assez bien;Mathématiques;Technologique
COH2026-1492;17;97,6 %;93,6;0;8;8;11;6;5;5;4;Passable;Gestion;Technologique
COH2026-1493;20;93,5 %;70,4;0;12;12;1;5;4;5;4;Assez bien;Biologie;Professionnel
COH2026-1494;18;62,9 %;45,2;7;12;9;2;5;3;3;1;Assez bien;Gestion;Général
COH2026-1495;19;72,7 %;65,8;0;8;7;7;5;4;4;4;Passable;Informatique;Général
COH2026-1496;21;85,2 %;29,9;5;11;10;5;7;4;3;;Assez bien;STAPS;Général
COH2026-1497;19;92,9 %;35,8;1;11;11;12;6;5;5;5;Bien;STAPS;Général
COH2026-1498;20;73,2 %;1,8;5;8;5;1;7;3;2;2;Passable;Mathématiques;Général
COH2026-1499;20;74,6 %;37,2;4;12;10;4;6;4;5;4;Passable;Gestion;Général
COH2026-1500;18;77,2 %;57,9;2;12;8;5;6;4;4;2;Passable;Biologie;Général
COH2026-1501;19;72,8 %;42,8;6;9;6;3;6;3;3;3;Bien;Psychologie;Général
COH2026-1502;21;96,6 %;30,9;0;13;13;6;6;5;4;;Passable;Biologie;Général
COH2026-1503;24;76,8 %;48,1;6;9;7;6;6;4;2;1;Très bien;Informatique;Technologique
COH2026-1504;23;67,2 %;61,8;5;13;8;1;6;3;4;2;Assez bien;Mathématiques;Général
COH2026-1505;22;69,9 %;40,5;8;12;11;0;6;3;2;3;Bien;Biologie;Général
COH2026-1506;18;63,3 %;30,3;5;10;9;2;7;3;4;3;Assez bien;Biologie;Général
COH2026-1507;21;77,5 %;6,9;8;11;9;0;6;3;2;2;Très bien;STAPS;Général
COH2026-1508;19;62,6 %;12,5;4;11;9;0;5;3;1;3;Assez bien;Psychologie;Général
COH2026-1509;23;67,2 %;61,8;5;13;8;1;6;3;4;2;Assez bien;Mathématiques;Général
COH2026-1510;20;81,8 %;16,2;6;9;6;1;5;2;3;2;Assez bien;Mathématiques;Technologique
COH2026-1511;23;99,1 %;30,5;7;10;10;7;7;3;3;3;Bien;Biologie;Technologique
COH2026-1512;18;56,7 %;5,1;7;13;7;1;6;1;3;1;Passable;STAPS;Général
COH2026-1513;18;54,9 %;24,4;3;12;6;0;6;2;2;1;Passable;Informatique;Général
COH2026-1514;18;69,2 %;38,5;6;13;11;0;6;5;;2;Bien;Biologie;Technologique
COH2026-1515;18;53,1 %;0,0;6;11;7;0;6;1;2;1;Assez bien;Lettres;Technologique
COH2026-1516;20;90,5 %;26,3;3;11;9;1;7;4;;;Bien;Droit;Général
COH2026-1517;18;94,3 %;41,8;3;13;11;5;6;3;3;4;Bien;Informatique;Technologique
COH2026-1518;21;78,0 %;13,5;4;13;12;1;6;4;4;2;Bien;Droit;Général
COH2026-1519;18;55,4 %;0,3;4;8;4;0;6;1;;;Passable;Informatique;Général
COH2026-1520;21;98,9 %;60,1;2;12;11;3;5;5;5;4;Passable;Gestion;Technologique
COH2026-1521;23;84,1 %;45,6;2;13;11;2;5;3;;5;Passable;Droit;Général
COH2026-1522;17;65,3 %;53,0;6;9;6;0;5;2;;2;Passable;Informatique;Technologique
COH2026-1523;18;94,8 %;53,8;4;9;8;5;6;5;3;4;Bien;Lettres;Technologique
COH2026-1524;21;74,6 %;65,0;4;11;10;3;5;3;4;2;Passable;Biologie;Technologique
COH2026-1525;18;93,9 %;69,4;7;13;13;4;5;4;3;4;Passable;Psychologie;Général
COH2026-1526;21;69,0 %;21,0;4;13;10;0;5;2;3;5;Passable;STAPS;Général
COH2026-1527;18;81,0 %;74,4;4;13;12;3;5;3;5;3;Assez bien;STAPS;Général
COH2026-1528;21;88,6 %;49,2;3;12;10;1;5;4;4;4;Assez bien;Psychologie;Général
COH2026-1529;19;77,5 %;4,7;8;10;9;1;5;4;5;4;Passable;Lettres;Général
COH2026-1530;17;76,1 %;65,3;3;13;12;5;6;4;3;5;Assez bien;Informatique;Général
COH2026-1531;20;64,8 %;26,2;5;13;7;3;6;3;5;3;Assez bien;Gestion;Général
COH2026-1532;24;66,0 %;18,8;4;8;6;0;5;2;2;4;Assez bien;Gestion;Général
COH2026-1533;18;75,3 %;52,5;3;10;10;6;6;2;3;4;Assez bien;Mathématiques;Général
COH2026-1534;21;64,4 %;49,5;7;8;7;2;6;4;2;3;Passable;Droit;Général
COH2026-1535;22;76,9 %;116,6;2;10;9;3;5;3;2;3;Passable;Informatique;Technologique
COH2026-1536;20;88,0 %;25,6;3;9;9;8;6;5;3;3;Très bien;Informatique;Général
COH2026-1537;19;38,3 %;17,5;0;12;8;0;5;2;3;1;Passable;Gestion;Technologique
COH2026-1538;21;83,8 %;94,3;5;9;7;8;7;2;4;3;Très bien;Gestion;Technologique
COH2026-1539;20;97,7 %;66,6;3;8;8;6;7;5;;3;Assez bien;Gestion;Général
COH2026-1540;20;77,3 %;47,8;3;8;6;3;6;2;4;3;Bien;Lettres;Général
COH2026-1541;17;84,7 %;42,5;5;11;9;1;5;;2;4;Passable;Gestion;Général
COH2026-1542;19;70,0 %;19,6;4;10;7;1;7;1;2;;Assez bien;Biologie;Général
COH2026-1543;25;80,5 %;15,6;4;8;5;4;6;3;4;3;Assez bien;Gestion;Général
COH2026-1544;17;98,2 %;48,6;3;9;8;3;7;5;3;3;Assez bien;Droit;Général
COH2026-1545;18;64,4 %;29,8;7;11;8;2;6;4;4;1;Bien;Lettres;Général
COH2026-1546;18;85,7 %;115,6;2;10;10;4;6;4;5;3;Bien;Droit;Technologique
COH2026-1547;17;91,5 %;71,9;2;8;7;7;5;4;3;2;Assez bien;STAPS;Général
COH2026-1548;20;65,1 %;2,0;5;12;9;1;7;1;3;1;Assez bien;Biologie;Professionnel
COH2026-1549;21;60,0 %;15,6;7;12;7;0;7;3;3;1;Assez bien;Biologie;Général
COH2026-1550;20;64,8 %;25,9;3;11;10;2;6;3;5;3;Assez bien;Psychologie;Professionnel
COH2026-1551;20;65,0 %;5,9;7;12;7;0;5;;2;1;Passable;Gestion;Général
COH2026-1552;18;64,4 %;19,1;6;9;6;0;7;1;3;2;Passable;STAPS;Professionnel
COH2026-1553;18;99,9 %;61,3;0;9;9;6;6;5;5;;;Informatique;Général
COH2026-1554;21;70,3 %;16,4;2;8;7;3;5;2;2;2;Bien;Informatique;Professionnel
COH2026-1555;18;99,2 %;36,6;1;11;10;6;7;5;4;3;;Informatique;Technologique
COH2026-1556;22;79,9 %;31,5;6;9;9;5;7;4;5;3;Assez bien;Mathématiques;Technologique
COH2026-1557;22;69,5 %;86,0;2;11;9;0;6;2;2;3;Assez bien;STAPS;Professionnel
COH2026-1558;20;50,1 %;16,7;4;13;7;0;6;2;4;1;Bien;Informatique;Général
COH2026-1559;25;98,5 %;103,2;1;9;8;1;5;5;4;3;Bien;Psychologie;Technologique
COH2026-1560;22;77,1 %;13,8;8;12;8;0;7;3;3;2;Très bien;Informatique;Général
COH2026-1561;19;80,1 %;16,3;7;10;7;0;6;1;3;1;Assez bien;Biologie;Professionnel
COH2026-1562;20;87,0 %;23,4;7;10;8;3;6;2;5;2;Assez bien;Droit;Général
COH2026-1563;19;64,9 %;44,5;3;8;6;2;7;;4;2;Passable;Lettres;Général
COH2026-1564;19;74,7 %;32,9;3;13;12;0;6;4;1;3;Bien;Informatique;Technologique
COH2026-1565;18;77,9 %;29,3;1;13;12;4;5;4;5;4;Assez bien;Informatique;Général
COH2026-1566;23;87,0 %;32,8;3;9;8;6;6;5;3;;Passable;Biologie;Professionnel
COH2026-1567;20;77,1 %;6,7;6;10;6;0;6;1;3;5;Assez bien;Mathématiques;Général
COH2026-1568;19;64,9 %;44,5;3;8;6;2;7;;4;2;Passable;Lettres;Général
COH2026-1569;19;89,4 %;116,9;3;9;7;9;7;4;4;3;Assez bien;Biologie;Général
COH2026-1570;19;97,0 %;74,5;0;10;10;6;5;5;5;4;Assez bien;Biologie;Général
COH2026-1571;17;65,9 %;55,8;5;9;7;0;5;3;4;;Passable;Informatique;Général
COH2026-1572;19;69,3 %;38,4;5;8;6;2;5;;2;4;Assez bien;Mathématiques;Général
COH2026-1573;19;80,5 %;33,5;3;13;9;5;6;5;4;2;Bien;Informatique;Professionnel
COH2026-1574;17;97,9 %;57,3;0;12;11;11;6;5;5;3;Assez bien;Mathématiques;Général
COH2026-1575;22;76,0 %;46,0;2;11;9;7;7;5;2;4;Assez bien;Informatique;Général
COH2026-1576;19;75,4 %;63,5;4;12;11;1;6;4;2;3;Très bien;Biologie;Général
COH2026-1577;17;78,3 %;42,5;2;12;10;3;6;2;4;3;Passable;STAPS;Général
COH2026-1578;19;71,8 %;2,9;5;9;5;0;6;2;2;3;Bien;Biologie;Général
COH2026-1579;20;82,6 %;38,3;4;8;6;2;6;4;4;3;Assez bien;Biologie;Général
COH2026-1580;23;64,4 %;28,0;4;11;6;0;6;2;4;4;Assez bien;Droit;Technologique
COH2026-1581;21;68,1 %;33,4;1;13;13;3;6;4;3;4;Bien;Psychologie;Général
COH2026-1582;19;70,4 %;29,7;4;11;10;1;7;5;3;3;Assez bien;Informatique;Général
COH2026-1583;18;65,4 %;25,4;4;13;8;0;6;1;1;2;Très bien;Gestion;Général
COH2026-1584;22;79,6 %;59,2;4;11;8;2;7;5;1;2;Bien;Informatique;Général
COH2026-1585;21;88,0 %;34,0;1;11;9;4;7;4;4;3;Bien;Psychologie;Général
COH2026-1586;19;70,8 %;118,4;2;9;7;7;7;3;3;4;Passable;Informatique;Général
COH2026-1587;19;46,3 %;0,0;6;12;6;0;6;1;1;1;Assez bien;Gestion;Général
COH2026-1588;19;72,2 %;22,9;5;12;10;0;7;2;2;3;Bien;STAPS;Général
COH2026-1589;22;62,3 %;7,3;6;12;6;0;6;2;3;2;Bien;Gestion;Technologique
COH2026-1590;17;97,6 %;93,6;0;8;8;11;6;5;5;4;Passable;Gestion;Technologique
COH2026-1591;22;73,7 %;49,0;5;13;12;4;5;4;3;3;Passable;Psychologie;Technologique
COH2026-1592;18;98,6 %;71,4;2;10;10;7;6;5;4;3;Passable;Informatique;Général
COH2026-1593;20;54,2 %;0,3;8;11;8;0;6;4;2;2;Passable;Mathématiques;Général
COH2026-1594;19;55,7 %;21,2;8;13;8;0;5;4;1;1;Assez bien;Droit;Général
COH2026-1595;22;83,4 %;48,7;1;13;8;3;7;;2;;Passable;Gestion;Professionnel
COH2026-1596;21;54,0 %;27,6;7;12;7;0;6;2;3;1;;Lettres;Général
COH2026-1597;19;86,0 %;52,3;3;13;11;3;5;4;5;3;Passable;Informatique;Général
COH2026-1598;19;90,1 %;13,7;5;13;11;1;6;4;4;1;;Informatique;Technologique
COH2026-1599;19;82,5 %;53,5;7;13;9;2;5;2;2;2;Passable;Droit;Général
COH2026-1600;19;81,8 %;61,3;2;13;11;0;5;4;5;4;Passable;Lettres;Général
COH2026-1601;20;65,2 %;27,9;6;11;10;0;7;1;3;;Passable;Gestion;Général
COH2026-1602;20;70,3 %;52,9;1;12;11;2;6;3;4;3;Passable;Psychologie;Technologique
COH2026-1603;22;81,8 %;19,2;6;8;6;2;6;4;3;4;Très bien;Informatique;Général
COH2026-1604;22;56,1 %;14,5;5;8;5;2;6;3;;2;Assez bien;Gestion;Général
COH2026-1605;21;56,2 %;44,4;1;11;9;0;6;1;;3;Assez bien;Informatique;Professionnel
COH2026-1606;17;53,9 %;4,3;8;11;8;0;5;1;;2;Assez bien;Mathématiques;Technologique
COH2026-1607;20;54,8 %;4,6;7;11;7;0;6;2;3;2;Assez bien;Psychologie;Général
COH2026-1608;20;97,9 %;138,7;2;10;10;5;7;5;5;5;Bien;Gestion;Général
COH2026-1609;20;67,9 %;28,3;7;13;9;2;6;2;2;2;Passable;Informatique;Professionnel
COH2026-1610;22;70,5 %;23,9;7;12;7;0;6;2;3;;Assez bien;Gestion;Général
COH2026-1611;21;71,0 %;5,4;5;10;5;0;6;1;1;1;Passable;Droit;Général
COH2026-1612;20;61,3 %;55,5;6;13;12;2;6;3;1;4;Passable;Droit;Général
COH2026-1613;19;92,5 %;26,4;8;13;8;2;6;2;3;3;Passable;Mathématiques;Technologique
COH2026-1614;18;85,6 %;40,6;3;10;8;1;7;3;;4;Bien;Gestion;Général
COH2026-1615;24;74,4 %;34,9;0;9;7;4;6;3;;3;Assez bien;Mathématiques;Professionnel
COH2026-1616;18;96,2 %;51,4;0;13;13;8;7;5;5;4;Passable;Droit;Professionnel
COH2026-1617;18;99,9 %;61,3;0;9;9;6;6;5;5;;;Informatique;Général
COH2026-1618;20;62,7 %;30,3;3;11;9;1;5;1;2;3;Passable;Biologie;Général
COH2026-1619;20;48,1 %;0,0;7;13;7;0;7;1;4;1;Assez bien;Psychologie;Général
COH2026-1620;21;83,7 %;41,5;0;13;12;7;7;4;5;3;Passable;Lettres;Général
COH2026-1621;18;76,5 %;35,1;8;11;8;3;6;1;3;1;Passable;STAPS;Technologique
COH2026-1622;18;80,3 %;72,4;2;9;7;5;5;4;3;4;Passable;Gestion;Général
COH2026-1623;22;68,4 %;16,9;4;11;7;0;6;2;1;2;Passable;Psychologie;Professionnel
COH2026-1624;18;89,6 %;62,0;1;12;11;8;6;5;;;Passable;STAPS;Professionnel
COH2026-1625;21;78,0 %;50,6;3;10;8;1;6;3;1;3;Assez bien;Psychologie;Général
COH2026-1626;19;62,2 %;31,2;8;10;8;1;6;3;3;2;Passable;Gestion;Technologique
COH2026-1627;22;84,9 %;50,6;4;9;9;3;6;4;4;3;;Informatique;Général
COH2026-1628;20;74,0 %;39,6;4;13;10;4;6;2;1;4;Assez bien;Gestion;Professionnel
COH2026-1629;19;92,3 %;16,5;3;11;8;2;6;3;4;1;Bien;Mathématiques;Général
COH2026-1630;17;65,5 %;31,5;3;12;8;1;6;3;3;4;Bien;Biologie;Général
COH2026-1631;19;87,6 %;20,7;5;8;8;7;7;4;2;1;Assez bien;Informatique;Général
COH2026-1632;20;95,2 %;58,0;5;13;11;2;6;5;3;4;Bien;Lettres;Technologique
COH2026-1633;20;79,7 %;81,9;0;10;9;0;6;5;5;3;Bien;Informatique;Général
COH2026-1634;24;71,0 %;65,8;5;13;10;3;6;2;4;2;;Mathématiques;Général
COH2026-1635;21;92,8 %;71,8;3;12;11;6;5;;4;3;Passable;Informatique;Technologique
COH2026-1636;20;82,7 %;67,6;3;8;7;4;5;3;3;2;Assez bien;Droit;Technologique
COH2026-1637;19;86,4 %;81,8;2;11;11;3;5;5;4;3;Passable;Gestion;Général
COH2026-1638;18;79,0 %;55,0;3;9;9;3;6;3;5;3;Passable;Mathématiques;Général
COH2026-1639;21;66,7 %;35,9;4;12;8;3;5;3;2;2;Bien;Biologie;Technologique
COH2026-1640;17;78,8 %;35,0;5;8;8;9;6;;5;4;Bien;Gestion;Général
COH2026-1641;20;71,2 %;4,7;3;8;6;2;6;;3;2;Passable;Lettres;Général
COH2026-1642;21;80,6 %;73,0;3;12;9;4;7;5;2;4;Très bien;Gestion;Général
COH2026-1643;19;34,8 %;0,0;5;12;5;0;7;2;4;2;Assez bien;Droit;Général
COH2026-1644;19;88,1 %;43,3;8;11;8;5;6;5;4;3;Passable;Informatique;Général
COH2026-1645;21;90,6 %;72,0;1;10;8;5;5;4;5;4;Bien;Gestion;Technologique
COH2026-1646;18;93,8 %;70,0;2;12;12;6;6;5;5;5;Très bien;STAPS;Général
COH2026-1647;20;64,2 %;29,1;7;8;7;2;7;3;5;2;Assez bien;Biologie;Général
COH2026-1648;20;78,9 %;64,1;5;11;11;8;5;4;4;;Assez bien;Psychologie;Général
COH2026-1649;22;62,7 %;34,9;3;10;7;2;6;1;2;3;Passable;Informatique;Professionnel
COH2026-1650;23;82,9 %;25,6;2;13;13;5;6;4;2;3;Passable;Psychologie;Général
COH2026-1651;18;71,0 %;40,4;4;8;6;1;5;2;;3;Passable;Informatique;Technologique
COH2026-1652;18;77,8 %;52,1;5;9;5;2;6;3;3;3;Bien;Gestion;Professionnel
COH2026-1653;22;80,0 %;35,1;2;10;9;6;6;4;4;4;Bien;Informatique;Général
COH2026-1654;21;99,2 %;69,1;1;9;9;4;5;;5;5;Passable;Biologie;Général
COH2026-1655;22;83,7 %;22,8;4;13;12;2;5;2;4;2;;Lettres;Général
COH2026-1656;19;76,2 %;38,5;4;10;8;2;5;1;;3;Bien;STAPS;Technologique
COH2026-1657;19;92,3 %;16,5;3;11;8;2;6;3;4;1;Bien;Mathématiques;Général
COH2026-1658;19;84,9 %;11,4;6;8;6;2;7;3;4;2;Bien;Informatique;Technologique
COH2026-1659;22;62,3 %;7,3;6;12;6;0;6;2;3;2;Bien;Gestion;Technologique
COH2026-1660;19;72,2 %;65,0;8;11;8;6;6;3;3;3;Bien;Informatique;Général
COH2026-1661;20;77,4 %;13,9;4;8;8;1;7;3;;3;;Psychologie;Professionnel
COH2026-1662;22;68,1 %;75,2;4;10;8;4;7;3;4;3;Assez bien;Informatique;Général
COH2026-1663;19;63,4 %;13,4;3;8;5;0;7;3;4;3;Passable;Gestion;Professionnel
COH2026-1664;23;87,7 %;64,2;1;11;11;4;5;4;;5;Bien;Lettres;Général
COH2026-1665;23;96,6 %;98,9;0;9;9;6;6;5;4;4;Passable;Informatique;Général
COH2026-1666;20;85,7 %;30,9;3;9;6;6;6;3;3;1;Assez bien;Mathématiques;Général
COH2026-1667;18;77,9 %;29,3;1;13;12;4;5;4;5;4;Assez bien;Informatique;Général
COH2026-1668;23;70,2 %;24,8;4;11;7;2;5;1;3;2;Passable;Psychologie;Professionnel
COH2026-1669;19;63,6 %;34,7;6;12;9;4;6;1;2;2;Bien;Gestion;Professionnel
COH2026-1670;20;70,1 %;46,8;3;12;11;6;6;5;3;2;Assez bien;Informatique;Technologique
COH2026-1671;19;87,9 %;47,5;0;10;8;2;5;3;3;3;Très bien;Psychologie;Professionnel
COH2026-1672;18;98,6 %;80,9;0;13;12;5;6;;5;4;Très bien;Droit;Professionnel
COH2026-1673;19;78,1 %;27,4;2;10;8;3;7;3;;3;Passable;Biologie;Technologique
COH2026-1674;21;67,6 %;10,2;5;8;5;0;6;3;3;1;Bien;Mathématiques;Général
COH2026-1675;20;84,3 %;107,8;1;11;11;8;6;5;3;2;Passable;Droit;Général
COH2026-1676;21;85,8 %;15,9;4;8;7;6;6;4;5;2;;Droit;Technologique
COH2026-1677;18;84,8 %;83,3;2;9;9;6;5;5;4;4;Très bien;Lettres;Général
COH2026-1678;24;71,3 %;39,9;5;13;9;0;6;3;;1;Assez bien;Informatique;Général
COH2026-1679;21;87,4 %;47,6;3;13;10;5;6;5;4;2;Très bien;Biologie;Général
COH2026-1680;24;66,0 %;23,9;4;10;7;1;6;1;1;2;Très bien;Psychologie;Professionnel
COH2026-1681;22;88,3 %;97,0;2;9;9;4;7;5;5;4;Bien;Gestion;Professionnel
COH2026-1682;21;82,6 %;51,0;4;10;8;3;5;3;2;4;Passable;Droit;Général
COH2026-1683;20;91,0 %;44,2;4;8;6;9;5;4;3;3;Assez bien;Informatique;Professionnel
COH2026-1684;20;57,7 %;29,0;4;11;9;0;7;2;3;1;Assez bien;Informatique;Général
COH2026-1685;18;83,0 %;35,6;7;12;11;4;7;4;4;2;Assez bien;Lettres;Général
COH2026-1686;19;81,9 %;32,9;3;11;6;3;6;3;;3;Très bien;STAPS;Général
COH2026-1687;20;50,1 %;16,7;4;13;7;0;6;2;4;1;Bien;Informatique;Général
COH2026-1688;22;82,6 %;22,1;5;9;5;2;5;;3;1;Bien;Mathématiques;Technologique
COH2026-1689;24;78,7 %;61,8;4;10;10;3;5;4;4;2;Passable;Psychologie;Technologique
COH2026-1690;18;71,0 %;40,4;4;8;6;1;5;2;;3;Passable;Informatique;Technologique
COH2026-1691;18;93,5 %;43,1;5;10;8;2;6;3;2;3;Assez bien;Lettres;Général
COH2026-1692;19;52,6 %;21,6;8;12;8;0;6;1;;;Assez bien;Psychologie;Général
COH2026-1693;21;82,0 %;111,4;4;9;8;10;6;4;2;5;Assez bien;Informatique;Technologique
COH2026-1694;18;97,1 %;71,2;5;8;8;2;6;4;5;2;Bien;Biologie;Technologique
COH2026-1695;18;96,9 %;60,5;2;10;10;9;6;5;5;5;;Droit;Technologique
COH2026-1696;19;96,6 %;93,6;7;12;12;2;6;;;5;Bien;Droit;Technologique
COH2026-1697;18;65,8 %;22,1;5;10;5;0;7;2;3;3;Passable;STAPS;Général
COH2026-1698;18;66,1 %;28,4;5;10;8;1;6;5;2;4;Très bien;Gestion;Général
COH2026-1699;20;53,5 %;0,0;4;9;4;0;6;1;2;1;Passable;Biologie;Technologique
COH2026-1700;20;80,7 %;34,5;3;13;10;1;6;3;4;1;Passable;STAPS;Général
COH2026-1701;17;64,8 %;17,8;4;10;9;1;6;4;2;2;Assez bien;STAPS;Technologique
COH2026-1702;21;71,4 %;25,2;5;8;6;5;7;5;2;4;Passable;STAPS;Général
COH2026-1703;19;84,5 %;43,2;3;9;7;0;5;3;5;1;Assez bien;Droit;Général
COH2026-1704;20;73,7 %;17,2;6;12;6;1;6;4;2;1;Passable;Mathématiques;Général
COH2026-1705;19;93,8 %;31,0;3;12;10;4;6;3;4;4;Assez bien;Gestion;Général
COH2026-1706;21;78,3 %;81,5;3;8;6;3;6;2;3;1;Assez bien;Gestion;Technologique
COH2026-1707;18;78,0 %;18,2;4;13;10;4;5;;3;2;Assez bien;Gestion;Technologique
COH2026-1708;21;73,7 %;52,4;5;11;10;1;6;1;3;3;Assez bien;Informatique;Général
COH2026-1709;18;58,9 %;43,8;5;13;10;0;6;3;3;3;Assez bien;Mathématiques;Général
COH2026-1710;20;89,3 %;75,0;6;8;7;2;7;;1;3;Passable;Informatique;Général
COH2026-1711;17;81,3 %;18,9;5;12;10;4;6;3;2;2;;Gestion;Général
COH2026-1712;19;84,5 %;58,3;2;13;13;5;5;5;5;4;Très bien;Mathématiques;Technologique
COH2026-1713;19;81,2 %;61,2;4;13;11;3;6;3;3;4;Passable;Biologie;Général
COH2026-1714;20;66,5 %;20,6;5;10;7;1;6;3;2;4;Passable;Gestion;Général
COH2026-1715;20;82,8 %;44,6;1;9;7;5;6;2;3;3;Passable;Psychologie;Général
COH2026-1716;23;87,7 %;64,2;1;11;11;4;5;4;;5;Bien;Lettres;Général
COH2026-1717;18;79,0 %;91,8;2;8;8;5;5;4;4;2;Bien;Droit;Général
COH2026-1718;17;69,8 %;22,9;3;9;7;2;7;2;2;2;Passable;Informatique;Général
COH2026-1719;19;77,3 %;45,6;1;12;11;2;7;3;4;3;Passable;Biologie;Technologique
COH2026-1720;20;55,6 %;13,5;1;11;9;1;5;5;4;5;Assez bien;Droit;Général
COH2026-1721;20;91,8 %;16,8;2;11;11;3;7;4;;3;Assez bien;STAPS;Général
COH2026-1722;20;92,5 %;57,0;2;12;11;3;7;5;2;3;Passable;Informatique;Technologique
COH2026-1723;21;85,6 %;20,9;3;9;6;2;7;2;3;;Passable;Mathématiques;Technologique
COH2026-1724;22;90,3 %;71,3;2;12;12;10;6;5;5;5;Passable;Biologie;Général
COH2026-1725;19;67,2 %;19,2;4;11;6;0;5;;;2;Assez bien;Biologie;Technologique
COH2026-1726;18;70,9 %;42,0;6;10;7;2;5;3;5;2;Passable;Informatique;Général
COH2026-1727;20;83,6 %;35,5;2;11;8;0;5;3;4;4;Passable;Biologie;Général
COH2026-1728;19;61,6 %;18,9;4;8;4;0;7;2;;2;Passable;STAPS;Professionnel
COH2026-1729;19;81,2 %;61,2;4;13;11;3;6;3;3;4;Passable;Biologie;Général
COH2026-1730;19;88,6 %;67,6;1;9;9;6;6;3;3;4;;Gestion;Professionnel
COH2026-1731;23;89,1 %;56,0;0;8;8;8;6;4;3;4;Bien;Psychologie;Technologique
COH2026-1732;23;89,6 %;68,0;0;13;12;2;7;5;5;5;Passable;Droit;Général
COH2026-1733;20;96,9 %;63,8;1;12;11;4;6;5;5;3;Passable;Informatique;Général
COH2026-1734;18;70,2 %;35,9;3;8;7;1;6;1;2;1;Passable;Gestion;Professionnel
COH2026-1735;18;57,7 %;11,5;7;13;7;0;7;1;1;1;Passable;Gestion;Professionnel
COH2026-1736;20;97,2 %;110,4;0;9;9;4;6;5;4;5;Bien;Psychologie;Technologique
COH2026-1737;17;71,7 %;32,7;4;12;11;2;6;3;3;5;Assez bien;Informatique;Professionnel
COH2026-1738;21;80,4 %;32,9;5;9;9;3;6;5;4;3;Très bien;Mathématiques;Général
COH2026-1739;19;75,5 %;38,5;1;8;8;6;6;4;5;4;Bien;Gestion;Général
COH2026-1740;18;77,0 %;61,5;4;8;5;2;6;5;4;4;Assez bien;STAPS;Général
COH2026-1741;18;84,8 %;47,0;5;11;8;0;6;2;2;2;Bien;Gestion;Professionnel
COH2026-1742;18;79,8 %;5,2;7;10;8;0;6;1;2;4;Bien;Biologie;Général
COH2026-1743;18;84,8 %;49,3;4;13;12;3;5;3;3;3;Très bien;STAPS;Professionnel
COH2026-1744;17;89,9 %;55,2;0;9;9;3;7;5;4;3;Passable;Informatique;Professionnel
COH2026-1745;22;81,0 %;30,0;5;9;8;3;5;3;2;2;Assez bien;Droit;Général
COH2026-1746;20;97,2 %;63,2;0;10;9;10;5;5;5;4;Passable;Biologie;Général
COH2026-1747;22;91,2 %;41,7;4;11;11;3;6;4;4;;Assez bien;Lettres;Technologique
COH2026-1748;20;85,0 %;36,1;4;8;6;3;6;4;3;4;;STAPS;Technologique
COH2026-1749;19;65,6 %;107,0;6;10;6;1;7;3;2;1;;Psychologie;Général
COH2026-1750;20;82,2 %;15,2;3;8;7;3;6;;5;4;Passable;STAPS;Général
COH2026-1751;22;99,3 %;85,0;4;10;9;7;7;5;3;4;Bien;Lettres;Général
COH2026-1752;21;55,1 %;27,0;7;12;7;0;6;3;2;1;Bien;Psychologie;Général
COH2026-1753;19;61,4 %;56,5;5;8;6;5;6;3;2;4;Bien;Lettres;Général
COH2026-1754;21;80,4 %;25,4;3;13;12;5;7;5;5;3;Assez bien;Gestion;Général
COH2026-1755;18;78,0 %;18,2;4;13;10;4;5;;3;2;Assez bien;Gestion;Technologique
COH2026-1756;21;84,9 %;50,7;1;8;6;8;6;5;3;3;Assez bien;Droit;Général
COH2026-1757;20;59,9 %;30,5;2;13;9;1;6;1;4;3;Assez bien;Droit;Professionnel
COH2026-1758;20;70,1 %;15,9;5;11;10;2;5;3;3;2;Passable;Droit;Général
COH2026-1759;19;77,2 %;18,0;4;13;10;2;6;2;4;1;Passable;STAPS;Général
COH2026-1760;19;86,0 %;54,6;5;8;6;2;6;5;2;3;Bien;Mathématiques;Général
COH2026-1761;19;69,0 %;4,1;6;13;6;0;7;1;1;2;Passable;Gestion;Général
COH2026-1762;19;79,2 %;51,4;4;13;10;3;7;3;5;2;Assez bien;Biologie;Général
COH2026-1763;20;83,7 %;53,6;5;11;10;6;6;2;3;3;Assez bien;Informatique;Général
COH2026-1764;20;86,6 %;75,5;4;8;7;6;6;5;3;3;Bien;Droit;Général
COH2026-1765;19;73,0 %;10,9;2;11;9;4;6;4;5;2;Passable;Informatique;Général
COH2026-1766;20;70,5 %;33,7;3;12;12;2;6;1;3;3;Assez bien;Lettres;Général
COH2026-1767;23;79,3 %;33,4;6;8;8;8;6;4;3;5;Très bien;Psychologie;Général
COH2026-1768;22;86,6 %;58,9;4;8;8;3;6;1;5;2;Passable;Lettres;Technologique
COH2026-1769;18;98,6 %;41,5;3;10;9;3;5;4;5;4;Assez bien;Gestion;Technologique
COH2026-1770;17;79,9 %;74,0;2;8;7;9;5;3;4;4;Bien;Psychologie;Général
COH2026-1771;20;64,6 %;10,5;6;9;6;0;6;1;1;1;Bien;STAPS;Technologique
COH2026-1772;21;94,2 %;66,1;1;9;8;4;6;4;4;2;Bien;Informatique;Technologique
COH2026-1773;20;97,0 %;60,2;1;10;9;8;7;5;5;3;Passable;STAPS;Technologique
COH2026-1774;20;80,1 %;80,5;1;10;8;5;5;5;4;;Passable;Gestion;Technologique
COH2026-1775;19;80,7 %;57,1;3;9;7;3;5;3;1;2;Bien;STAPS;Général
COH2026-1776;17;88,2 %;69,6;1;8;6;5;7;5;4;5;Assez bien;Biologie;Technologique
COH2026-1777;23;70,1 %;9,6;7;12;9;1;6;2;2;2;Passable;STAPS;Technologique
COH2026-1778;18;85,7 %;30,3;1;8;7;1;6;3;1;2;Bien;Biologie;Général
COH2026-1779;17;57,7 %;15,4;2;10;6;1;5;4;2;3;Assez bien;Lettres;Technologique
COH2026-1780;20;89,1 %;44,6;2;10;10;3;7;3;4;3;Passable;Biologie;Technologique
COH2026-1781;17;86,5 %;44,7;4;12;9;3;5;4;4;5;Très bien;Psychologie;Technologique
COH2026-1782;21;60,4 %;27,9;4;11;6;2;5;2;3;;Très bien;STAPS;Technologique
COH2026-1783;19;87,1 %;79,4;3;9;8;2;5;4;3;3;Assez bien;Gestion;Général
COH2026-1784;17;78,5 %;17,4;4;10;8;5;6;1;5;3;;Mathématiques;Professionnel
COH2026-1785;19;72,4 %;35,1;5;8;8;2;6;;3;3;Passable;Psychologie;Général
COH2026-1786;18;89,2 %;40,5;5;12;10;3;6;5;2;;Assez bien;STAPS;Général
COH2026-1787;20;90,5 %;26,3;3;11;9;1;7;4;;;Bien;Droit;Général
COH2026-1788;17;82,8 %;55,3;4;11;10;4;5;3;4;2;Passable;Gestion;Général
COH2026-1789;18;84,8 %;83,3;2;9;9;6;5;5;4;4;Très bien;Lettres;Général
COH2026-1790;20;78,5 %;42,2;5;8;6;6;6;1;3;2;Passable;Gestion;Général
COH2026-1791;21;68,0 %;10,2;4;13;8;0;7;1;2;3;Assez bien;Psychologie;Professionnel
COH2026-1792;19;71,7 %;43,6;2;8;7;3;6;4;3;2;Assez bien;Psychologie;Professionnel
COH2026-1793;21;70,6 %;26,1;1;13;9;1;5;4;4;2;Passable;Mathématiques;Technologique
COH2026-1794;17;63,1 %;10,3;4;9;6;0;6;3;4;3;Passable;Informatique;Général
COH2026-1795;20;76,8 %;48,0;6;9;9;2;5;4;;4;Passable;STAPS;Général
COH2026-1796;19;70,5 %;14,0;5;11;8;0;6;1;4;4;Assez bien;Mathématiques;Général
COH2026-1797;17;61,4 %;42,9;3;11;10;3;5;2;3;4;Assez bien;Biologie;Technologique
COH2026-1798;19;85,4 %;91,2;2;11;11;5;6;5;;5;Bien;Informatique;Général
COH2026-1799;23;95,7 %;53,2;0;13;13;7;6;4;4;3;Assez bien;Lettres;Professionnel
COH2026-1800;17;75,8 %;62,3;4;8;5;5;6;3;2;1;Assez bien;Droit;Général
COH2026-1801;19;79,8 %;31,0;0;10;9;3;6;4;3;3;Passable;STAPS;Général
COH2026-1802;19;60,9 %;8,0;6;8;6;0;6;2;3;1;Passable;Biologie;Professionnel
COH2026-1803;17;83,3 %;16,4;6;11;9;0;6;3;3;3;Passable;Biologie;Général
COH2026-1804;20;68,2 %;33,3;6;11;8;3;5;3;1;3;Très bien;Psychologie;Professionnel
COH2026-1805;21;66,2 %;25,2;3;8;5;0;6;;4;1;Passable;Informatique;Technologique
COH2026-1806;18;81,2 %;71,1;4;9;8;2;7;3;3;1;Assez bien;STAPS;Technologique
COH2026-1807;19;81,5 %;45,7;5;12;9;4;6;3;5;4;Assez bien;Mathématiques;Général
COH2026-1808;21;89,0 %;31,5;8;10;10;5;7;;3;5;Bien;Informatique;Général
COH2026-1809;18;97,0 %;170,5;0;13;13;10;7;5;5;4;Passable;Psychologie;Général
COH2026-1810;18;98,6 %;41,5;3;10;9;3;5;4;5;4;Assez bien;Gestion;Technologique
COH2026-1811;21;60,4 %;16,1;4;13;9;0;5;1;;1;Passable;Psychologie;Technologique
COH2026-1812;21;84,9 %;31,2;1;11;11;6;6;3;4;3;Très bien;Mathématiques;Technologique
COH2026-1813;18;88,8 %;74,4;4;10;10;4;5;4;2;3;Bien;Droit;Général
COH2026-1814;21;60,1 %;25,5;4;10;6;0;5;;2;1;Bien;STAPS;Général
COH2026-1815;18;87,1 %;100,3;2;11;11;1;6;4;4;4;Assez bien;Psychologie;Général
COH2026-1816;18;64,8 %;37,1;4;9;8;2;6;2;2;1;Passable;Biologie;Général
COH2026-1817;18;74,7 %;30,9;6;12;10;5;6;5;4;5;Bien;Mathématiques;Général
COH2026-1818;19;77,4 %;25,8;2;11;8;3;6;4;2;2;Bien;Psychologie;Général
COH2026-1819;20;85,9 %;28,4;1;10;7;2;7;2;4;4;Assez bien;Gestion;Technologique
COH2026-1820;18;78,2 %;21,5;3;10;9;0;6;5;2;1;Très bien;Psychologie;Général
COH2026-1821;21;74,9 %;29,4;6;11;9;1;7;2;3;3;Assez bien;STAPS;Général
COH2026-1822;18;66,3 %;34,6;5;8;7;0;5;1;4;3;Passable;Informatique;Général
COH2026-1823;17;79,5 %;32,2;6;9;8;3;7;2;1;2;Assez bien;Informatique;Général
COH2026-1824;18;84,4 %;64,9;0;9;8;6;7;3;4;3;Très bien;Gestion;Technologique
COH2026-1825;20;84,4 %;24,6;8;13;9;0;6;2;4;;Assez bien;Droit;Général
COH2026-1826;21;70,7 %;13,5;5;10;8;1;7;3;2;1;Bien;STAPS;Général
COH2026-1827;20;69,6 %;69,4;5;8;8;5;6;4;3;3;Passable;Lettres;Général
COH2026-1828;24;90,3 %;56,7;8;12;10;2;6;2;5;;;Gestion;Général
COH2026-1829;18;86,6 %;23,8;3;13;11;7;5;3;4;4;Assez bien;Informatique;Professionnel
COH2026-1830;18;63,9 %;2,2;5;10;5;0;6;;1;4;Passable;Biologie;Technologique
COH2026-1831;20;80,9 %;66,7;7;8;7;2;7;3;4;4;Bien;Mathématiques;Technologique
COH2026-1832;22;59,9 %;43,3;6;10;6;1;6;1;2;3;Très bien;Psychologie;Général
COH2026-1833;20;96,5 %;63,7;2;9;9;3;6;4;4;5;Passable;Informatique;Général
COH2026-1834;23;98,4 %;45,3;2;10;10;7;5;5;3;5;Assez bien;Lettres;Général
COH2026-1835;19;69,5 %;37,8;4;9;7;2;6;5;2;;Passable;Gestion;Technologique
COH2026-1836;21;73,9 %;18,3;6;10;6;0;6;3;3;1;Bien;Gestion;Général
COH2026-1837;18;50,5 %;0,0;6;11;6;0;5;2;1;1;Assez bien;Gestion;Technologique
COH2026-1838;22;92,4 %;76,5;6;9;7;3;5;4;4;3;Passable;Droit;Technologique
COH2026-1839;19;89,7 %;54,2;5;10;10;2;5;5;3;3;Assez bien;Droit;Général
COH2026-1840;19;92,7 %;79,1;2;12;11;7;7;5;4;2;Passable;Gestion;Général
COH2026-1841;20;85,0 %;42,7;3;10;7;1;7;2;4;3;Bien;Droit;Général
COH2026-1842;20;52,8 %;22,5;6;13;11;0;7;;1;4;Passable;Lettres;Général
COH2026-1843;19;70,5 %;28,1;1;9;8;3;5;3;3;3;Très bien;Informatique;Technologique
COH2026-1844;20;76,8 %;48,0;6;9;9;2;5;4;;4;Passable;STAPS;Général
COH2026-1845;21;69,6 %;38,3;7;8;7;2;6;2;5;1;Passable;Psychologie;Technologique
COH2026-1846;20;68,7 %;9,4;10;12;10;3;6;1;4;1;Assez bien;Informatique;Général
COH2026-1847;18;98,3 %;112,7;1;11;10;7;6;4;3;;Passable;Psychologie;Technologique
COH2026-1848;18;78,5 %;53,6;2;9;9;4;5;5;;3;Assez bien;Biologie;Professionnel
COH2026-1849;18;54,3 %;33,8;5;13;10;4;5;4;4;2;Passable;Droit;Général
COH2026-1850;19;73,6 %;60,7;7;12;10;2;6;4;5;4;Passable;Informatique;Général
COH2026-1851;19;60,7 %;6,2;4;8;4;1;6;1;2;2;Assez bien;Biologie;Professionnel
COH2026-1852;20;64,3 %;50,2;7;11;9;2;6;4;4;2;Assez bien;Informatique;Technologique
COH2026-1853;18;97,3 %;112,2;2;11;10;4;5;;5;5;Bien;Biologie;Technologique
COH2026-1854;20;85,9 %;27,0;3;13;9;5;6;1;2;3;Assez bien;Gestion;Professionnel
COH2026-1855;18;72,6 %;49,4;7;8;7;1;7;4;3;2;Bien;Mathématiques;Général
COH2026-1856;19;92,7 %;79,2;5;8;6;2;5;;3;4;Bien;Gestion;Général
COH2026-1857;20;80,7 %;40,3;5;13;9;1;6;;2;5;Bien;Gestion;Technologique
COH2026-1858;17;69,5 %;10,7;3;10;6;0;6;1;1;;Assez bien;Gestion;Général
COH2026-1859;18;87,4 %;71,4;6;10;8;0;6;4;2;1;Bien;Biologie;Général
COH2026-1860;23;69,8 %;24,4;3;13;11;1;6;2;1;2;Bien;Mathématiques;Technologique
COH2026-1861;21;76,6 %;48,8;3;10;9;3;6;3;2;5;Passable;Droit;Professionnel
COH2026-1862;17;99,0 %;81,6;4;9;8;5;6;4;2;4;Bien;Psychologie;Général
COH2026-1863;18;75,4 %;61,4;2;9;9;0;7;3;3;3;;Droit;Technologique
COH2026-1864;19;87,5 %;32,1;4;10;9;4;6;2;1;3;Assez bien;STAPS;Professionnel
COH2026-1865;19;73,6 %;7,2;5;13;8;1;6;2;3;5;Bien;Informatique;Professionnel
COH2026-1866;21;87,0 %;30,2;9;11;9;4;6;;5;3;Passable;Lettres;Technologique
COH2026-1867;18;98,9 %;33,8;0;9;9;6;7;4;4;4;Passable;STAPS;Technologique
COH2026-1868;23;69,1 %;38,2;4;10;7;2;6;2;;1;Assez bien;Psychologie;Professionnel
COH2026-1869;21;73,5 %;33,3;5;11;8;6;7;5;3;3;Assez bien;Lettres;Général
COH2026-1870;18;89,2 %;77,4;5;10;9;4;5;;3;;Assez bien;Biologie;Technologique
COH2026-1871;20;56,5 %;21,0;3;10;9;2;7;3;4;2;Passable;Mathématiques;Technologique
COH2026-1872;21;87,4 %;37,3;4;8;6;3;6;1;;2;Passable;Lettres;Général
COH2026-1873;18;90,6 %;68,0;2;8;8;9;6;4;5;3;Assez bien;Droit;Technologique
COH2026-1874;18;79,5 %;72,9;2;8;8;5;6;3;4;3;Assez bien;Gestion;Technologique
COH2026-1875;19;63,5 %;10,8;6;9;7;6;5;2;2;2;Passable;Mathématiques;Professionnel
COH2026-1876;22;78,6 %;58,9;1;13;12;6;6;3;4;5;Passable;Lettres;Général
COH2026-1877;20;90,9 %;72,3;0;12;12;2;6;;5;2;Assez bien;Mathématiques;Général
COH2026-1878;19;88,1 %;33,4;5;13;10;3;5;4;4;5;Bien;Biologie;Technologique
COH2026-1879;24;90,4 %;34,5;2;11;10;6;6;5;5;5;Passable;Droit;Général
COH2026-1880;21;88,1 %;55,4;0;12;10;7;5;5;4;2;Assez bien;Mathématiques;Général
COH2026-1881;21;89,9 %;75,1;1;9;9;7;5;5;3;5;Passable;Biologie;Général
COH2026-1882;19;86,8 %;23,7;6;9;6;0;6;1;3;2;Bien;Psychologie;Technologique
COH2026-1883;23;89,0 %;60,9;2;12;11;3;6;4;;;Passable;STAPS;Général
COH2026-1884;18;75,1 %;54,6;4;12;9;5;6;5;;4;Passable;Gestion;Général
COH2026-1885;20;74,6 %;37,2;4;12;10;4;6;4;5;4;Passable;Gestion;Général
COH2026-1886;20;84,7 %;94,0;0;10;10;2;6;4;5;;Très bien;Gestion;Général
COH2026-1887;20;51,6 %;9,1;6;9;6;0;7;2;;2;Très bien;Mathématiques;Professionnel
COH2026-1888;22;89,8 %;33,7;2;8;6;1;6;4;3;;Bien;Biologie;Technologique
COH2026-1889;22;88,7 %;31,3;6;9;7;6;7;4;3;1;Passable;Lettres;Technologique
COH2026-1890;23;79,8 %;53,7;6;9;6;1;6;3;2;4;Passable;Biologie;Général
COH2026-1891;17;81,4 %;29,0;6;11;9;2;7;3;3;4;Passable;Lettres;Professionnel
COH2026-1892;19;92,7 %;55,7;4;10;10;10;6;4;4;5;Très bien;Lettres;Général
COH2026-1893;21;86,3 %;58,6;2;10;8;8;6;3;4;5;Assez bien;STAPS;Technologique
COH2026-1894;23;73,2 %;69,9;2;13;12;3;5;5;4;4;Passable;Informatique;Général
COH2026-1895;19;72,7 %;38,4;6;9;6;1;5;2;4;1;Passable;Lettres;Professionnel
COH2026-1896;19;56,6 %;22,2;2;8;7;2;6;3;3;3;Assez bien;STAPS;Général
COH2026-1897;25;72,6 %;49,9;3;8;7;1;6;3;3;1;Assez bien;Informatique;Général
COH2026-1898;22;61,2 %;15,4;5;8;5;2;5;2;2;3;Assez bien;Biologie;Technologique
COH2026-1899;19;84,3 %;25,1;3;13;10;2;5;5;3;2;Bien;Lettres;Général
COH2026-1900;19;74,3 %;38,7;4;13;11;6;6;5;4;4;Bien;Gestion;Général
COH2026-1901;18;70,1 %;13,4;6;13;11;2;6;4;3;1;Bien;Informatique;Technologique
COH2026-1902;19;70,5 %;14,0;5;11;8;0;6;1;4;4;Assez bien;Mathématiques;Général
COH2026-1903;20;75,8 %;44,3;1;10;9;7;5;5;3;1;Assez bien;Psychologie;Professionnel
COH2026-1904;21;80,4 %;32,9;5;9;9;3;6;5;4;3;Très bien;Mathématiques;Général
COH2026-1905;20;59,2 %;20,4;2;13;12;6;6;2;4;1;Assez bien;Gestion;Professionnel
COH2026-1906;19;93,3 %;49,8;4;11;11;5;6;5;3;5;;Psychologie;Général
COH2026-1907;17;95,9 %;58,7;2;8;8;7;5;4;5;5;Passable;Lettres;Général
COH2026-1908;18;96,3 %;55,3;2;9;8;7;6;3;3;2;Passable;Psychologie;Professionnel
COH2026-1909;21;83,2 %;67,5;5;13;13;7;6;3;4;3;Assez bien;STAPS;Professionnel
COH2026-1910;20;85,3 %;30,9;3;13;13;5;6;3;2;4;Passable;Informatique;Général
COH2026-1911;22;86,2 %;25,1;4;11;9;3;5;5;3;4;Bien;Droit;Technologique
COH2026-1912;19;77,2 %;56,0;5;11;9;2;6;3;4;5;Assez bien;Lettres;Général
COH2026-1913;19;84,8 %;46,5;4;10;8;1;5;4;5;3;Passable;Mathématiques;Professionnel
COH2026-1914;18;64,3 %;62,0;5;11;8;1;5;3;3;2;Passable;Droit;Technologique
COH2026-1915;21;72,5 %;18,1;5;11;8;1;7;1;2;4;Assez bien;Lettres;Technologique
COH2026-1916;18;94,7 %;73,6;8;12;8;2;6;3;5;2;;Biologie;Général
COH2026-1917;25;97,0 %;19,6;4;11;11;6;5;5;4;2;Passable;Droit;Général
COH2026-1918;17;77,8 %;94,3;4;10;8;5;7;5;4;3;Assez bien;Mathématiques;Général
COH2026-1919;21;78,0 %;68,0;0;11;9;7;7;3;3;2;Très bien;Psychologie;Général
COH2026-1920;24;80,8 %;52,5;2;13;13;2;7;4;3;5;Passable;Informatique;Professionnel
COH2026-1921;18;68,3 %;15,7;6;10;6;0;6;2;1;3;Assez bien;Biologie;Technologique
COH2026-1922;20;74,6 %;26,2;4;9;7;3;6;3;2;2;Bien;STAPS;Général
COH2026-1923;20;55,6 %;13,5;1;11;9;1;5;5;4;5;Assez bien;Droit;Général
COH2026-1924;21;89,8 %;72,9;0;12;11;8;6;4;;2;Assez bien;Informatique;Général
COH2026-1925;17;83,3 %;60,2;0;9;9;5;5;5;4;3;Bien;STAPS;Technologique
COH2026-1926;17;70,6 %;47,0;4;8;7;3;5;4;1;3;Passable;STAPS;Professionnel
COH2026-1927;20;72,3 %;41,3;6;12;8;2;7;4;3;3;Passable;Mathématiques;Professionnel
COH2026-1928;21;87,6 %;30,2;2;8;7;1;6;;4;3;Très bien;Droit;Professionnel
COH2026-1929;23;52,4 %;0,0;6;11;6;0;5;2;1;;Très bien;Biologie;Général
COH2026-1930;18;79,4 %;45,6;6;8;6;1;6;3;3;2;Passable;Droit;Général
COH2026-1931;20;74,0 %;39,6;4;13;10;4;6;2;1;4;Assez bien;Gestion;Professionnel
COH2026-1932;18;79,7 %;30,8;5;12;11;3;6;3;3;2;Assez bien;Informatique;Technologique
COH2026-1933;23;74,4 %;39,2;3;10;8;2;6;3;;2;Assez bien;Lettres;Général
COH2026-1934;20;79,8 %;34,1;8;13;10;5;5;;3;2;Bien;STAPS;Général
COH2026-1935;22;62,6 %;7,3;6;11;7;1;5;1;4;2;Passable;Psychologie;Technologique
COH2026-1936;20;89,2 %;38,2;2;13;13;1;5;5;3;4;;Gestion;Général
COH2026-1937;21;69,7 %;47,3;3;10;8;5;5;3;3;4;Passable;Gestion;Général
COH2026-1938;18;61,6 %;35,1;2;11;10;5;5;3;4;;Bien;Mathématiques;Général
COH2026-1939;17;88,5 %;89,1;2;10;9;5;5;4;4;5;Bien;Droit;Général
COH2026-1940;18;70,3 %;11,9;4;8;5;0;6;2;1;1;Assez bien;Informatique;Général
COH2026-1941;20;64,6 %;10,5;6;9;6;0;6;1;1;1;Bien;STAPS;Technologique
COH2026-1942;17;67,1 %;35,9;6;11;6;2;7;1;4;3;Assez bien;STAPS;Technologique
COH2026-1943;21;56,4 %;27,4;8;11;8;3;5;3;1;5;Très bien;Gestion;Technologique
COH2026-1944;22;64,0 %;12,2;5;12;10;2;7;3;3;;Bien;Droit;Général
COH2026-1945;21;83,6 %;31,3;3;8;7;0;6;3;;;Très bien;Lettres;Général
COH2026-1946;18;86,2 %;70,8;3;11;11;3;5;3;5;3;Passable;Lettres;Général
COH2026-1947;23;72,7 %;35,4;6;8;6;1;5;1;;2;Passable;Droit;Général
COH2026-1948;18;60,7 %;9,5;5;10;5;0;6;1;2;1;Passable;Psychologie;Général
COH2026-1949;25;80,9 %;44,5;5;8;5;4;5;2;4;2;Passable;Biologie;Général
COH2026-1950;23;69,1 %;38,2;4;10;7;2;6;2;;1;Assez bien;Psychologie;Professionnel
COH2026-1951;18;93,2 %;79,9;1;9;7;9;6;4;4;3;Très bien;Psychologie;Général
COH2026-1952;19;87,2 %;65,9;1;12;11;3;5;5;4;3;Très bien;Mathématiques;Général
COH2026-1953;22;71,7 %;52,6;0;9;9;5;5;3;2;4;Assez bien;Psychologie;Technologique
COH2026-1954;21;51,1 %;35,1;7;9;7;0;7;3;4;1;Bien;Psychologie;Général
COH2026-1955;21;85,9 %;63,7;3;12;12;8;5;5;4;3;Très bien;Biologie;Technologique
COH2026-1956;20;69,7 %;39,4;2;12;12;4;7;2;3;;Passable;Informatique;Professionnel
COH2026-1957;24;66,3 %;11,5;2;11;8;0;5;4;3;3;Assez bien;STAPS;Général
COH2026-1958;20;96,6 %;71,0;3;8;6;7;5;3;4;3;Assez bien;STAPS;Général
COH2026-1959;21;62,1 %;13,1;5;8;5;0;6;1;4;1;Assez bien;Psychologie;Général
COH2026-1960;20;87,0 %;23,4;7;10;8;3;6;2;5;2;Assez bien;Droit;Général
COH2026-1961;19;69,8 %;24,3;2;8;8;3;6;4;1;4;Bien;Mathématiques;Général
COH2026-1962;20;64,8 %;25,9;3;11;10;2;6;3;5;3;Assez bien;Psychologie;Professionnel
COH2026-1963;20;67,8 %;53,4;8;9;8;3;5;4;3;2;Passable;STAPS;Général
COH2026-1964;18;79,4 %;72,9;4;9;9;8;5;3;3;3;Passable;Mathématiques;Général
COH2026-1965;19;65,5 %;55,0;2;11;10;4;6;5;3;2;Bien;Informatique;Technologique
COH2026-1966;24;87,2 %;44,6;2;8;7;6;7;4;3;5;Passable;Gestion;Général
COH2026-1967;18;76,3 %;24,6;2;8;7;3;6;3;2;2;Très bien;Psychologie;Général
COH2026-1968;17;68,0 %;15,0;6;11;6;0;5;2;5;1;Assez bien;STAPS;Général
COH2026-1969;20;92,6 %;19,8;1;12;11;5;7;3;5;1;;Mathématiques;Technologique
COH2026-1970;21;79,7 %;46,1;2;10;5;1;6;3;4;2;Bien;Gestion;Technologique
COH2026-1971;18;99,6 %;83,7;1;10;8;8;6;5;3;4;Assez bien;Biologie;Général
COH2026-1972;23;71,8 %;83,9;5;11;8;0;6;4;3;2;Bien;STAPS;Général
COH2026-1973;19;67,3 %;23,1;5;10;6;1;6;3;2;3;Assez bien;Biologie;Général
COH2026-1974;19;84,5 %;58,3;2;13;13;5;5;5;5;4;Très bien;Mathématiques;Technologique
COH2026-1975;18;62,9 %;45,2;7;12;9;2;5;3;3;1;Assez bien;Gestion;Général
COH2026-1976;18;68,0 %;4,1;4;8;4;1;5;3;2;1;Passable;Droit;Général
COH2026-1977;23;76,7 %;62,7;6;8;7;3;5;4;2;2;Bien;Lettres;Technologique
COH2026-1978;19;81,9 %;32,9;3;11;6;3;6;3;;3;Très bien;STAPS;Général
COH2026-1979;19;70,5 %;28,1;1;9;8;3;5;3;3;3;Très bien;Informatique;Technologique
COH2026-1980;25;55,9 %;37,6;3;13;7;1;5;2;3;2;Passable;Gestion;Général
COH2026-1981;20;90,7 %;25,5;2;8;7;4;7;3;5;3;Assez bien;Informatique;Technologique
COH2026-1982;19;62,4 %;68,0;4;11;10;6;6;4;5;4;Assez bien;Biologie;Général
COH2026-1983;20;69,4 %;47,1;1;8;6;3;5;3;3;4;Très bien;STAPS;Général
COH2026-1984;22;68,9 %;47,7;3;12;10;1;6;;3;2;Passable;Informatique;Professionnel
COH2026-1985;18;71,7 %;36,0;4;8;8;3;6;5;3;3;Assez bien;STAPS;Général
COH2026-1986;21;80,1 %;62,8;4;9;8;3;5;4;;4;Assez bien;Informatique;Général
COH2026-1987;19;81,8 %;61,3;2;13;11;0;5;4;5;4;Passable;Lettres;Général
COH2026-1988;20;92,9 %;42,2;0;13;13;11;5;4;4;3;Passable;Mathématiques;Général
COH2026-1989;19;73,1 %;36,5;6;12;11;3;6;1;3;3;Assez bien;Droit;Technologique
COH2026-1990;19;87,8 %;66,5;0;8;8;7;5;5;5;3;Très bien;Mathématiques;Technologique
COH2026-1991;23;86,7 %;38,4;6;8;7;4;7;3;3;3;Assez bien;Informatique;Général
COH2026-1992;20;72,3 %;52,4;9;13;9;2;7;3;4;3;Passable;Psychologie;Général
COH2026-1993;21;54,1 %;11,9;4;8;4;0;6;2;2;1;Assez bien;Biologie;Général
COH2026-1994;17;97,9 %;57,3;0;12;11;11;6;5;5;3;Assez bien;Mathématiques;Général
COH2026-1995;18;67,0 %;51,2;3;12;9;2;7;5;2;3;Passable;Informatique;Général
COH2026-1996;20;77,6 %;30,7;5;8;7;2;6;3;3;3;Passable;Biologie;Général
COH2026-1997;18;80,6 %;25,2;6;11;8;0;6;3;2;1;Passable;Gestion;Général
COH2026-1998;23;99,5 %;47,4;4;10;10;4;6;2;3;3;Passable;Biologie;Général
COH2026-1999;18;79,9 %;16,5;6;9;6;1;5;3;4;2;Assez bien;Informatique;Général
COH2026-2000;25;86,5 %;64,1;2;8;7;5;6;4;;5;Très bien;Droit;Général
COH2026-2001;20;66,0 %;3,7;8;13;8;1;7;3;3;2;Bien;Gestion;Technologique
COH2026-2002;18;79,2 %;34,5;1;8;7;3;7;3;4;2;Passable;Mathématiques;Professionnel
COH2026-2003;21;99,2 %;69,1;1;9;9;4;5;;5;5;Passable;Biologie;Général
COH2026-2004;18;61,6 %;35,1;2;11;10;5;5;3;4;;Bien;Mathématiques;Général
COH2026-2005;17;96,0 %;79,8;0;8;8;11;6;5;4;4;Passable;Informatique;Général
COH2026-2006;18;71,4 %;18,9;4;12;11;3;5;4;3;3;Assez bien;Informatique;Général
COH2026-2007;24;92,2 %;40,0;3;10;10;9;6;4;5;4;Passable;Psychologie;Technologique
COH2026-2008;20;68,6 %;72,2;2;9;7;2;5;4;4;3;Assez bien;Biologie;Général
COH2026-2009;19;64,3 %;36,8;5;8;5;1;5;3;2;1;Assez bien;Informatique;Général
COH2026-2010;18;85,7 %;30,3;1;8;7;1;6;3;1;2;Bien;Biologie;Général
COH2026-2011;18;71,5 %;30,7;7;13;8;1;6;2;;3;Assez bien;Biologie;Technologique
COH2026-2012;19;70,1 %;43,6;2;8;7;1;6;2;3;1;Passable;Droit;Technologique
COH2026-2013;23;64,4 %;28,0;4;11;6;0;6;2;4;4;Assez bien;Droit;Technologique
COH2026-2014;19;57,3 %;39,7;3;12;10;2;6;4;4;1;Assez bien;Biologie;Général
COH2026-2015;19;60,4 %;4,2;7;9;7;1;5;3;2;2;Passable;Droit;Général
COH2026-2016;21;73,4 %;25,9;6;10;9;5;6;4;3;3;Assez bien;Gestion;Général
COH2026-2017;17;89,9 %;55,2;0;9;9;3;7;5;4;3;Passable;Informatique;Professionnel
COH2026-2018;17;76,4 %;22,2;2;11;9;2;7;3;3;3;Passable;Lettres;Général
COH2026-2019;21;60,4 %;27,9;4;11;6;2;5;2;3;;Très bien;STAPS;Technologique
COH2026-2020;21;94,7 %;88,0;1;13;12;9;5;5;5;5;Assez bien;Informatique;Général
COH2026-2021;18;75,9 %;3,8;7;12;7;0;5;1;2;3;Bien;Gestion;Technologique
COH2026-2022;19;72,7 %;3,7;3;8;5;2;5;5;2;1;Très bien;Psychologie;Général
COH2026-2023;18;94,6 %;63,4;0;10;9;10;5;4;;3;Assez bien;Gestion;Technologique
COH2026-2024;20;76,6 %;69,5;3;10;9;6;6;3;4;3;Passable;Psychologie;Général
COH2026-2025;22;69,0 %;6,8;4;9;7;0;6;1;3;3;Bien;Informatique;Général
COH2026-2026;19;81,5 %;45,7;5;12;9;4;6;3;5;4;Assez bien;Mathématiques;Général
COH2026-2027;19;75,4 %;63,5;4;12;11;1;6;4;2;3;Très bien;Biologie;Général
COH2026-2028;22;74,3 %;0,3;1;9;7;0;6;3;2;3;Bien;Droit;Technologique
COH2026-2029;22;83,6 %;48,3;7;11;7;2;5;3;3;1;Très bien;Droit;Professionnel
COH2026-2030;17;82,5 %;85,0;4;8;7;6;6;2;;3;Passable;Droit;Technologique
COH2026-2031;20;98,3 %;63,3;0;13;13;10;5;5;3;3;Passable;Informatique;Technologique
COH2026-2032;22;69,9 %;40,5;8;12;11;0;6;3;2;3;Bien;Biologie;Général
COH2026-2033;19;86,5 %;80,3;4;10;7;2;6;5;2;2;Très bien;STAPS;Général
COH2026-2034;19;98,2 %;58,7;0;11;11;5;6;5;5;2;Assez bien;Droit;Technologique
COH2026-2035;22;72,9 %;26,7;7;13;11;3;6;2;3;3;Passable;Informatique;Général
COH2026-2036;18;75,3 %;52,5;3;10;10;6;6;2;3;4;Assez bien;Mathématiques;Général
COH2026-2037;18;86,8 %;103,2;4;13;12;8;6;4;3;4;Passable;Biologie;Technologique
COH2026-2038;18;83,2 %;43,2;6;9;8;0;7;3;5;3;Bien;Droit;Technologique
COH2026-2039;17;94,2 %;53,9;3;13;13;3;5;5;;4;Passable;Biologie;Général
COH2026-2040;19;77,5 %;31,0;4;10;7;2;6;3;3;3;Assez bien;Psychologie;Professionnel
COH2026-2041;18;65,8 %;35,9;1;9;7;0;5;3;2;3;Passable;Biologie;Général
COH2026-2042;17;77,0 %;59,0;5;13;11;5;6;3;;3;Passable;Psychologie;Professionnel
COH2026-2043;22;64,0 %;12,2;5;12;10;2;7;3;3;;Bien;Droit;Général
COH2026-2044;19;87,5 %;23,5;2;9;9;6;6;4;5;;Bien;STAPS;Général
COH2026-2045;18;75,3 %;56,3;3;10;8;2;6;3;4;3;Passable;Informatique;Général
COH2026-2046;19;87,3 %;64,8;3;9;7;7;6;4;3;;Assez bien;Informatique;Général
COH2026-2047;19;97,0 %;74,5;0;10;10;6;5;5;5;4;Assez bien;Biologie;Général
COH2026-2048;17;92,1 %;69,3;2;13;12;6;6;5;5;5;Bien;Psychologie;Général
COH2026-2049;23;60,4 %;46,3;4;10;7;1;5;2;2;3;Passable;Droit;Professionnel
COH2026-2050;22;76,5 %;58,2;0;9;9;5;6;4;3;3;Assez bien;STAPS;Général
COH2026-2051;19;92,5 %;26,4;8;13;8;2;6;2;3;3;Passable;Mathématiques;Technologique
COH2026-2052;24;91,1 %;135,4;0;13;13;7;6;5;4;5;Assez bien;Droit;Général
COH2026-2053;20;58,0 %;37,6;7;10;7;1;6;4;4;;Passable;STAPS;Professionnel
COH2026-2054;23;85,3 %;55,0;6;13;10;0;5;1;3;3;Passable;Droit;Général
COH2026-2055;21;72,7 %;55,8;2;11;9;1;6;2;3;2;Assez bien;Droit;Général
COH2026-2056;17;80,6 %;43,1;0;10;8;1;5;4;4;3;Assez bien;Psychologie;Général
COH2026-2057;20;65,9 %;26,5;7;12;10;0;5;2;2;;Bien;Gestion;Général
COH2026-2058;18;74,8 %;33,7;7;11;10;3;6;3;2;1;Passable;Biologie;Général
COH2026-2059;17;67,3 %;36,6;4;8;6;4;5;3;3;2;Assez bien;Mathématiques;Général
COH2026-2060;19;71,6 %;40,2;2;11;8;0;6;3;3;;Passable;Biologie;Général
COH2026-2061;19;65,8 %;17,0;8;11;8;2;5;3;3;4;Assez bien;Gestion;Général
COH2026-2062;18;84,1 %;59,2;7;10;7;2;6;2;3;3;Bien;Gestion;Général
COH2026-2063;19;86,9 %;33,9;3;11;11;5;6;3;3;3;Passable;Droit;Professionnel
COH2026-2064;19;79,3 %;124,8;5;8;7;5;6;4;4;4;Passable;Droit;Général
COH2026-2065;21;98,6 %;86,1;2;13;13;9;5;5;;5;Assez bien;Psychologie;Professionnel
COH2026-2066;17;96,1 %;46,1;4;12;11;3;6;3;;5;;Lettres;Général
COH2026-2067;23;74,5 %;31,1;4;12;11;1;6;3;1;2;Assez bien;Informatique;Professionnel
COH2026-2068;21;90,2 %;64,2;3;8;6;6;6;4;3;3;Assez bien;STAPS;Technologique
COH2026-2069;21;87,0 %;35,9;6;9;9;2;5;5;2;2;Passable;Psychologie;Général
COH2026-2070;18;63,9 %;47,2;5;9;7;4;7;5;3;2;Passable;Droit;Général
COH2026-2071;19;99,4 %;140,4;0;9;9;5;6;;4;3;Assez bien;Droit;Général
COH2026-2072;21;56,2 %;12,0;7;12;9;1;6;1;2;1;Assez bien;Informatique;Général
COH2026-2073;18;68,0 %;84,1;0;12;11;3;6;5;2;4;Bien;Gestion;Général
COH2026-2074;20;93,3 %;34,4;6;8;6;3;5;4;4;;Passable;STAPS;Général
COH2026-2075;19;92,7 %;55,7;4;10;10;10;6;4;4;5;Très bien;Lettres;Général
COH2026-2076;20;56,4 %;16,3;4;8;4;1;6;3;2;2;Assez bien;Gestion;Général
COH2026-2077;18;53,1 %;0,0;6;11;7;0;6;1;2;1;Assez bien;Lettres;Technologique
COH2026-2078;17;70,6 %;47,0;4;8;7;3;5;4;1;3;Passable;STAPS;Professionnel
COH2026-2079;19;74,5 %;25,6;8;9;8;4;5;2;3;3;Passable;Psychologie;Technologique
COH2026-2080;20;98,0 %;65,0;0;12;10;7;5;;5;4;Assez bien;Biologie;Professionnel
COH2026-2081;21;80,1 %;79,0;1;8;8;6;7;2;3;5;Assez bien;Gestion;Professionnel
COH2026-2082;19;58,0 %;13,4;8;10;8;0;7;1;1;2;Passable;Mathématiques;Technologique
COH2026-2083;18;61,8 %;34,6;6;11;6;1;5;4;3;4;Passable;STAPS;Général
COH2026-2084;20;69,9 %;22,1;7;13;7;2;5;2;3;3;Bien;Gestion;Général
COH2026-2085;21;81,1 %;67,5;6;11;7;6;5;2;3;3;Très bien;Informatique;Général
COH2026-2086;21;56,8 %;6,0;6;13;9;0;7;1;3;2;Assez bien;Lettres;Général
COH2026-2087;21;81,5 %;13,9;7;11;7;0;6;1;3;2;;Gestion;Technologique
COH2026-2088;21;82,9 %;26,0;3;11;8;2;6;1;3;2;Passable;Informatique;Général
COH2026-2089;18;71,1 %;35,4;7;11;7;1;6;3;3;3;Passable;Informatique;Général
COH2026-2090;19;87,7 %;51,3;1;10;9;9;6;4;5;4;Passable;Informatique;Général
COH2026-2091;22;88,1 %;28,7;7;13;8;1;6;3;3;3;Bien;Droit;Général
COH2026-2092;21;74,2 %;33,8;2;12;12;2;6;5;4;3;Assez bien;Gestion;Général
COH2026-2093;19;87,5 %;32,1;4;10;9;4;6;2;1;3;Assez bien;STAPS;Professionnel
COH2026-2094;19;90,9 %;94,1;0;10;10;6;6;5;5;2;Passable;Informatique;Général
COH2026-2095;18;80,8 %;28,9;4;11;9;4;7;4;;4;Passable;Lettres;Technologique
COH2026-2096;19;68,1 %;35,2;5;9;7;1;5;2;3;2;Passable;Mathématiques;Technologique
COH2026-2097;21;83,2 %;67,5;5;13;13;7;6;3;4;3;Assez bien;STAPS;Professionnel
COH2026-2098;19;82,5 %;53,5;7;13;9;2;5;2;2;2;Passable;Droit;Général
COH2026-2099;17;70,1 %;29,1;2;9;9;6;7;3;5;1;Assez bien;Informatique;Technologique
COH2026-2100;23;74,4 %;39,2;3;10;8;2;6;3;;2;Assez bien;Lettres;Général
COH2026-2101;24;68,9 %;25,0;3;8;6;2;5;3;3;3;Assez bien;Gestion;Général
COH2026-2102;19;81,2 %;49,7;2;13;13;6;6;5;3;3;Bien;Informatique;Général
COH2026-2103;19;72,9 %;78,0;3;13;12;10;7;4;5;3;Assez bien;Gestion;Technologique
COH2026-2104;18;89,4 %;82,8;3;9;9;4;5;3;4;4;Passable;Psychologie;Professionnel
COH2026-2105;21;90,5 %;40,9;2;10;8;9;6;3;3;4;Assez bien;Gestion;Professionnel
COH2026-2106;22;90,3 %;97,9;6;13;8;2;6;3;3;2;Assez bien;Lettres;Général
COH2026-2107;17;83,7 %;59,8;2;10;10;8;6;5;;2;;STAPS;Technologique
COH2026-2108;20;59,2 %;20,4;2;13;12;6;6;2;4;1;Assez bien;Gestion;Professionnel
COH2026-2109;19;80,3 %;32,2;5;8;6;2;6;4;4;1;Très bien;STAPS;Général
COH2026-2110;18;63,4 %;52,0;2;9;6;1;5;2;3;4;Bien;Informatique;Professionnel
COH2026-2111;20;87,5 %;31,1;3;10;7;6;6;3;5;5;Bien;Lettres;Technologique
COH2026-2112;17;90,5 %;33,5;3;13;10;1;7;4;3;5;Bien;Lettres;Général
COH2026-2113;19;74,8 %;27,1;3;9;7;3;6;4;2;1;Très bien;Lettres;Professionnel
COH2026-2114;23;71,2 %;4,0;5;10;5;0;5;1;3;2;Passable;Lettres;Général
COH2026-2115;22;84,9 %;50,6;4;9;9;3;6;4;4;3;;Informatique;Général
COH2026-2116;20;92,9 %;42,2;0;13;13;11;5;4;4;3;Passable;Mathématiques;Général
COH2026-2117;19;65,3 %;47,1;4;11;9;5;5;4;4;3;Très bien;Mathématiques;Général
COH2026-2118;20;78,7 %;86,3;2;8;7;3;6;3;4;;Très bien;Gestion;Général
COH2026-2119;20;73,8 %;30,2;7;13;9;3;5;3;4;4;Passable;Informatique;Général
COH2026-2120;21;82,9 %;26,0;3;11;8;2;6;1;3;2;Passable;Informatique;Général
COH2026-2121;18;75,4 %;61,4;2;9;9;0;7;3;3;3;;Droit;Technologique
COH2026-2122;26;93,6 %;104,5;0;12;12;18;7;5;5;5;Passable;Gestion;Général
COH2026-2123;20;65,2 %;27,9;6;11;10;0;7;1;3;;Passable;Gestion;Général
COH2026-2124;19;98,0 %;108,0;3;9;9;6;6;5;5;2;Passable;Informatique;Technologique
COH2026-2125;17;83,3 %;16,4;6;11;9;0;6;3;3;3;Passable;Biologie;Général
COH2026-2126;18;54,6 %;20,4;5;11;7;0;6;1;1;2;Très bien;Mathématiques;Général
COH2026-2127;21;91,2 %;27,8;4;9;6;2;5;3;2;3;Bien;Droit;Général
COH2026-2128;20;78,8 %;22,8;2;10;7;3;7;3;2;3;Bien;Droit;Général
COH2026-2129;18;63,5 %;25,8;0;11;10;0;5;3;3;2;Assez bien;Droit;Général
COH2026-2130;18;62,6 %;82,9;4;13;10;0;6;4;2;2;Très bien;Psychologie;Général
COH2026-2131;21;69,6 %;38,3;7;8;7;2;6;2;5;1;Passable;Psychologie;Technologique
COH2026-2132;17;59,0 %;3,8;8;13;10;0;5;2;2;2;Passable;Droit;Général
COH2026-2133;19;95,6 %;103,4;1;13;13;6;6;5;3;3;Assez bien;Droit;Général
COH2026-2134;21;85,6 %;20,9;3;9;6;2;7;2;3;;Passable;Mathématiques;Technologique
COH2026-2135;19;65,3 %;31,7;5;10;7;1;6;3;2;2;Bien;Gestion;Général
COH2026-2136;20;67,9 %;14,4;7;12;9;3;6;3;3;2;Assez bien;Informatique;Général
COH2026-2137;22;79,6 %;59,2;4;11;8;2;7;5;1;2;Bien;Informatique;Général
COH2026-2138;20;91,8 %;84,7;2;12;12;8;5;5;4;3;Passable;Mathématiques;Technologique
COH2026-2139;21;81,1 %;67,5;6;11;7;6;5;2;3;3;Très bien;Informatique;Général
COH2026-2140;20;48,1 %;0,0;7;13;7;0;7;1;4;1;Assez bien;Psychologie;Général
COH2026-2141;22;74,6 %;29,3;5;13;12;6;6;4;3;3;Bien;Droit;Professionnel
COH2026-2142;19;74,4 %;49,2;4;13;11;3;7;2;3;4;Bien;STAPS;Technologique
COH2026-2143;21;99,0 %;58,8;3;13;9;8;6;4;5;3;Passable;Droit;Professionnel
COH2026-2144;20;70,8 %;118,8;4;13;11;4;6;4;4;;Passable;Psychologie;Technologique
COH2026-2145;20;69,5 %;33,2;6;8;6;0;6;2;3;1;Bien;Psychologie;Technologique
COH2026-2146;18;69,3 %;9,1;4;8;8;0;5;3;3;1;Passable;Droit;Général
COH2026-2147;20;91,8 %;47,1;5;12;9;4;7;4;2;5;Bien;Gestion;Général
COH2026-2148;19;91,6 %;59,5;4;11;11;7;6;5;4;4;Assez bien;STAPS;Général
COH2026-2149;18;50,1 %;0,0;6;8;6;0;6;;2;2;Passable;Informatique;Général
COH2026-2150;18;93,9 %;69,4;7;13;13;4;5;4;3;4;Passable;Psychologie;Général
COH2026-2151;18;59,4 %;1,8;5;9;5;1;6;1;1;3;Assez bien;Lettres;Technologique
COH2026-2152;20;93,0 %;52,1;4;9;9;5;6;4;5;4;Assez bien;Droit;Professionnel
COH2026-2153;19;84,9 %;11,4;6;8;6;2;7;3;4;2;Bien;Informatique;Technologique
COH2026-2154;18;77,0 %;39,2;3;9;7;4;5;3;;3;Passable;Informatique;Professionnel
COH2026-2155;18;77,4 %;40,4;3;13;9;2;7;1;1;3;Assez bien;Biologie;Général
COH2026-2156;20;82,6 %;38,3;4;8;6;2;6;4;4;3;Assez bien;Biologie;Général
COH2026-2157;19;89,9 %;10,7;3;13;11;3;6;4;2;2;Assez bien;Informatique;Professionnel
COH2026-2158;19;93,2 %;48,2;3;13;13;4;6;5;;4;Passable;Lettres;Général
COH2026-2159;20;81,8 %;57,9;1;11;11;4;6;3;4;3;Passable;Mathématiques;Technologique
COH2026-2160;18;62,9 %;45,2;7;12;9;2;5;3;3;1;Assez bien;Gestion;Général
COH2026-2161;17;90,5 %;33,5;3;13;10;1;7;4;3;5;Bien;Lettres;Général
COH2026-2162;19;85,5 %;43,4;4;12;11;4;5;2;4;4;Passable;Droit;Général
COH2026-2163;21;69,3 %;49,4;6;11;11;3;7;5;3;1;Assez bien;Informatique;Général
COH2026-2164;19;78,5 %;29,9;6;11;9;3;5;3;3;2;Assez bien;Mathématiques;Général
COH2026-2165;20;79,5 %;14,9;6;8;6;1;6;1;3;1;Passable;Gestion;Technologique
COH2026-2166;17;96,3 %;26,4;1;11;11;4;5;3;3;;;Informatique;Professionnel
COH2026-2167;18;79,2 %;34,5;1;8;7;3;7;3;4;2;Passable;Mathématiques;Professionnel
COH2026-2168;17;93,4 %;49,9;0;9;9;4;5;5;4;;Assez bien;Informatique;Technologique
COH2026-2169;18;57,4 %;48,1;2;13;10;5;6;3;4;2;Passable;Psychologie;Général
COH2026-2170;18;86,4 %;22,4;4;8;7;4;7;3;5;1;Très bien;Biologie;Professionnel
COH2026-2171;20;80,7 %;22,7;0;11;10;2;7;5;4;3;Assez bien;Biologie;Général
COH2026-2172;22;85,5 %;36,7;5;12;11;3;6;4;3;2;Assez bien;STAPS;Général
COH2026-2173;23;71,2 %;4,0;5;10;5;0;5;1;3;2;Passable;Lettres;Général
COH2026-2174;19;79,5 %;58,5;4;13;10;2;7;3;5;3;Assez bien;Biologie;Technologique
COH2026-2175;20;85,3 %;30,9;3;13;13;5;6;3;2;4;Passable;Informatique;Général
COH2026-2176;21;84,7 %;20,1;2;9;8;3;5;3;2;;Passable;Mathématiques;Général
COH2026-2177;21;62,1 %;13,1;5;8;5;0;6;1;4;1;Assez bien;Psychologie;Général
COH2026-2178;23;96,7 %;120,9;0;8;8;5;5;5;4;4;Assez bien;Biologie;Technologique
COH2026-2179;21;68,8 %;76,9;4;13;11;1;5;4;3;1;Très bien;Psychologie;Technologique
COH2026-2180;20;93,7 %;47,0;0;10;10;6;6;5;5;1;Passable;Biologie;Général
COH2026-2181;17;94,2 %;101,0;0;10;10;4;7;4;5;4;;Biologie;Général
COH2026-2182;18;87,2 %;129,7;2;11;11;4;5;5;5;4;Assez bien;Lettres;Technologique
COH2026-2183;17;80,4 %;42,4;0;11;10;2;6;4;4;3;;Biologie;Général
COH2026-2184;21;82,6 %;84,6;4;10;9;5;7;5;4;3;Passable;STAPS;Général
COH2026-2185;17;69,6 %;18,1;3;10;10;3;6;1;3;3;Assez bien;Droit;Professionnel
COH2026-2186;19;83,8 %;32,5;3;10;7;3;6;4;4;;Passable;Mathématiques;Général
COH2026-2187;20;83,9 %;24,7;5;10;8;5;7;2;4;3;Bien;Biologie;Général
COH2026-2188;20;53,7 %;12,9;5;11;7;0;7;1;4;3;Très bien;STAPS;Technologique
COH2026-2189;21;86,9 %;52,7;1;11;10;3;5;5;3;3;Passable;Droit;Technologique
COH2026-2190;18;59,6 %;13,7;7;12;8;0;6;2;2;1;Passable;Mathématiques;Technologique
COH2026-2191;18;87,7 %;55,0;5;9;8;3;6;3;5;2;Passable;Biologie;Général
COH2026-2192;17;81,0 %;67,7;2;8;6;1;5;5;3;4;Bien;Lettres;Général
COH2026-2193;21;88,2 %;39,6;5;9;8;3;6;3;2;1;Bien;Informatique;Général
COH2026-2194;19;91,3 %;40,8;4;9;8;4;5;3;4;1;Bien;Gestion;Général
COH2026-2195;21;68,1 %;19,0;2;8;7;1;5;2;4;5;Passable;Informatique;Technologique
COH2026-2196;20;72,1 %;38,6;4;11;10;2;5;2;3;3;Passable;Gestion;Technologique
COH2026-2197;21;85,6 %;73,7;1;8;8;5;5;2;4;;Passable;Psychologie;Technologique
COH2026-2198;18;56,0 %;31,0;7;10;7;4;7;2;2;;Assez bien;Biologie;Général
COH2026-2199;21;90,2 %;64,2;3;8;6;6;6;4;3;3;Assez bien;STAPS;Technologique
COH2026-2200;20;86,9 %;78,1;0;13;12;3;5;4;5;5;Passable;STAPS;Technologique
COH2026-2201;23;65,1 %;2,3;5;11;5;0;5;1;3;2;;Droit;Professionnel
COH2026-2202;23;62,5 %;36,1;6;9;7;3;6;5;4;3;Passable;Informatique;Général
COH2026-2203;20;86,2 %;37,5;7;11;8;0;6;3;2;2;Assez bien;STAPS;Technologique
COH2026-2204;20;56,8 %;5,9;6;10;6;1;7;1;2;1;Assez bien;Biologie;Technologique
COH2026-2205;19;63,1 %;28,5;5;12;10;1;5;3;1;1;Assez bien;Biologie;Général
COH2026-2206;24;66,6 %;17,2;7;9;7;0;6;1;1;2;Assez bien;Droit;Technologique
COH2026-2207;18;61,4 %;8,6;5;11;8;0;6;1;3;2;Passable;Informatique;Général
COH2026-2208;19;99,3 %;98,9;4;10;10;3;6;5;4;3;Passable;Informatique;Général
COH2026-2209;20;98,3 %;63,3;0;13;13;10;5;5;3;3;Passable;Informatique;Technologique
COH2026-2210;20;55,6 %;29,5;5;8;5;0;6;3;2;2;Passable;Psychologie;Général
COH2026-2211;20;69,2 %;52,0;6;12;8;1;7;4;3;3;Assez bien;Gestion;Professionnel
COH2026-2212;18;71,5 %;29,5;2;11;9;4;7;3;3;2;Passable;Psychologie;Professionnel
COH2026-2213;22;67,0 %;22,9;7;11;8;0;7;2;3;;Passable;Mathématiques;Général
COH2026-2214;22;96,8 %;73,1;1;13;13;5;6;5;5;5;Assez bien;Mathématiques;Général
COH2026-2215;19;84,3 %;60,3;7;8;7;1;5;1;4;3;Bien;Psychologie;Technologique
COH2026-2216;20;66,3 %;25,9;8;9;8;0;6;2;4;4;Passable;Biologie;Général
COH2026-2217;17;82,4 %;69,3;0;11;11;5;6;5;5;5;Bien;Biologie;Technologique
COH2026-2218;19;50,7 %;0,0;5;12;9;0;6;3;2;2;Passable;Lettres;Général
COH2026-2219;21;66,9 %;5,4;7;13;9;1;6;3;3;2;Passable;Informatique;Général
COH2026-2220;18;70,3 %;53,9;3;9;6;0;5;4;3;3;Passable;Lettres;Technologique
COH2026-2221;22;68,9 %;56,8;5;10;5;0;5;3;3;2;Bien;STAPS;Général
COH2026-2222;19;82,4 %;33,0;5;11;9;6;5;5;4;3;Passable;Lettres;Général
COH2026-2223;19;82,4 %;32,2;3;9;7;2;5;4;5;3;Assez bien;Droit;Général
COH2026-2224;18;47,9 %;6,2;5;13;5;0;7;;2;1;Passable;Gestion;Professionnel
COH2026-2225;20;76,8 %;79,1;1;9;8;2;5;3;3;2;Passable;Lettres;Général
COH2026-2226;23;71,5 %;27,5;1;8;7;4;6;5;3;4;Bien;Informatique;Général
COH2026-2227;21;96,7 %;49,1;1;13;13;13;6;5;5;5;Bien;Informatique;Professionnel
COH2026-2228;20;67,0 %;53,6;6;11;8;2;6;3;3;2;Bien;Lettres;Technologique
COH2026-2229;19;78,8 %;44,1;2;11;10;7;6;5;4;4;Assez bien;Informatique;Professionnel
COH2026-2230;19;72,2 %;65,0;8;11;8;6;6;3;3;3;Bien;Informatique;Général
COH2026-2231;22;73,8 %;6,7;5;10;7;1;6;4;3;2;Assez bien;STAPS;Général
COH2026-2232;22;70,6 %;4,7;3;8;6;0;7;3;4;3;Bien;Lettres;Technologique
COH2026-2233;22;77,5 %;12,8;2;10;9;4;6;2;4;2;Bien;Psychologie;Général
COH2026-2234;20;74,1 %;4,3;3;10;7;0;6;2;1;1;Assez bien;Biologie;Technologique
COH2026-2235;24;70,8 %;37,5;4;8;6;0;5;4;3;2;Passable;Mathématiques;Général
COH2026-2236;18;77,4 %;40,4;3;13;9;2;7;1;1;3;Assez bien;Biologie;Général
COH2026-2237;19;89,7 %;55,6;4;11;9;5;6;3;3;5;Bien;Biologie;Technologique
COH2026-2238;21;77,9 %;44,4;7;13;12;1;7;4;4;3;Assez bien;Biologie;Professionnel
COH2026-2239;20;84,7 %;61,3;3;13;11;3;7;3;4;5;Bien;Gestion;Général
COH2026-2240;19;52,1 %;19,2;6;8;6;0;5;3;3;1;Assez bien;STAPS;Général
COH2026-2241;19;80,4 %;20,3;5;11;11;4;7;3;5;3;Bien;Informatique;Général
COH2026-2242;19;96,6 %;93,6;7;12;12;2;6;;;5;Bien;Droit;Technologique
COH2026-2243;20;74,7 %;38,7;4;10;8;1;7;1;4;2;Assez bien;Biologie;Général
COH2026-2244;24;77,2 %;7,6;1;12;11;2;5;3;2;3;;Mathématiques;Technologique
COH2026-2245;22;43,4 %;36,0;5;8;5;1;5;2;2;1;Passable;Informatique;Général
COH2026-2246;21;80,3 %;42,7;5;8;6;2;6;4;4;3;Assez bien;Mathématiques;Technologique
COH2026-2247;21;79,6 %;27,5;2;11;9;1;6;4;4;3;Passable;Psychologie;Général
COH2026-2248;21;90,0 %;70,4;2;8;8;4;7;4;5;4;Très bien;Mathématiques;Général
COH2026-2249;20;95,2 %;57,9;1;8;8;6;6;5;4;5;Passable;Gestion;Technologique
COH2026-2250;19;61,3 %;5,4;5;9;5;0;6;2;2;2;Assez bien;Informatique;Général
COH2026-2251;18;82,4 %;25,3;4;11;9;1;7;4;4;;Très bien;Gestion;Technologique
COH2026-2252;19;74,0 %;44,2;5;11;7;7;6;3;4;4;Assez bien;STAPS;Technologique
COH2026-2253;20;88,6 %;54,2;3;13;13;5;6;5;4;3;Très bien;Gestion;Technologique
COH2026-2254;17;59,0 %;13,2;6;12;10;0;7;3;1;2;Assez bien;Gestion;Général
COH2026-2255;18;70,3 %;20,0;3;8;7;0;7;2;;2;Passable;Lettres;Technologique
COH2026-2256;19;87,5 %;29,1;7;8;7;5;6;4;2;1;Très bien;Droit;Technologique
COH2026-2257;22;88,3 %;78,4;2;8;7;3;6;4;3;2;Passable;Informatique;Général
COH2026-2258;21;69,9 %;27,8;4;11;9;4;5;;5;2;Bien;Gestion;Général
COH2026-2259;20;62,8 %;22,9;6;10;6;0;5;1;2;1;;Psychologie;Technologique
COH2026-2260;23;99,4 %;39,2;0;11;11;7;7;5;4;4;Très bien;Lettres;Technologique
COH2026-2261;21;65,6 %;23,4;3;12;10;2;7;3;4;3;Passable;Gestion;Général
COH2026-2262;20;91,7 %;26,3;2;13;12;5;5;4;5;3;Passable;Gestion;Général
COH2026-2263;22;57,8 %;26,7;5;8;5;1;6;3;3;2;Passable;Biologie;Technologique
COH2026-2264;19;83,2 %;63,7;1;9;8;4;6;3;4;4;Assez bien;Mathématiques;Général
COH2026-2265;21;99,4 %;71,2;1;10;10;2;5;5;3;4;Passable;Psychologie;Général
COH2026-2266;18;99,2 %;36,6;1;11;10;6;7;5;4;3;;Informatique;Technologique
COH2026-2267;17;80,8 %;20,8;4;13;10;1;7;3;3;3;Bien;Informatique;Technologique
COH2026-2268;22;80,7 %;63,6;2;12;11;6;6;4;4;4;Bien;Informatique;Général
COH2026-2269;22;80,0 %;35,1;2;10;9;6;6;4;4;4;Bien;Informatique;Général
COH2026-2270;17;79,9 %;37,6;4;12;11;1;6;2;5;3;Passable;Gestion;Technologique
COH2026-2271;24;73,1 %;53,5;2;9;7;3;5;3;4;5;Assez bien;Informatique;Professionnel
COH2026-2272;19;91,5 %;44,6;5;8;8;7;5;5;4;3;Passable;Mathématiques;Général
COH2026-2273;20;59,2 %;11,0;5;10;6;0;5;1;;2;Bien;Gestion;Général
COH2026-2274;21;99,8 %;46,2;2;9;8;10;6;5;4;4;Bien;Lettres;Général
COH2026-2275;18;77,2 %;42,8;6;8;6;2;5;3;2;4;Bien;Informatique;Général
COH2026-2276;18;69,3 %;9,1;4;8;8;0;5;3;3;1;Passable;Droit;Général
COH2026-2277;21;79,1 %;27,7;4;12;10;2;6;3;1;1;Assez bien;Gestion;Général
COH2026-2278;21;85,9 %;23,6;4;9;6;1;6;;3;4;Assez bien;Psychologie;Général
COH2026-2279;22;73,5 %;23,7;1;8;5;3;7;2;4;3;Passable;Informatique;Général
COH2026-2280;17;75,4 %;19,3;8;8;8;0;6;3;3;2;Bien;Droit;Général
COH2026-2281;18;86,8 %;68,1;3;13;13;13;6;4;4;;;Droit;Technologique
COH2026-2282;18;87,3 %;53,3;7;9;7;2;6;1;2;4;Passable;Mathématiques;Technologique
COH2026-2283;18;97,7 %;32,7;5;9;6;4;7;4;2;2;Très bien;Informatique;Général
COH2026-2284;20;66,8 %;21,4;2;13;8;0;7;1;1;1;Assez bien;Informatique;Technologique
COH2026-2285;19;77,3 %;8,2;7;10;10;6;6;3;4;2;Assez bien;STAPS;Général
COH2026-2286;18;61,6 %;19,6;6;8;6;1;7;1;1;1;Assez bien;Droit;Professionnel
COH2026-2287;19;69,2 %;30,1;3;10;7;0;6;1;3;1;Bien;STAPS;Général
COH2026-2288;18;72,9 %;28,5;6;9;8;3;6;3;3;4;Assez bien;Psychologie;Technologique
COH2026-2289;22;76,9 %;116,6;2;10;9;3;5;3;2;3;Passable;Informatique;Technologique
COH2026-2290;18;67,0 %;16,9;8;10;10;1;5;4;2;3;Assez bien;Informatique;Professionnel
COH2026-2291;21;74,3 %;42,7;6;13;10;0;7;2;4;2;Bien;Informatique;Technologique
COH2026-2292;18;77,2 %;57,9;2;12;8;5;6;4;4;2;Passable;Biologie;Général
COH2026-2293;19;79,0 %;26,6;7;12;11;4;6;4;4;2;Bien;Informatique;Technologique
COH2026-2294;21;59,8 %;19,6;4;13;10;1;6;2;4;1;Assez bien;Gestion;Technologique
COH2026-2295;22;90,6 %;42,3;4;11;9;9;5;5;5;3;Très bien;Droit;Général
COH2026-2296;20;65,8 %;6,1;4;9;4;0;6;1;1;1;Très bien;Psychologie;Professionnel
COH2026-2297;19;74,9 %;70,7;0;9;8;2;5;5;3;1;Passable;Droit;Général
COH2026-2298;20;69,9 %;76,4;1;10;10;4;5;4;5;3;Passable;STAPS;Général
COH2026-2299;18;68,3 %;54,4;6;12;12;3;6;4;3;2;Assez bien;Droit;Technologique
COH2026-2300;21;63,9 %;36,4;5;11;7;1;7;2;2;4;Passable;Informatique;Général
COH2026-2301;18;56,7 %;23,5;6;10;9;0;5;4;5;;Assez bien;Gestion;Général
COH2026-2302;21;81,1 %;44,3;1;10;8;3;7;4;3;3;Passable;Gestion;Général
COH2026-2303;21;79,1 %;78,9;1;11;11;2;6;4;5;3;Assez bien;Droit;Technologique
COH2026-2304;20;90,5 %;44,9;4;9;8;8;6;4;5;2;Assez bien;Gestion;Général
COH2026-2305;21;69,6 %;103,9;2;9;9;1;5;3;5;5;Assez bien;Droit;Technologique
COH2026-2306;19;57,3 %;39,7;3;12;10;2;6;4;4;1;Assez bien;Biologie;Général
COH2026-2307;20;52,5 %;44,5;4;9;6;0;7;2;3;;Passable;Droit;Général
COH2026-2308;19;77,4 %;25,8;2;11;8;3;6;4;2;2;Bien;Psychologie;Général
COH2026-2309;21;52,5 %;12,2;3;10;6;0;5;1;;3;Assez bien;Gestion;Professionnel
COH2026-2310;17;76,2 %;47,5;3;8;6;4;5;1;3;3;Assez bien;Informatique;Général
COH2026-2311;18;67,0 %;51,2;3;12;9;2;7;5;2;3;Passable;Informatique;Général
COH2026-2312;18;61,7 %;30,3;7;11;7;1;6;1;4;4;Très bien;Gestion;Général
COH2026-2313;19;80,7 %;41,4;6;8;6;1;7;2;5;3;Passable;Psychologie;Technologique
COH2026-2314;23;78,0 %;66,8;0;9;8;7;5;4;4;4;Assez bien;Psychologie;Technologique
COH2026-2315;19;92,9 %;51,1;3;10;10;7;7;4;4;3;Assez bien;Psychologie;Général
COH2026-2316;20;87,8 %;47,4;2;10;8;5;7;3;5;5;Passable;Droit;Général
COH2026-2317;19;60,4 %;4,2;7;9;7;1;5;3;2;2;Passable;Droit;Général
COH2026-2318;20;80,7 %;11,7;2;10;7;2;5;2;3;4;;Psychologie;Général
COH2026-2319;20;84,5 %;41,1;3;8;7;1;6;2;3;3;Assez bien;Gestion;Technologique
COH2026-2320;19;76,8 %;42,0;2;13;13;4;5;;4;1;Passable;Psychologie;Général
COH2026-2321;21;83,0 %;64,9;7;10;10;2;6;3;4;;Passable;Biologie;Général
COH2026-2322;18;65,8 %;22,1;5;10;5;0;7;2;3;3;Passable;STAPS;Général
COH2026-2323;18;99,3 %;67,8;4;12;12;4;6;5;5;5;Très bien;Droit;Technologique
COH2026-2324;18;99,2 %;115,4;0;13;13;10;7;5;4;5;Passable;STAPS;Technologique
COH2026-2325;21;61,7 %;3,3;3;11;7;0;7;1;3;;Passable;Gestion;Général
COH2026-2326;23;99,2 %;66,6;1;11;11;5;5;4;5;5;Très bien;Droit;Général
COH2026-2327;18;67,0 %;51,2;3;12;9;2;7;5;2;3;Passable;Informatique;Général
COH2026-2328;18;63,9 %;16,6;3;12;9;4;6;3;4;3;Assez bien;Droit;Général
COH2026-2329;23;72,2 %;71,2;6;8;6;1;5;2;4;;Passable;Biologie;Général
COH2026-2330;20;87,1 %;47,8;4;8;7;1;7;3;3;3;Très bien;Gestion;Général
COH2026-2331;19;68,6 %;51,8;3;11;9;6;7;3;;4;Assez bien;Gestion;Technologique
COH2026-2332;20;66,2 %;28,9;8;11;8;0;6;1;2;2;Assez bien;Mathématiques;Général
COH2026-2333;19;99,9 %;42,2;0;12;10;9;6;5;3;3;Bien;STAPS;Général
COH2026-2334;17;86,5 %;44,7;4;12;9;3;5;4;4;5;Très bien;Psychologie;Technologique
COH2026-2335;22;76,5 %;22,6;4;9;7;3;6;4;2;;Assez bien;Informatique;Général
COH2026-2336;24;79,1 %;29,0;4;11;8;6;6;3;1;3;Passable;Droit;Technologique
COH2026-2337;18;80,6 %;49,5;2;9;8;7;6;5;4;1;Bien;STAPS;Général
COH2026-2338;19;74,0 %;85,2;4;8;7;3;6;3;2;3;Passable;Informatique;Technologique
COH2026-2339;20;96,3 %;38,1;2;9;9;4;5;5;4;5;Bien;Mathématiques;Technologique
COH2026-2340;19;70,8 %;42,3;4;12;10;3;6;3;3;4;;Psychologie;Général
COH2026-2341;19;69,4 %;42,1;6;8;6;2;6;3;2;;Bien;Lettres;Professionnel
COH2026-2342;19;93,1 %;70,5;2;12;11;4;6;4;3;4;Assez bien;Droit;Technologique
COH2026-2343;19;51,0 %;20,4;3;11;6;1;5;1;2;;Passable;Informatique;Technologique
COH2026-2344;24;91,1 %;135,4;0;13;13;7;6;5;4;5;Assez bien;Droit;Général
COH2026-2345;20;66,2 %;18,6;9;12;11;2;6;2;1;4;Assez bien;Droit;Technologique
COH2026-2346;18;86,6 %;23,8;3;13;11;7;5;3;4;4;Assez bien;Informatique;Professionnel
COH2026-2347;17;89,6 %;26,3;4;8;7;4;5;4;4;1;Assez bien;Biologie;Professionnel
COH2026-2348;17;75,7 %;25,9;2;10;10;2;6;5;4;2;Assez bien;Informatique;Professionnel
COH2026-2349;19;94,0 %;107,2;1;10;8;6;6;4;4;2;;Droit;Général
COH2026-2350;18;65,8 %;16,3;5;11;8;0;6;2;4;1;Assez bien;Gestion;Professionnel
COH2026-2351;21;74,2 %;55,5;2;10;8;0;6;;4;5;Bien;Biologie;Général
COH2026-2352;20;78,5 %;56,5;2;8;8;4;6;2;5;3;Passable;Lettres;Général
COH2026-2353;19;93,1 %;70,5;2;12;11;4;6;4;3;4;Assez bien;Droit;Technologique
COH2026-2354;21;65,9 %;25,2;6;12;7;0;5;3;4;2;Assez bien;Psychologie;Général
COH2026-2355;18;70,3 %;20,0;3;8;7;0;7;2;;2;Passable;Lettres;Technologique
COH2026-2356;18;69,0 %;35,4;7;11;7;0;7;2;3;1;Assez bien;Lettres;Général
COH2026-2357;18;86,1 %;24,0;1;9;7;3;5;4;2;3;Bien;Biologie;Technologique
COH2026-2358;20;87,2 %;52,7;2;8;7;4;7;3;4;4;Assez bien;Mathématiques;Technologique
COH2026-2359;22;72,6 %;21,7;6;9;6;2;5;4;2;2;Assez bien;Informatique;Technologique
COH2026-2360;21;70,0 %;27,5;5;10;9;2;5;5;2;3;Assez bien;Lettres;Général
COH2026-2361;18;89,2 %;77,4;5;10;9;4;5;;3;;Assez bien;Biologie;Technologique
COH2026-2362;22;71,7 %;52,6;0;9;9;5;5;3;2;4;Assez bien;Psychologie;Technologique
COH2026-2363;20;88,6 %;29,8;2;12;11;4;5;;2;5;Passable;Mathématiques;Technologique
COH2026-2364;19;97,4 %;52,7;0;10;10;4;6;2;3;3;Passable;Biologie;Général
COH2026-2365;18;84,1 %;43,8;3;13;10;3;7;5;5;;Passable;Psychologie;Général
COH2026-2366;18;66,9 %;6,5;4;9;6;0;6;1;3;1;Passable;Droit;Général
COH2026-2367;20;69,4 %;47,1;1;8;6;3;5;3;3;4;Très bien;STAPS;Général
COH2026-2368;23;83,3 %;52,2;6;13;11;0;5;5;1;;Passable;Mathématiques;Général
COH2026-2369;18;73,1 %;22,8;2;8;6;4;5;4;4;1;Bien;Informatique;Général
COH2026-2370;18;78,7 %;35,0;5;10;6;0;6;1;;2;Assez bien;Droit;Général
COH2026-2371;18;63,5 %;31,0;6;13;11;2;6;2;1;3;Bien;Droit;Technologique
COH2026-2372;23;82,4 %;49,0;4;10;4;0;5;3;4;3;Assez bien;STAPS;Général
COH2026-2373;17;60,3 %;6,9;6;11;7;0;6;1;4;1;Assez bien;Mathématiques;Général
COH2026-2374;20;62,8 %;22,9;6;10;6;0;5;1;2;1;;Psychologie;Technologique
COH2026-2375;19;66,5 %;32,9;1;10;7;0;7;2;3;1;Assez bien;Biologie;Général
COH2026-2376;22;78,1 %;32,2;7;13;10;2;6;3;3;2;Bien;Droit;Général
COH2026-2377;20;95,0 %;105,7;2;12;12;9;5;5;5;4;Assez bien;Informatique;Général
COH2026-2378;23;91,0 %;41,3;3;12;7;2;6;4;4;4;Passable;Informatique;Général
COH2026-2379;19;66,2 %;41,0;1;10;8;3;7;5;4;2;Assez bien;Informatique;Général
COH2026-2380;21;99,8 %;46,2;2;9;8;10;6;5;4;4;Bien;Lettres;Général
COH2026-2381;21;97,7 %;66,7;2;11;11;12;6;5;4;5;Bien;Lettres;Technologique
COH2026-2382;21;75,2 %;56,1;8;11;8;1;6;5;2;3;Assez bien;Droit;Général
COH2026-2383;19;73,9 %;47,5;1;11;9;2;6;3;2;2;Passable;Informatique;Général
COH2026-2384;19;97,8 %;65,4;0;8;7;2;6;2;3;3;Bien;Mathématiques;Général
COH2026-2385;21;92,8 %;71,8;3;12;11;6;5;;4;3;Passable;Informatique;Technologique
COH2026-2386;18;91,6 %;50,5;6;12;10;3;5;3;4;1;Passable;STAPS;Général
COH2026-2387;18;84,2 %;112,9;5;10;10;9;6;3;5;3;Bien;Droit;Technologique
COH2026-2388;20;86,9 %;41,6;3;12;12;8;5;4;4;4;Bien;Gestion;Technologique
COH2026-2389;22;95,9 %;87,2;4;9;8;6;6;3;3;5;Passable;Gestion;Technologique
COH2026-2390;18;88,7 %;86,2;1;12;12;4;6;5;3;3;Bien;Mathématiques;Général
COH2026-2391;20;56,5 %;21,0;3;10;9;2;7;3;4;2;Passable;Mathématiques;Technologique
COH2026-2392;18;67,4 %;55,0;4;11;11;4;6;3;2;4;Assez bien;STAPS;Général
COH2026-2393;22;69,4 %;53,5;5;9;8;0;7;2;2;2;Très bien;Mathématiques;Général
COH2026-2394;20;75,4 %;23,1;5;8;6;0;5;3;2;4;Bien;Informatique;Général
COH2026-2395;22;99,9 %;73,4;2;8;6;9;7;4;4;4;Bien;Biologie;Général
COH2026-2396;17;96,3 %;26,4;1;11;11;4;5;3;3;;;Informatique;Professionnel
COH2026-2397;17;81,5 %;38,8;2;10;9;10;6;5;4;4;Bien;Psychologie;Général
COH2026-2398;18;77,9 %;32,7;2;8;8;7;6;5;3;3;Très bien;Mathématiques;Technologique
COH2026-2399;19;62,2 %;28,5;3;10;9;2;5;4;3;3;Assez bien;Psychologie;Général
COH2026-2400;23;84,9 %;50,6;6;11;10;1;6;4;2;1;Passable;Psychologie;Général
COH2026-2401;24;50,6 %;39,2;3;8;6;0;5;2;4;2;Passable;Biologie;Général
COH2026-2402;19;80,6 %;55,4;0;13;13;9;6;4;;5;Assez bien;Gestion;Technologique
COH2026-2403;22;77,7 %;40,9;4;11;8;2;5;2;1;4;Bien;Droit;Général
COH2026-2404;17;87,5 %;44,1;3;11;9;3;5;4;;4;Passable;STAPS;Général
COH2026-2405;23;74,9 %;13,7;4;12;9;0;6;3;2;3;Passable;Gestion;Technologique
COH2026-2406;18;68,4 %;38,5;3;13;11;6;5;3;4;2;Bien;STAPS;Technologique
COH2026-2407;19;86,4 %;81,8;2;11;11;3;5;5;4;3;Passable;Gestion;Général
COH2026-2408;20;88,0 %;72,9;2;13;13;5;6;3;4;2;Assez bien;Informatique;Général
COH2026-2409;20;61,4 %;10,7;4;12;8;1;6;2;2;3;Passable;Psychologie;Général
COH2026-2410;22;57,8 %;26,7;5;8;5;1;6;3;3;2;Passable;Biologie;Technologique
COH2026-2411;20;79,6 %;32,0;6;10;7;2;7;1;2;3;Passable;Lettres;Professionnel
COH2026-2412;19;79,8 %;9,5;6;9;7;0;5;3;4;2;Bien;Gestion;Général
COH2026-2413;18;64,4 %;19,1;6;9;6;0;7;1;3;2;Passable;STAPS;Professionnel
COH2026-2414;22;78,6 %;57,2;8;13;10;2;6;2;3;;Bien;Lettres;Général
COH2026-2415;17;90,1 %;40,2;2;11;9;2;5;3;;2;Passable;Biologie;Général
COH2026-2416;22;89,3 %;35,2;1;8;7;4;5;3;4;3;Assez bien;Gestion;Général
COH2026-2417;22;42,3 %;31,3;7;13;9;0;5;1;1;;Bien;Gestion;Technologique
COH2026-2418;20;73,9 %;62,3;5;13;10;1;5;3;4;2;Très bien;Psychologie;Général
COH2026-2419;19;64,8 %;5,5;8;12;9;3;6;5;2;4;Très bien;Gestion;Général
COH2026-2420;18;64,5 %;15,1;7;13;7;1;6;;3;2;Très bien;Biologie;Professionnel
COH2026-2421;25;66,2 %;28,8;7;10;8;1;5;2;5;2;Assez bien;Psychologie;Professionnel
COH2026-2422;18;69,6 %;47,5;2;13;11;1;5;3;3;3;Assez bien;Gestion;Général
COH2026-2423;20;66,8 %;34,6;2;12;10;8;6;1;4;2;Bien;STAPS;Technologique
COH2026-2424;18;70,4 %;42,9;6;11;9;1;6;2;;4;Passable;Gestion;Général
COH2026-2425;20;88,1 %;55,3;8;9;8;3;6;3;4;2;Passable;Biologie;Général
COH2026-2426;22;57,3 %;29,1;8;12;9;1;5;2;2;2;Très bien;Informatique;Général
COH2026-2427;20;79,4 %;45,2;4;13;10;6;5;3;4;3;Passable;Droit;Général
COH2026-2428;22;78,5 %;17,2;3;9;9;6;6;2;3;2;Assez bien;Informatique;Technologique
COH2026-2429;21;59,9 %;37,4;3;9;7;1;6;1;3;3;Très bien;STAPS;Professionnel
COH2026-2430;19;67,5 %;32,6;2;11;9;1;5;3;2;3;Assez bien;Psychologie;Général
COH2026-2431;22;75,2 %;28,2;3;12;9;2;5;3;3;4;Bien;Droit;Technologique
COH2026-2432;19;64,9 %;44,5;3;8;6;2;7;;4;2;Passable;Lettres;Général
COH2026-2433;17;82,7 %;30,6;6;10;6;0;6;2;3;;Assez bien;STAPS;Professionnel
COH2026-2434;19;96,7 %;71,7;3;8;8;9;5;5;4;4;Assez bien;Droit;Général
COH2026-2435;19;59,9 %;47,8;4;12;9;1;7;3;3;;Très bien;Droit;Général
COH2026-2436;18;78,8 %;106,9;4;8;8;5;6;3;4;3;Passable;Lettres;Général
COH2026-2437;22;82,7 %;84,6;1;12;12;7;6;5;4;4;Passable;Informatique;Général
COH2026-2438;23;60,4 %;46,3;4;10;7;1;5;2;2;3;Passable;Droit;Professionnel
COH2026-2439;22;88,7 %;31,3;6;9;7;6;7;4;3;1;Passable;Lettres;Technologique
COH2026-2440;17;82,3 %;11,7;5;12;11;1;5;2;2;4;Assez bien;STAPS;Professionnel
COH2026-2441;19;77,9 %;28,0;7;10;8;0;6;3;3;3;Passable;Mathématiques;Professionnel
COH2026-2442;18;87,2 %;129,7;2;11;11;4;5;5;5;4;Assez bien;Lettres;Technologique
COH2026-2443;19;89,4 %;29,8;4;8;8;5;7;4;3;3;Bien;Gestion;Général
COH2026-2444;21;66,8 %;27,9;5;9;6;1;7;2;5;1;Assez bien;Biologie;Général
COH2026-2445;24;86,4 %;41,0;5;11;8;1;6;3;3;2;Passable;Psychologie;Technologique
COH2026-2446;19;78,9 %;74,7;2;9;7;3;7;2;4;3;Bien;Droit;Général
COH2026-2447;21;74,9 %;32,1;6;13;10;0;7;3;2;4;Assez bien;Biologie;Général
COH2026-2448;20;57,7 %;29,0;4;11;9;0;7;2;3;1;Assez bien;Informatique;Général
COH2026-2449;19;68,0 %;21,9;7;12;7;0;7;1;3;2;Passable;STAPS;Général
COH2026-2450;19;63,5 %;18,3;5;13;8;0;5;3;1;2;Très bien;Psychologie;Général
COH2026-2451;21;85,3 %;49,0;4;8;7;4;7;5;1;3;Assez bien;STAPS;Technologique
COH2026-2452;21;91,6 %;38,1;5;10;10;4;5;3;5;3;Passable;STAPS;Technologique
COH2026-2453;20;83,6 %;58,4;1;13;13;3;6;5;4;3;Bien;Gestion;Technologique
COH2026-2454;21;67,9 %;0,4;7;13;10;0;6;1;2;2;Passable;STAPS;Général
COH2026-2455;17;75,4 %;29,9;3;12;12;3;6;2;4;;;Droit;Technologique
COH2026-2456;20;59,4 %;30,9;4;9;6;1;6;2;1;2;Bien;Gestion;Général
COH2026-2457;18;87,7 %;55,0;5;9;8;3;6;3;5;2;Passable;Biologie;Général
COH2026-2458;18;89,5 %;40,6;2;12;10;5;6;;5;;Bien;Biologie;Général
COH2026-2459;20;88,6 %;44,4;4;11;9;2;7;4;3;4;Passable;Psychologie;Général
COH2026-2460;19;74,2 %;44,6;4;9;8;6;7;3;3;4;Bien;Droit;Technologique
COH2026-2461;17;83,3 %;16,4;6;11;9;0;6;3;3;3;Passable;Biologie;Général
COH2026-2462;18;89,4 %;82,8;3;9;9;4;5;3;4;4;Passable;Psychologie;Professionnel
COH2026-2463;22;76,7 %;22,6;8;9;8;4;7;2;5;3;Assez bien;Droit;Général
COH2026-2464;19;67,4 %;46,9;1;10;7;0;6;3;3;3;Passable;Droit;Technologique
COH2026-2465;19;63,9 %;22,3;4;11;6;0;6;2;3;1;Bien;Mathématiques;Général
COH2026-2466;20;86,3 %;36,2;0;9;7;4;7;4;4;3;Passable;Droit;Technologique
COH2026-2467;22;58,5 %;12,6;7;10;7;0;6;2;2;2;Bien;Mathématiques;Technologique
COH2026-2468;18;83,4 %;74,1;6;10;8;2;5;3;3;2;Passable;Informatique;Général
COH2026-2469;19;54,7 %;41,6;6;13;10;2;6;4;3;2;Assez bien;Biologie;Technologique
COH2026-2470;20;90,5 %;44,9;4;9;8;8;6;4;5;2;Assez bien;Gestion;Général
COH2026-2471;19;72,7 %;47,4;3;12;8;1;5;2;2;1;Passable;Gestion;Général
COH2026-2472;19;98,8 %;38,5;3;10;9;7;5;3;5;3;Passable;Informatique;Général
COH2026-2473;19;50,7 %;0,0;5;12;9;0;6;3;2;2;Passable;Lettres;Général
COH2026-2474;18;72,2 %;18,7;7;11;7;0;6;1;3;;Bien;Lettres;Général
COH2026-2475;21;70,0 %;27,5;5;10;9;2;5;5;2;3;Assez bien;Lettres;Général
COH2026-2476;20;86,1 %;38,8;6;12;10;1;5;5;3;2;Bien;Gestion;Général
COH2026-2477;19;88,0 %;19,5;4;12;10;4;5;4;1;2;Passable;Gestion;Technologique
COH2026-2478;20;92,8 %;35,2;2;9;8;1;6;4;2;3;Passable;STAPS;Général
COH2026-2479;19;80,9 %;54,9;3;11;11;3;5;;1;2;Passable;Droit;Général
COH2026-2480;21;50,8 %;35,5;1;10;6;1;6;2;2;2;Assez bien;Gestion;Général
COH2026-2481;18;67,5 %;60,1;7;9;7;1;6;2;2;2;Assez bien;Lettres;Professionnel
COH2026-2482;18;77,3 %;17,3;1;9;8;6;6;3;5;3;Bien;Droit;Technologique
COH2026-2483;20;69,7 %;25,7;5;11;10;4;5;3;3;;Assez bien;Droit;Général
COH2026-2484;20;69,9 %;17,1;5;8;5;0;5;1;1;2;Passable;Lettres;Général
COH2026-2485;18;81,3 %;24,7;2;11;9;7;7;4;;3;Assez bien;Psychologie;Général
COH2026-2486;20;52,8 %;22,5;6;13;11;0;7;;1;4;Passable;Lettres;Général
COH2026-2487;18;97,6 %;42,9;2;10;9;3;6;4;;3;Passable;Droit;Technologique
COH2026-2488;17;75,6 %;53,7;3;11;10;2;6;1;3;3;Passable;Mathématiques;Général
COH2026-2489;19;52,4 %;0,0;7;13;7;0;7;3;1;;Passable;Droit;Général
COH2026-2490;18;76,1 %;12,3;1;12;11;6;6;4;2;2;Passable;Droit;Technologique
COH2026-2491;23;83,3 %;52,2;6;13;11;0;5;5;1;;Passable;Mathématiques;Général
COH2026-2492;21;70,8 %;21,7;5;10;7;1;5;1;2;1;Passable;Droit;Général
COH2026-2493;21;64,5 %;13,1;3;8;4;0;5;3;4;1;Assez bien;STAPS;Général
COH2026-2494;18;77,4 %;24,9;4;10;9;4;7;4;4;3;Très bien;Informatique;Général
COH2026-2495;22;81,0 %;30,0;5;9;8;3;5;3;2;2;Assez bien;Droit;Général
COH2026-2496;17;65,0 %;16,1;6;8;6;1;6;5;;2;Très bien;Psychologie;Technologique
COH2026-2497;18;69,5 %;55,2;3;13;13;1;5;5;4;3;Bien;Gestion;Général
COH2026-2498;23;96,8 %;46,8;1;11;11;3;5;5;3;4;Bien;Informatique;Technologique
COH2026-2499;19;94,3 %;68,5;5;10;9;1;6;5;3;4;Bien;Lettres;Professionnel
COH2026-2500;19;72,6 %;38,0;3;11;9;3;6;;2;2;Bien;Biologie;Général
COH2026-2501;22;80,5 %;41,2;3;10;6;1;5;2;3;1;Bien;Droit;Général
COH2026-2502;18;83,4 %;74,1;6;10;8;2;5;3;3;2;Passable;Informatique;Général
COH2026-2503;20;58,7 %;3,7;6;13;7;0;6;2;4;1;Assez bien;Mathématiques;Général
COH2026-2504;22;97,6 %;71,4;3;12;12;3;7;5;4;2;Bien;Gestion;Général
COH2026-2505;18;62,6 %;11,3;4;10;8;1;6;1;3;;Passable;Informatique;Général
COH2026-2506;20;87,2 %;52,7;2;8;7;4;7;3;4;4;Assez bien;Mathématiques;Technologique
COH2026-2507;19;86,6 %;6,3;4;13;11;2;7;4;2;2;Assez bien;Informatique;Général
COH2026-2508;20;77,6 %;20,6;8;9;8;1;7;3;1;4;Passable;Gestion;Général
COH2026-2509;20;70,5 %;51,1;3;9;8;6;6;3;;1;Passable;Gestion;Technologique
COH2026-2510;18;88,6 %;52,6;3;8;8;0;6;2;2;2;Passable;Informatique;Général
COH2026-2511;20;62,5 %;3,8;5;10;8;0;5;2;3;5;Assez bien;Gestion;Général
COH2026-2512;19;84,8 %;46,9;2;10;10;5;5;4;3;;Passable;Informatique;Général
COH2026-2513;20;76,0 %;52,6;5;11;8;4;5;4;4;3;Assez bien;Lettres;Professionnel
COH2026-2514;20;72,3 %;48,3;6;9;6;4;6;5;;3;;Informatique;Technologique
COH2026-2515;17;67,7 %;0,7;4;11;8;2;5;3;2;2;Passable;Gestion;Général
COH2026-2516;21;73,2 %;44,5;5;9;6;4;7;5;3;4;Assez bien;Gestion;Technologique
COH2026-2517;20;83,5 %;18,3;2;12;11;5;6;4;4;5;Bien;Droit;Général
COH2026-2518;19;80,0 %;43,8;1;9;8;3;7;4;4;5;Bien;Informatique;Technologique
COH2026-2519;19;87,3 %;56,4;2;12;12;4;5;5;4;5;Assez bien;Mathématiques;Général
COH2026-2520;19;96,6 %;64,5;0;8;8;8;6;5;5;5;Assez bien;Gestion;Professionnel
COH2026-2521;18;54,3 %;33,8;5;13;10;4;5;4;4;2;Passable;Droit;Général
COH2026-2522;21;99,6 %;76,2;1;9;9;4;5;4;4;4;Assez bien;Informatique;Général
COH2026-2523;18;98,8 %;56,7;1;11;10;14;6;5;3;4;Assez bien;Droit;Général
COH2026-2524;20;82,0 %;64,2;2;9;9;0;7;4;4;3;Très bien;STAPS;Général
COH2026-2525;21;76,9 %;25,0;4;13;12;5;6;3;2;4;Assez bien;Biologie;Général
COH2026-2526;18;90,9 %;126,8;0;12;11;6;7;;5;4;Passable;Informatique;Technologique
COH2026-2527;23;58,5 %;6,4;3;10;8;1;7;3;3;3;Bien;Droit;Technologique
COH2026-2528;20;64,1 %;50,2;7;10;7;2;7;2;1;3;Passable;Gestion;Général
COH2026-2529;23;76,6 %;34,7;1;10;9;4;6;3;4;3;Bien;Mathématiques;Général
COH2026-2530;22;87,6 %;48,5;5;9;8;1;6;5;4;2;Bien;Gestion;Général
COH2026-2531;21;75,4 %;29,7;7;13;12;0;6;1;2;;Assez bien;Biologie;Général
COH2026-2532;18;58,4 %;19,8;4;8;4;0;6;2;1;1;Passable;Gestion;Général
COH2026-2533;19;73,1 %;32,3;1;11;7;4;6;4;3;5;Assez bien;Psychologie;Général
COH2026-2534;21;69,3 %;25,8;4;9;6;0;6;3;3;3;Bien;Droit;Technologique
COH2026-2535;18;78,2 %;21,5;3;10;9;0;6;5;2;1;Très bien;Psychologie;Général
COH2026-2536;18;73,2 %;32,6;3;11;9;4;6;2;2;4;Passable;Biologie;Professionnel
COH2026-2537;21;98,9 %;59,3;1;10;10;10;6;5;3;5;Assez bien;Droit;Général
COH2026-2538;22;85,9 %;60,2;3;12;10;8;7;2;5;3;Assez bien;Informatique;Général
COH2026-2539;18;78,1 %;48,8;5;10;8;6;7;3;5;3;Assez bien;STAPS;Technologique
COH2026-2540;19;72,1 %;82,0;0;12;9;4;5;2;4;3;Passable;Gestion;Général
COH2026-2541;22;86,6 %;58,9;4;8;8;3;6;1;5;2;Passable;Lettres;Technologique
COH2026-2542;21;59,7 %;25,5;4;8;6;1;6;1;2;;Assez bien;Gestion;Professionnel
COH2026-2543;19;70,4 %;29,7;4;11;10;1;7;5;3;3;Assez bien;Informatique;Général
COH2026-2544;20;86,9 %;58,5;1;12;11;9;5;2;4;3;Passable;Informatique;Professionnel
COH2026-2545;18;98,6 %;80,9;0;13;12;5;6;;5;4;Très bien;Droit;Professionnel
COH2026-2546;19;78,9 %;77,2;2;8;8;5;6;4;3;3;Passable;Droit;Général
COH2026-2547;22;68,4 %;52,3;8;11;9;0;6;3;;2;Passable;STAPS;Général
COH2026-2548;20;81,3 %;45,6;2;9;7;8;5;5;5;5;Passable;STAPS;Général
COH2026-2549;17;79,9 %;74,0;2;8;7;9;5;3;4;4;Bien;Psychologie;Général
COH2026-2550;17;76,3 %;45,6;3;8;8;5;7;5;4;4;;Gestion;Général
COH2026-2551;21;64,9 %;10,5;6;9;6;0;5;3;3;3;Passable;Gestion;Technologique
COH2026-2552;21;66,1 %;7,4;4;13;11;1;7;4;;2;Passable;Droit;Technologique
COH2026-2553;21;85,3 %;33,7;6;8;7;7;7;4;4;3;Passable;STAPS;Général
COH2026-2554;18;61,8 %;23,7;5;13;13;0;6;3;3;1;Passable;Informatique;Général
COH2026-2555;19;97,0 %;97,8;2;8;8;7;6;5;4;4;Très bien;Biologie;Professionnel
COH2026-2556;18;70,6 %;26,3;4;11;10;3;5;1;3;4;Assez bien;Gestion;Professionnel
COH2026-2557;18;84,0 %;36,0;1;12;11;7;5;5;4;3;Passable;Psychologie;Technologique
COH2026-2558;19;71,1 %;26,0;6;8;6;3;7;1;3;2;Passable;Informatique;Technologique
COH2026-2559;23;76,7 %;136,2;1;13;13;4;5;5;4;4;Passable;Biologie;Général
COH2026-2560;19;84,6 %;57,8;2;10;10;4;6;4;;;Bien;STAPS;Professionnel
COH2026-2561;21;79,1 %;78,9;1;11;11;2;6;4;5;3;Assez bien;Droit;Technologique
COH2026-2562;18;75,4 %;35,6;4;11;8;7;6;4;4;1;Très bien;Gestion;Technologique
COH2026-2563;19;75,7 %;26,4;4;12;10;1;6;3;2;2;Bien;Gestion;Général
COH2026-2564;18;73,1 %;22,8;2;8;6;4;5;4;4;1;Bien;Informatique;Général
COH2026-2565;21;62,6 %;3,4;3;11;7;0;6;3;2;1;Passable;Lettres;Général
COH2026-2566;22;97,1 %;54,9;1;12;12;5;7;5;;3;Bien;Biologie;Général
COH2026-2567;19;64,2 %;38,8;6;9;7;1;7;;3;3;Passable;Psychologie;Technologique
COH2026-2568;23;83,6 %;43,5;4;9;9;3;7;3;3;3;Passable;Gestion;Technologique
COH2026-2569;21;62,1 %;13,1;5;8;5;0;6;1;4;1;Assez bien;Psychologie;Général
COH2026-2570;22;68,4 %;23,1;7;10;7;3;6;2;3;2;Passable;Gestion;Technologique
COH2026-2571;17;70,1 %;29,1;2;9;9;6;7;3;5;1;Assez bien;Informatique;Technologique
COH2026-2572;20;68,8 %;47,7;5;10;9;3;6;2;3;5;Passable;Informatique;Général
COH2026-2573;18;95,8 %;47,1;6;10;8;3;6;2;2;4;Bien;Gestion;Technologique
COH2026-2574;22;83,6 %;48,3;7;11;7;2;5;3;3;1;Très bien;Droit;Professionnel
COH2026-2575;18;73,4 %;56,7;5;8;5;1;6;2;4;2;Passable;Droit;Général
COH2026-2576;22;86,3 %;35,4;2;12;11;4;6;;3;;Assez bien;Droit;Technologique
COH2026-2577;20;96,6 %;25,2;2;9;8;2;5;2;4;3;Assez bien;Mathématiques;Général
COH2026-2578;18;97,9 %;75,5;4;9;9;2;7;4;5;2;Passable;Droit;Général
COH2026-2579;19;73,6 %;35,1;4;11;11;6;6;5;2;3;Assez bien;STAPS;Général
COH2026-2580;20;66,7 %;7,5;6;12;6;0;6;2;2;1;Très bien;Mathématiques;Technologique
COH2026-2581;21;90,1 %;61,1;3;9;9;5;6;4;5;4;Bien;Biologie;Général
COH2026-2582;21;76,9 %;25,0;4;13;12;5;6;3;2;4;Assez bien;Biologie;Général
COH2026-2583;20;91,0 %;44,2;4;8;6;9;5;4;3;3;Assez bien;Informatique;Professionnel
COH2026-2584;20;74,3 %;35,9;3;12;8;1;7;3;2;5;Passable;Gestion;Général
COH2026-2585;18;77,2 %;28,0;3;11;10;4;6;5;4;2;Passable;Mathématiques;Technologique
COH2026-2586;24;98,7 %;34,5;1;13;12;4;6;4;5;5;Assez bien;Lettres;Général
COH2026-2587;19;79,3 %;35,6;4;11;10;1;5;4;5;2;Assez bien;Informatique;Général
COH2026-2588;18;71,1 %;35,4;7;11;7;1;6;3;3;3;Passable;Informatique;Général
COH2026-2589;21;57,9 %;8,8;6;11;6;0;5;3;2;1;Bien;Informatique;Général
COH2026-2590;22;77,5 %;34,2;7;12;12;6;5;3;4;1;Passable;Gestion;Professionnel
COH2026-2591;21;76,0 %;36,6;5;10;8;3;5;3;3;2;Assez bien;Gestion;Technologique
COH2026-2592;17;62,8 %;4,9;4;9;4;0;5;2;;1;Très bien;Informatique;Général
COH2026-2593;20;82,6 %;38,3;4;8;6;2;6;4;4;3;Assez bien;Biologie;Général
COH2026-2594;23;67,3 %;18,5;9;13;9;1;7;1;3;2;Assez bien;Biologie;Général
COH2026-2595;18;86,1 %;56,6;6;10;8;1;6;2;3;3;Passable;Gestion;Technologique
COH2026-2596;21;89,9 %;18,1;7;9;7;5;5;3;2;3;Bien;Mathématiques;Général
COH2026-2597;18;84,1 %;43,8;3;13;10;3;7;5;5;;Passable;Psychologie;Général
COH2026-2598;18;75,8 %;52,2;2;12;11;0;6;4;3;3;Passable;Psychologie;Général
COH2026-2599;20;88,1 %;55,3;8;9;8;3;6;3;4;2;Passable;Biologie;Général
COH2026-2600;20;68,8 %;76,0;4;13;7;1;6;3;3;2;Très bien;Psychologie;Général
COH2026-2601;19;99,4 %;57,8;1;10;10;11;6;4;5;4;Passable;Lettres;Technologique
COH2026-2602;22;66,0 %;15,9;4;10;6;0;6;1;3;3;;Gestion;Général
COH2026-2603;18;84,6 %;12,2;10;12;10;0;7;1;1;1;Passable;Psychologie;Professionnel
COH2026-2604;21;73,6 %;32,0;2;13;11;6;6;4;4;;Assez bien;Gestion;Technologique
COH2026-2605;18;89,6 %;62,0;1;12;11;8;6;5;;;Passable;STAPS;Professionnel
COH2026-2606;19;75,0 %;48,4;5;8;5;0;6;5;1;1;Bien;Biologie;Général
COH2026-2607;22;71,2 %;52,4;8;11;8;4;6;2;3;4;Passable;Droit;Général
COH2026-2608;20;70,3 %;30,4;6;8;6;1;6;3;;3;Passable;Droit;Général
COH2026-2609;18;57,7 %;11,5;7;13;7;0;7;1;1;1;Passable;Gestion;Professionnel
COH2026-2610;19;64,0 %;0,3;10;13;10;1;5;1;3;1;Passable;Droit;Technologique
COH2026-2611;18;75,1 %;54,6;4;12;9;5;6;5;;4;Passable;Gestion;Général
COH2026-2612;21;64,9 %;10,5;6;9;6;0;5;3;3;3;Passable;Gestion;Technologique
COH2026-2613;18;68,4 %;38,5;3;13;11;6;5;3;4;2;Bien;STAPS;Technologique
COH2026-2614;20;72,3 %;31,3;4;13;9;0;6;1;3;3;Passable;Psychologie;Général
COH2026-2615;19;86,6 %;30,6;4;13;10;6;5;5;5;;Passable;Gestion;Technologique
COH2026-2616;20;80,9 %;66,7;7;8;7;2;7;3;4;4;Bien;Mathématiques;Technologique
COH2026-2617;19;74,0 %;44,2;5;11;7;7;6;3;4;4;Assez bien;STAPS;Technologique
COH2026-2618;22;87,7 %;59,1;3;10;8;6;6;5;2;4;Assez bien;Biologie;Général
COH2026-2619;20;68,2 %;43,1;7;10;9;3;6;5;1;4;Assez bien;Informatique;Général
COH2026-2620;17;96,1 %;46,1;4;12;11;3;6;3;;5;;Lettres;Général
COH2026-2621;19;73,9 %;47,5;1;11;9;2;6;3;2;2;Passable;Informatique;Général
COH2026-2622;19;81,1 %;42,8;2;8;7;5;6;5;4;5;Assez bien;Mathématiques;Général
COH2026-2623;18;72,0 %;37,4;4;11;10;2;6;3;2;2;Passable;Psychologie;Technologique
COH2026-2624;18;75,8 %;36,2;1;8;8;5;5;4;4;2;;Droit;Technologique
COH2026-2625;18;84,0 %;62,1;7;10;9;3;6;2;2;3;Très bien;Biologie;Général
COH2026-2626;19;81,2 %;94,7;3;13;13;1;7;5;4;5;Très bien;Gestion;Général
COH2026-2627;23;96,0 %;34,4;3;12;12;5;5;5;4;4;Assez bien;Lettres;Général
COH2026-2628;19;64,3 %;48,9;4;13;10;2;6;1;3;2;Assez bien;Psychologie;Technologique
COH2026-2629;17;98,4 %;90,6;1;10;10;7;7;5;;4;Bien;Lettres;Général
COH2026-2630;20;74,4 %;48,1;8;9;8;3;6;4;3;2;Bien;Psychologie;Technologique
COH2026-2631;20;46,1 %;0,0;7;13;8;0;7;1;4;3;Assez bien;Informatique;Général
COH2026-2632;20;87,4 %;37,4;1;10;8;5;6;3;3;4;Passable;Lettres;Général
COH2026-2633;20;76,0 %;52,6;5;11;8;4;5;4;4;3;Assez bien;Lettres;Professionnel
COH2026-2634;18;69,1 %;86,7;5;12;9;3;6;2;3;2;Assez bien;Lettres;Technologique
COH2026-2635;21;73,5 %;36,1;6;9;6;1;7;3;2;1;Passable;Lettres;Technologique
COH2026-2636;19;55,9 %;14,0;5;8;5;0;5;4;2;;Très bien;Informatique;Technologique
COH2026-2637;19;98,2 %;58,7;0;11;11;5;6;5;5;2;Assez bien;Droit;Technologique
COH2026-2638;19;61,9 %;31,7;3;12;8;1;6;3;2;2;Assez bien;Informatique;Technologique
COH2026-2639;18;85,6 %;40,6;3;10;8;1;7;3;;4;Bien;Gestion;Général
COH2026-2640;19;79,8 %;31,0;0;10;9;3;6;4;3;3;Passable;STAPS;Général
COH2026-2641;18;77,0 %;61,5;4;8;5;2;6;5;4;4;Assez bien;STAPS;Général
COH2026-2642;22;90,5 %;70,7;2;11;10;4;6;5;5;4;Assez bien;Psychologie;Général
COH2026-2643;23;67,0 %;39,6;8;10;9;2;7;;3;2;Bien;STAPS;Général
COH2026-2644;18;77,2 %;57,9;2;12;8;5;6;4;4;2;Passable;Biologie;Général
COH2026-2645;22;77,6 %;49,8;4;8;8;5;5;3;4;1;Assez bien;Mathématiques;Général
COH2026-2646;17;90,5 %;33,5;3;13;10;1;7;4;3;5;Bien;Lettres;Général
COH2026-2647;17;84,6 %;62,8;5;12;10;4;6;5;2;4;Passable;Biologie;Général
COH2026-2648;23;90,0 %;43,6;2;10;7;2;6;4;4;3;Passable;Gestion;Général
COH2026-2649;18;72,9 %;79,3;5;13;10;2;6;4;4;4;;STAPS;Technologique
COH2026-2650;21;83,4 %;23,3;6;9;7;2;6;2;;3;Passable;Psychologie;Professionnel
COH2026-2651;22;95,3 %;75,0;3;10;8;3;6;3;3;4;Assez bien;Biologie;Technologique
COH2026-2652;20;68,3 %;65,1;4;12;9;0;6;3;4;3;Bien;Informatique;Professionnel
COH2026-2653;22;72,6 %;21,7;6;9;6;2;5;4;2;2;Assez bien;Informatique;Technologique
COH2026-2654;20;86,8 %;40,3;1;10;10;4;7;5;4;3;Bien;Informatique;Général
COH2026-2655;18;92,1 %;99,7;7;10;7;4;6;4;3;3;Passable;Droit;Professionnel
COH2026-2656;18;93,8 %;70,0;2;12;12;6;6;5;5;5;Très bien;STAPS;Général
COH2026-2657;24;97,4 %;44,9;6;8;6;3;6;4;4;4;Assez bien;Mathématiques;Général
COH2026-2658;18;70,3 %;11,9;4;8;5;0;6;2;1;1;Assez bien;Informatique;Général
COH2026-2659;18;67,0 %;20,9;5;13;10;0;5;3;3;2;;Lettres;Technologique
COH2026-2660;19;57,3 %;16,7;2;13;10;0;7;1;1;1;Assez bien;Droit;Général
COH2026-2661;20;65,7 %;36,6;4;8;6;4;6;4;4;3;Passable;Gestion;Professionnel
COH2026-2662;19;77,9 %;4,4;5;8;7;1;6;3;3;3;Passable;Informatique;Général
COH2026-2663;18;85,7 %;115,6;2;10;10;4;6;4;5;3;Bien;Droit;Technologique
COH2026-2664;20;90,5 %;26,3;3;11;9;1;7;4;;;Bien;Droit;Général
COH2026-2665;17;96,6 %;81,8;1;11;11;7;7;;;5;Passable;Droit;Général
COH2026-2666;21;68,2 %;66,2;1;9;8;5;6;4;3;4;Passable;STAPS;Général
COH2026-2667;18;79,3 %;32,4;2;8;6;1;6;4;3;2;Assez bien;Psychologie;Technologique
COH2026-2668;20;85,9 %;28,4;1;10;7;2;7;2;4;4;Assez bien;Gestion;Technologique
COH2026-2669;22;97,1 %;54,9;1;12;12;5;7;5;;3;Bien;Biologie;Général
COH2026-2670;18;77,6 %;67,2;1;10;9;3;5;5;4;5;Assez bien;Informatique;Général
COH2026-2671;18;83,4 %;28,2;2;10;6;0;5;2;4;2;Assez bien;STAPS;Technologique
COH2026-2672;19;81,8 %;32,1;6;11;7;1;6;3;2;3;Bien;Informatique;Technologique
COH2026-2673;23;80,0 %;52,8;4;12;11;2;6;3;5;3;Passable;Biologie;Technologique
COH2026-2674;22;86,2 %;25,1;4;11;9;3;5;5;3;4;Bien;Droit;Technologique
COH2026-2675;19;75,1 %;17,4;2;10;7;3;6;2;4;2;Assez bien;Psychologie;Général
COH2026-2676;18;81,7 %;29,7;6;12;9;4;7;4;5;4;Bien;Gestion;Général
COH2026-2677;18;87,7 %;55,0;5;9;8;3;6;3;5;2;Passable;Biologie;Général
COH2026-2678;19;85,5 %;43,4;4;12;11;4;5;2;4;4;Passable;Droit;Général
COH2026-2679;21;78,4 %;46,9;0;8;8;8;6;4;5;3;Passable;Informatique;Général
COH2026-2680;17;57,4 %;12,9;7;8;7;0;6;3;2;;Passable;Droit;Général
COH2026-2681;24;75,4 %;81,0;0;12;12;8;5;4;3;4;Très bien;Droit;Technologique
COH2026-2682;17;77,2 %;36,8;6;10;7;2;5;3;3;2;Très bien;Droit;Général
COH2026-2683;18;85,7 %;65,1;3;8;6;5;5;3;4;5;Bien;Mathématiques;Général
COH2026-2684;19;76,3 %;62,2;8;12;8;4;6;4;5;1;Bien;Droit;Général
COH2026-2685;20;64,8 %;19,1;4;11;8;1;6;2;;3;Passable;Droit;Technologique
COH2026-2686;20;42,5 %;0,0;5;13;5;0;6;2;2;1;Assez bien;Psychologie;Technologique
COH2026-2687;23;96,7 %;120,9;0;8;8;5;5;5;4;4;Assez bien;Biologie;Technologique
COH2026-2688;18;72,1 %;60,3;3;9;6;4;6;3;;3;Très bien;Lettres;Général
COH2026-2689;21;86,3 %;13,9;2;10;9;4;7;;4;3;Bien;Psychologie;Général
COH2026-2690;20;70,8 %;118,8;4;13;11;4;6;4;4;;Passable;Psychologie;Technologique
COH2026-2691;20;60,7 %;29,2;5;12;8;1;6;2;2;4;Passable;Mathématiques;Général
COH2026-2692;20;56,9 %;1,9;8;11;8;0;7;1;3;1;Assez bien;Informatique;Général
COH2026-2693;21;82,4 %;43,7;3;8;6;2;5;3;;2;Assez bien;STAPS;Général
COH2026-2694;21;75,6 %;33,7;5;13;8;1;6;2;4;3;Assez bien;Informatique;Général
COH2026-2695;18;98,7 %;95,4;2;8;8;3;7;5;4;5;Très bien;Informatique;Général
COH2026-2696;18;89,8 %;81,0;2;11;11;2;7;4;5;5;Passable;Psychologie;Général
COH2026-2697;17;85,4 %;19,4;3;13;11;6;6;4;3;3;Très bien;Mathématiques;Général
COH2026-2698;19;81,3 %;25,0;6;10;8;3;6;;5;4;Bien;Psychologie;Technologique
COH2026-2699;26;74,7 %;30,3;3;9;7;6;6;4;3;2;Passable;STAPS;Technologique
COH2026-2700;20;81,5 %;28,6;2;8;8;2;6;3;3;1;Passable;STAPS;Général
COH2026-2701;18;67,0 %;16,9;8;10;10;1;5;4;2;3;Assez bien;Informatique;Professionnel
COH2026-2702;17;58,8 %;0,3;8;12;8;0;6;3;3;1;Très bien;Droit;Technologique
COH2026-2703;19;87,8 %;46,8;2;12;9;1;6;;3;3;Assez bien;Gestion;Technologique
COH2026-2704;18;65,8 %;26,9;5;12;8;1;6;3;3;3;Assez bien;STAPS;Technologique
COH2026-2705;17;94,6 %;43,2;1;12;11;4;5;4;3;4;Assez bien;Informatique;Technologique
COH2026-2706;18;88,8 %;55,8;5;10;10;5;7;4;4;1;Passable;Gestion;Général
COH2026-2707;17;80,8 %;20,8;4;13;10;1;7;3;3;3;Bien;Informatique;Technologique
COH2026-2708;20;84,7 %;55,2;5;13;11;7;6;5;5;3;Passable;Lettres;Technologique
COH2026-2709;20;62,2 %;46,0;2;10;9;4;7;2;;2;Passable;Informatique;Technologique
COH2026-2710;26;70,2 %;36,6;5;11;8;1;7;1;2;4;Assez bien;Psychologie;Général
COH2026-2711;18;93,6 %;40,0;2;11;8;3;5;3;5;3;Bien;Informatique;Professionnel
COH2026-2712;25;69,3 %;56,8;4;8;7;4;6;3;;2;Assez bien;Lettres;Général
COH2026-2713;17;59,2 %;29,3;5;13;8;1;6;2;;2;Bien;Informatique;Général
COH2026-2714;18;89,1 %;64,4;2;12;12;4;6;;4;4;Passable;Gestion;Professionnel
COH2026-2715;21;77,9 %;44,4;7;13;12;1;7;4;4;3;Assez bien;Biologie;Professionnel
COH2026-2716;23;77,2 %;28,3;5;9;5;0;5;2;;3;Passable;Droit;Technologique
COH2026-2717;18;96,0 %;58,5;2;8;8;6;7;3;;2;;Droit;Technologique
COH2026-2718;24;52,9 %;60,3;3;8;6;1;6;1;2;;Bien;Gestion;Général
COH2026-2719;19;71,4 %;36,8;4;13;12;3;5;3;3;1;Très bien;STAPS;Général
COH2026-2720;21;87,0 %;13,0;4;11;9;1;5;3;3;2;Passable;Psychologie;Général
COH2026-2721;21;65,9 %;25,2;6;12;7;0;5;3;4;2;Assez bien;Psychologie;Général
COH2026-2722;20;70,5 %;33,7;3;12;12;2;6;1;3;3;Assez bien;Lettres;Général
COH2026-2723;24;97,4 %;44,9;6;8;6;3;6;4;4;4;Assez bien;Mathématiques;Général
COH2026-2724;19;86,6 %;6,3;4;13;11;2;7;4;2;2;Assez bien;Informatique;Général
COH2026-2725;19;86,1 %;43,8;4;9;9;6;5;4;3;3;Passable;Droit;Général
COH2026-2726;19;88,3 %;80,8;6;8;6;4;7;5;3;5;Passable;Psychologie;Technologique
COH2026-2727;21;69,0 %;21,0;4;13;10;0;5;2;3;5;Passable;STAPS;Général
COH2026-2728;19;58,5 %;5,5;6;10;6;0;6;1;3;2;Passable;Gestion;Général
COH2026-2729;21;74,8 %;41,9;5;8;5;0;5;3;4;3;Très bien;Biologie;Général
COH2026-2730;19;62,1 %;1,7;5;13;6;0;7;1;4;1;Assez bien;Gestion;Technologique
COH2026-2731;19;59,5 %;5,6;3;10;6;0;7;1;2;3;Passable;Droit;Professionnel
COH2026-2732;18;82,3 %;60,1;2;9;8;3;6;4;3;2;Passable;Informatique;Général
COH2026-2733;22;58,0 %;26,5;4;13;9;1;7;2;1;3;Assez bien;Gestion;Général
COH2026-2734;27;87,4 %;27,1;5;9;7;4;6;3;3;1;Bien;Informatique;Général
COH2026-2735;21;81,5 %;15,1;8;12;8;3;5;2;1;1;Assez bien;Mathématiques;Général
COH2026-2736;21;61,6 %;7,9;5;13;10;1;7;2;;4;Bien;Psychologie;Général
COH2026-2737;26;62,1 %;31,7;4;12;10;4;6;4;4;3;Passable;Lettres;Général
COH2026-2738;22;93,6 %;83,3;1;12;12;6;5;5;3;4;Passable;Informatique;Général
COH2026-2739;18;84,2 %;8,7;4;10;7;1;7;3;3;3;Assez bien;Psychologie;Général
COH2026-2740;19;99,2 %;32,5;2;9;9;4;5;5;3;;Bien;Informatique;Général
COH2026-2741;17;78,5 %;65,3;3;10;10;2;7;3;;4;Bien;Mathématiques;Professionnel
COH2026-2742;18;98,9 %;33,8;0;9;9;6;7;4;4;4;Passable;STAPS;Technologique
COH2026-2743;20;89,1 %;29,6;5;8;6;5;5;4;3;4;Assez bien;Psychologie;Général
COH2026-2744;20;90,5 %;44,9;4;9;8;8;6;4;5;2;Assez bien;Gestion;Général
COH2026-2745;21;71,3 %;56,3;6;12;9;0;7;2;4;3;;Droit;Général
COH2026-2746;18;54,3 %;4,3;5;9;5;0;7;2;5;3;Bien;Mathématiques;Général
COH2026-2747;19;74,2 %;44,6;4;9;8;6;7;3;3;4;Bien;Droit;Technologique
COH2026-2748;21;84,9 %;32,8;8;12;8;4;6;4;3;3;Passable;Droit;Général
COH2026-2749;22;74,9 %;50,4;5;13;10;5;5;4;3;1;Bien;Biologie;Technologique
COH2026-2750;23;99,1 %;30,5;7;10;10;7;7;3;3;3;Bien;Biologie;Technologique
COH2026-2751;17;94,5 %;46,2;0;13;11;3;5;5;3;3;Passable;Biologie;Technologique
COH2026-2752;22;83,3 %;42,5;2;12;11;7;5;4;3;5;Passable;STAPS;Général
COH2026-2753;18;64,4 %;19,1;6;9;6;0;7;1;3;2;Passable;STAPS;Professionnel
COH2026-2754;18;90,5 %;25,8;1;9;8;5;6;3;5;3;Bien;Mathématiques;Professionnel
COH2026-2755;20;42,5 %;0,0;5;13;5;0;6;2;2;1;Assez bien;Psychologie;Technologique
COH2026-2756;17;77,4 %;4,6;9;13;9;0;6;2;3;2;Bien;Mathématiques;Général
COH2026-2757;19;76,2 %;38,5;4;10;8;2;5;1;;3;Bien;STAPS;Technologique
COH2026-2758;18;74,7 %;30,9;6;12;10;5;6;5;4;5;Bien;Mathématiques;Général
COH2026-2759;20;90,1 %;100,0;1;12;12;5;7;4;3;1;Bien;Lettres;Technologique
COH2026-2760;21;73,5 %;36,1;6;9;6;1;7;3;2;1;Passable;Lettres;Technologique
COH2026-2761;21;66,7 %;15,4;7;11;7;0;6;2;2;2;Assez bien;Mathématiques;Général
COH2026-2762;22;98,4 %;56,6;2;12;10;7;5;5;3;;Passable;Mathématiques;Général
COH2026-2763;17;90,1 %;40,2;2;11;9;2;5;3;;2;Passable;Biologie;Général
COH2026-2764;18;79,2 %;82,6;4;9;8;5;5;5;5;2;Très bien;Mathématiques;Technologique
COH2026-2765;20;68,9 %;28,3;7;10;9;0;5;3;3;3;Bien;Informatique;Général
COH2026-2766;18;84,1 %;78,9;2;13;12;1;6;5;3;4;Passable;Droit;Général
COH2026-2767;19;81,3 %;25,0;6;10;8;3;6;;5;4;Bien;Psychologie;Technologique
COH2026-2768;21;89,9 %;75,1;1;9;9;7;5;5;3;5;Passable;Biologie;Général
COH2026-2769;21;91,7 %;74,9;0;8;8;6;5;3;4;4;Bien;Mathématiques;Professionnel
COH2026-2770;19;84,3 %;25,1;3;13;10;2;5;5;3;2;Bien;Lettres;Général
COH2026-2771;20;70,7 %;3,1;6;9;6;0;7;1;2;1;Très bien;Biologie;Technologique
COH2026-2772;20;76,6 %;69,5;3;10;9;6;6;3;4;3;Passable;Psychologie;Général
COH2026-2773;21;73,9 %;18,3;6;10;6;0;6;3;3;1;Bien;Gestion;Général
COH2026-2774;18;81,2 %;49,5;2;12;11;1;6;5;3;2;Assez bien;Informatique;Général
COH2026-2775;18;77,1 %;38,3;0;8;7;5;6;4;4;4;Assez bien;Psychologie;Général
COH2026-2776;18;98,1 %;88,9;0;8;8;13;7;5;5;5;Assez bien;Lettres;Général
COH2026-2777;19;95,5 %;116,4;3;13;13;7;7;;3;4;Passable;Psychologie;Général
COH2026-2778;24;95,7 %;42,1;3;12;12;3;6;4;3;;Assez bien;Gestion;Professionnel
COH2026-2779;19;76,4 %;45,0;0;13;10;2;6;4;3;4;Passable;Gestion;Général
COH2026-2780;21;59,7 %;65,6;5;11;9;1;6;3;2;3;Bien;Psychologie;Général
COH2026-2781;21;79,2 %;29,6;6;11;9;0;6;;3;1;Bien;Lettres;Général
COH2026-2782;22;91,3 %;42,0;2;10;9;5;7;4;2;4;Bien;Mathématiques;Technologique
COH2026-2783;20;85,3 %;30,9;3;13;13;5;6;3;2;4;Passable;Informatique;Général
COH2026-2784;22;85,1 %;57,7;2;8;7;5;7;4;4;5;Bien;Lettres;Général
COH2026-2785;19;65,9 %;46,1;5;13;12;5;6;3;3;3;Bien;Droit;Général
COH2026-2786;19;73,0 %;40,6;6;11;7;2;5;5;4;2;Passable;Lettres;Général
COH2026-2787;18;78,7 %;20,0;7;13;9;2;5;1;4;1;Passable;Informatique;Général
COH2026-2788;19;80,5 %;18,4;6;9;8;2;7;3;3;3;Bien;Gestion;Général
COH2026-2789;24;76,7 %;64,3;8;12;11;4;5;3;3;3;Passable;Lettres;Général
COH2026-2790;19;89,8 %;24,8;4;8;8;5;6;4;4;4;Bien;Gestion;Professionnel
COH2026-2791;21;85,9 %;44,1;4;8;5;2;7;2;;3;Passable;Droit;Technologique
COH2026-2792;18;65,4 %;81,0;3;9;8;1;6;4;;5;Assez bien;Gestion;Général
COH2026-2793;18;70,0 %;56,3;5;8;7;4;7;2;3;3;Assez bien;Psychologie;Général
COH2026-2794;20;86,7 %;31,2;4;8;6;5;6;;4;4;;Mathématiques;Professionnel
COH2026-2795;26;91,9 %;80,7;0;8;8;7;5;5;4;3;Passable;Droit;Général
COH2026-2796;19;77,9 %;28,0;7;10;8;0;6;3;3;3;Passable;Mathématiques;Professionnel
COH2026-2797;18;89,6 %;82,6;5;9;7;4;6;5;;2;Très bien;STAPS;Professionnel
COH2026-2798;17;87,2 %;44,0;4;9;8;2;6;3;3;;Passable;Lettres;Technologique
COH2026-2799;20;86,7 %;8,2;6;11;10;4;6;3;;2;Bien;Biologie;Professionnel
COH2026-2800;23;82,9 %;25,6;2;13;13;5;6;4;2;3;Passable;Psychologie;Général
COH2026-2801;18;69,7 %;42,3;2;9;8;5;6;3;4;4;Bien;Psychologie;Général
COH2026-2802;20;86,7 %;37,3;2;11;10;3;6;4;3;4;Très bien;Psychologie;Technologique
COH2026-2803;21;81,8 %;64,6;7;8;7;10;5;;;2;Passable;Biologie;Professionnel
COH2026-2804;19;56,3 %;34,6;1;10;7;3;5;3;4;2;Passable;Psychologie;Général
COH2026-2805;19;76,3 %;11,1;3;9;8;2;5;3;4;2;Assez bien;Biologie;Général
COH2026-2806;18;77,6 %;10,7;4;13;11;4;7;4;2;3;Passable;Mathématiques;Général
COH2026-2807;20;62,5 %;29,2;1;9;6;2;7;4;2;4;Passable;Biologie;Général
COH2026-2808;18;65,8 %;75,3;2;13;9;4;6;3;2;;Très bien;STAPS;Général
COH2026-2809;24;50,6 %;39,2;3;8;6;0;5;2;4;2;Passable;Biologie;Général
COH2026-2810;20;71,2 %;39,6;2;12;11;2;6;3;4;4;Bien;Mathématiques;Général
COH2026-2811;21;82,0 %;31,7;2;9;8;1;5;5;4;1;Passable;Gestion;Général
COH2026-2812;20;94,3 %;55,7;3;9;8;3;7;5;4;3;Très bien;Droit;Général
COH2026-2813;18;82,3 %;16,3;2;9;8;10;6;4;;2;Bien;Lettres;Professionnel
COH2026-2814;22;73,8 %;52,5;6;8;6;2;5;2;3;;Bien;STAPS;Général
COH2026-2815;18;52,2 %;18,7;5;11;7;0;6;2;3;1;Bien;Mathématiques;Général
COH2026-2816;21;66,5 %;6,6;6;13;9;0;6;1;3;2;Bien;Gestion;Général
COH2026-2817;18;70,9 %;42,0;6;10;7;2;5;3;5;2;Passable;Informatique;Général
COH2026-2818;19;98,1 %;19,1;3;11;10;3;5;3;2;2;Passable;Psychologie;Technologique
COH2026-2819;18;76,3 %;56,6;4;10;10;2;6;4;5;1;Assez bien;Psychologie;Général
COH2026-2820;20;72,5 %;14,7;2;12;9;0;5;3;2;1;Assez bien;Gestion;Général
COH2026-2821;20;71,6 %;28,3;2;8;7;1;6;3;3;5;Assez bien;Biologie;Général
COH2026-2822;22;82,9 %;72,9;4;11;10;7;6;3;5;2;Passable;STAPS;Général
COH2026-2823;20;84,0 %;101,9;0;8;8;7;7;4;4;3;Passable;Gestion;Général
COH2026-2824;24;87,2 %;50,3;3;13;13;2;6;5;4;3;Assez bien;Biologie;Général
COH2026-2825;17;53,8 %;14,4;4;13;8;1;6;;2;2;Bien;Gestion;Professionnel
COH2026-2826;19;86,3 %;38,2;5;11;7;2;7;3;3;2;Passable;Gestion;Technologique
COH2026-2827;19;90,7 %;109,3;0;11;11;6;6;3;5;5;Passable;Gestion;Technologique
COH2026-2828;17;74,8 %;40,0;6;12;8;2;6;4;2;2;Assez bien;Mathématiques;Général
COH2026-2829;19;82,5 %;53,3;4;9;5;3;6;5;3;1;Passable;STAPS;Professionnel
COH2026-2830;18;77,0 %;61,5;4;8;5;2;6;5;4;4;Assez bien;STAPS;Général
COH2026-2831;18;82,5 %;47,7;3;8;8;1;6;2;4;5;Assez bien;Gestion;Général
COH2026-2832;20;71,6 %;28,3;2;8;7;1;6;3;3;5;Assez bien;Biologie;Général
COH2026-2833;20;67,8 %;35,0;5;10;7;2;5;1;3;2;;Droit;Technologique
COH2026-2834;23;99,4 %;39,2;0;11;11;7;7;5;4;4;Très bien;Lettres;Technologique
COH2026-2835;18;73,7 %;29,7;2;8;7;7;5;2;;2;Passable;Mathématiques;Général
COH2026-2836;23;90,9 %;24,0;0;9;8;7;5;4;4;3;Assez bien;Droit;Technologique
COH2026-2837;20;88,6 %;60,0;2;12;9;3;6;4;4;5;Assez bien;Mathématiques;Général
COH2026-2838;17;71,8 %;47,8;4;12;8;2;5;4;4;3;Bien;Informatique;Général
COH2026-2839;20;62,7 %;30,3;3;11;9;1;5;1;2;3;Passable;Biologie;Général
COH2026-2840;20;68,2 %;46,7;5;10;5;4;6;4;3;4;Bien;Gestion;Technologique
COH2026-2841;18;85,7 %;65,1;3;8;6;5;5;3;4;5;Bien;Mathématiques;Général
COH2026-2842;18;72,6 %;27,9;5;9;7;1;5;3;2;3;Assez bien;Droit;Général
COH2026-2843;22;80,2 %;69,8;6;13;11;4;5;4;3;;Passable;Droit;Technologique
COH2026-2844;20;85,3 %;42,0;6;13;8;4;7;4;5;;Passable;Gestion;Général
COH2026-2845;21;68,7 %;28,9;5;8;5;1;6;;3;3;;Biologie;Professionnel
COH2026-2846;20;73,9 %;6,2;2;10;7;2;5;3;4;;Très bien;Lettres;Général
COH2026-2847;21;91,7 %;74,9;0;8;8;6;5;3;4;4;Bien;Mathématiques;Professionnel
COH2026-2848;19;70,8 %;118,4;2;9;7;7;7;3;3;4;Passable;Informatique;Général
COH2026-2849;17;99,1 %;49,5;0;13;13;4;6;5;4;5;Passable;Mathématiques;Professionnel
COH2026-2850;19;92,9 %;35,8;1;11;11;12;6;5;5;5;Bien;STAPS;Général
COH2026-2851;24;91,1 %;52,7;0;12;11;4;5;3;3;3;Passable;Psychologie;Technologique
COH2026-2852;20;90,8 %;38,5;1;8;8;6;7;4;4;1;Assez bien;Droit;Général
COH2026-2853;18;75,4 %;64,6;4;11;9;2;5;4;2;1;Assez bien;Mathématiques;Professionnel
COH2026-2854;20;76,2 %;26,1;4;13;11;1;7;3;3;3;Assez bien;STAPS;Général
COH2026-2855;18;99,6 %;83,7;1;10;8;8;6;5;3;4;Assez bien;Biologie;Général
COH2026-2856;21;86,9 %;52,7;1;11;10;3;5;5;3;3;Passable;Droit;Technologique
COH2026-2857;22;81,8 %;19,2;6;8;6;2;6;4;3;4;Très bien;Informatique;Général
COH2026-2858;20;61,2 %;4,1;2;9;5;1;6;1;2;1;Passable;Gestion;Général
COH2026-2859;23;91,0 %;41,3;3;12;7;2;6;4;4;4;Passable;Informatique;Général
COH2026-2860;23;89,6 %;68,0;0;13;12;2;7;5;5;5;Passable;Droit;Général
COH2026-2861;17;97,2 %;45,9;3;12;11;6;7;5;5;2;Passable;Biologie;Général
COH2026-2862;18;70,3 %;20,0;3;8;7;0;7;2;;2;Passable;Lettres;Technologique
COH2026-2863;19;84,8 %;45,0;5;8;8;2;6;4;3;5;Assez bien;Psychologie;Général
COH2026-2864;17;80,5 %;26,3;1;9;8;3;5;4;5;3;Assez bien;Gestion;Technologique
COH2026-2865;20;61,3 %;42,0;6;9;8;3;7;3;3;4;Très bien;Droit;Général
COH2026-2866;22;63,5 %;38,2;1;9;7;1;5;4;3;3;;Psychologie;Général
COH2026-2867;20;77,4 %;57,0;7;13;11;4;6;5;4;3;Passable;Gestion;Général
COH2026-2868;17;80,9 %;5,6;5;12;9;0;7;2;3;4;Passable;Gestion;Général
COH2026-2869;21;79,3 %;23,9;9;13;9;0;7;1;2;4;Assez bien;Droit;Général
COH2026-2870;18;78,8 %;59,2;4;13;12;2;6;3;2;2;Bien;Droit;Technologique
COH2026-2871;17;78,5 %;17,4;4;10;8;5;6;1;5;3;;Mathématiques;Professionnel
COH2026-2872;18;68,6 %;45,1;2;12;9;1;6;1;5;4;Assez bien;Psychologie;Technologique
COH2026-2873;18;87,4 %;73,4;6;8;6;1;7;2;4;4;Très bien;Gestion;Technologique
COH2026-2874;21;84,6 %;36,9;4;11;11;9;6;4;5;3;Passable;Lettres;Général
COH2026-2875;19;75,1 %;25,2;3;9;7;4;6;3;4;1;Assez bien;Droit;Général
COH2026-2876;19;78,8 %;49,9;2;10;10;4;6;3;4;4;Assez bien;Informatique;Technologique
COH2026-2877;24;73,3 %;37,9;7;12;11;2;7;3;2;2;Passable;Informatique;Technologique
COH2026-2878;18;84,7 %;19,6;7;11;9;2;7;;4;2;Passable;Gestion;Technologique
COH2026-2879;18;70,2 %;34,8;2;11;9;4;6;3;;3;Passable;Gestion;Professionnel
COH2026-2880;22;44,6 %;11,2;4;8;4;0;6;2;3;2;Assez bien;Psychologie;Général
COH2026-2881;19;81,1 %;51,9;1;8;6;3;7;4;3;2;Passable;Biologie;Technologique
COH2026-2882;20;85,7 %;43,9;1;9;9;2;6;5;4;2;Assez bien;Informatique;Général
COH2026-2883;24;87,2 %;44,6;2;8;7;6;7;4;3;5;Passable;Gestion;Général
COH2026-2884;20;95,1 %;23,7;4;9;7;6;6;4;5;3;Passable;Biologie;Professionnel
COH2026-2885;19;54,9 %;0,0;4;9;4;0;6;4;3;1;Assez bien;Psychologie;Général
COH2026-2886;18;71,8 %;67,7;4;9;7;1;6;4;2;2;Passable;Informatique;Général
COH2026-2887;20;85,9 %;27,0;3;13;9;5;6;1;2;3;Assez bien;Gestion;Professionnel
COH2026-2888;22;85,5 %;36,7;5;12;11;3;6;4;3;2;Assez bien;STAPS;Général
COH2026-2889;21;68,2 %;66,2;1;9;8;5;6;4;3;4;Passable;STAPS;Général
COH2026-2890;20;96,6 %;75,9;1;13;13;10;6;5;5;5;Bien;Informatique;Général
COH2026-2891;18;75,7 %;28,6;5;9;6;0;7;3;4;2;Passable;Informatique;Professionnel
COH2026-2892;18;72,7 %;53,4;3;10;8;2;6;3;3;2;Très bien;Informatique;Professionnel
COH2026-2893;19;68,8 %;37,1;7;13;8;2;6;2;3;3;Passable;Biologie;Général
COH2026-2894;20;48,1 %;0,0;7;13;7;0;7;1;4;1;Assez bien;Psychologie;Général
COH2026-2895;19;98,8 %;70,4;1;10;9;8;6;5;5;4;Passable;Informatique;Général
COH2026-2896;20;95,9 %;95,5;1;9;9;4;6;5;3;4;Très bien;Gestion;Général
COH2026-2897;21;65,6 %;24,7;5;11;8;0;7;2;3;2;Passable;Psychologie;Technologique
COH2026-2898;18;47,8 %;0,0;0;10;5;0;7;2;1;3;Passable;Mathématiques;Technologique
COH2026-2899;18;82,9 %;32,7;3;10;10;4;7;5;4;4;Assez bien;Biologie;Général
COH2026-2900;22;68,2 %;53,0;3;12;8;2;7;3;1;4;Passable;Gestion;Général
COH2026-2901;20;70,4 %;70,1;7;9;7;2;7;;4;3;Assez bien;Psychologie;Professionnel
COH2026-2902;18;85,9 %;57,5;5;9;9;5;6;4;4;4;Très bien;Informatique;Général
COH2026-2903;21;53,1 %;0,0;6;10;6;0;7;1;4;1;;Gestion;Professionnel
COH2026-2904;19;51,5 %;18,3;5;8;5;0;7;2;3;2;Assez bien;Informatique;Technologique
COH2026-2905;17;81,3 %;89,8;2;8;8;2;7;2;3;3;Bien;Droit;Général
COH2026-2906;19;81,5 %;37,9;4;11;11;8;6;4;5;4;Passable;Informatique;Général
COH2026-2907;22;56,3 %;13,4;6;8;6;0;6;2;2;1;Passable;Droit;Technologique
COH2026-2908;20;53,0 %;0,0;5;10;5;0;6;1;2;2;Bien;Droit;Professionnel
COH2026-2909;19;70,5 %;28,1;1;9;8;3;5;3;3;3;Très bien;Informatique;Technologique
COH2026-2910;19;84,8 %;38,4;3;8;8;6;6;5;5;3;Assez bien;Droit;Général
COH2026-2911;20;62,9 %;35,2;3;10;7;0;5;2;2;2;Passable;Droit;Général
COH2026-2912;18;81,8 %;119,2;4;11;8;2;5;4;4;;Passable;Informatique;Général
COH2026-2913;19;80,0 %;88,8;1;8;7;0;7;3;5;3;;Droit;Général
COH2026-2914;19;75,5 %;38,5;1;8;8;6;6;4;5;4;Bien;Gestion;Général
COH2026-2915;19;92,2 %;48,1;6;10;9;4;6;4;4;1;Passable;Informatique;Général
COH2026-2916;17;97,2 %;45,9;3;12;11;6;7;5;5;2;Passable;Biologie;Général
COH2026-2917;18;67,4 %;20,9;7;10;7;0;5;1;3;1;Assez bien;STAPS;Général
COH2026-2918;19;90,5 %;27,3;2;13;10;3;7;3;4;2;Bien;Informatique;Technologique
COH2026-2919;22;85,9 %;36,0;7;11;7;5;6;3;4;3;Passable;Informatique;Général
COH2026-2920;21;88,3 %;44,9;3;13;13;5;7;5;4;3;Passable;Mathématiques;Technologique
COH2026-2921;23;88,2 %;80,6;6;12;9;2;6;5;2;3;Assez bien;Mathématiques;Technologique
COH2026-2922;19;84,2 %;36,6;5;8;8;7;6;;5;2;Passable;Psychologie;Général
COH2026-2923;22;93,6 %;46,9;1;13;10;6;6;4;4;;Très bien;Mathématiques;Général
COH2026-2924;24;68,7 %;66,6;4;13;10;1;6;4;3;3;Passable;Gestion;Général
COH2026-2925;18;80,8 %;28,9;4;11;9;4;7;4;;4;Passable;Lettres;Technologique
COH2026-2926;23;71,8 %;9,7;6;10;6;0;6;2;4;3;Passable;Mathématiques;Professionnel
COH2026-2927;23;64,7 %;16,2;6;10;7;0;7;4;4;2;Assez bien;Gestion;Général
COH2026-2928;18;82,2 %;30,3;0;10;9;1;5;3;4;4;Passable;Gestion;Général
COH2026-2929;22;87,5 %;51,0;4;10;9;7;6;3;4;3;Passable;Lettres;Technologique
COH2026-2930;18;59,6 %;9,6;6;13;6;1;6;2;3;2;Bien;Droit;Technologique
COH2026-2931;21;73,1 %;69,8;1;12;11;4;6;5;2;4;Passable;Biologie;Technologique
COH2026-2932;19;85,5 %;41,9;4;9;8;5;5;2;;4;Passable;Gestion;Général
COH2026-2933;22;94,0 %;50,6;1;11;9;5;7;4;3;4;;Droit;Général
COH2026-2934;20;81,8 %;46,5;2;10;10;4;6;;;3;Bien;Gestion;Général
COH2026-2935;18;55,4 %;0,3;4;8;4;0;6;1;;;Passable;Informatique;Général
COH2026-2936;20;70,9 %;34,7;5;8;7;2;6;3;;3;Assez bien;Psychologie;Général
COH2026-2937;18;69,0 %;50,5;5;8;5;0;5;2;2;2;Passable;Psychologie;Général
COH2026-2938;17;78,8 %;33,3;2;13;10;3;6;3;2;;;Mathématiques;Professionnel
COH2026-2939;18;96,3 %;87,2;0;9;9;3;7;5;5;5;Assez bien;Gestion;Technologique
COH2026-2940;21;56,1 %;36,4;5;8;6;0;6;2;1;3;Très bien;Psychologie;Professionnel
COH2026-2941;19;79,2 %;51,4;4;13;10;3;7;3;5;2;Assez bien;Biologie;Général
COH2026-2942;22;78,8 %;11,3;3;13;12;6;6;4;4;3;Bien;Gestion;Général
COH2026-2943;19;92,9 %;51,1;3;10;10;7;7;4;4;3;Assez bien;Psychologie;Général
COH2026-2944;21;81,2 %;36,2;2;10;9;6;7;4;;4;Assez bien;Informatique;Technologique
COH2026-2945;17;91,5 %;71,9;2;8;7;7;5;4;3;2;Assez bien;STAPS;Général
COH2026-2946;19;86,6 %;6,3;4;13;11;2;7;4;2;2;Assez bien;Informatique;Général
COH2026-2947;19;79,3 %;35,6;4;11;10;1;5;4;5;2;Assez bien;Informatique;Général
COH2026-2948;20;69,7 %;39,4;2;12;12;4;7;2;3;;Passable;Informatique;Professionnel
COH2026-2949;20;60,5 %;10,1;6;9;6;0;7;2;3;;Passable;Mathématiques;Général
COH2026-2950;21;77,5 %;6,9;8;11;9;0;6;3;2;2;Très bien;STAPS;Général
COH2026-2951;20;93,7 %;47,0;0;10;10;6;6;5;5;1;Passable;Biologie;Général
COH2026-2952;17;73,2 %;57,5;3;10;10;2;6;4;1;1;Assez bien;Informatique;Général
COH2026-2953;21;74,8 %;42,2;6;8;6;2;5;4;2;;;Informatique;Général
COH2026-2954;19;79,8 %;39,8;3;9;9;2;5;5;4;4;Passable;Psychologie;Général
COH2026-2955;21;71,0 %;22,5;8;11;8;1;5;1;1;1;Bien;Droit;Général
COH2026-2956;20;86,7 %;39,1;5;11;9;5;5;4;3;1;Passable;STAPS;Général
COH2026-2957;17;99,2 %;60,8;2;11;10;6;7;5;5;5;Passable;Gestion;Technologique
COH2026-2958;18;66,4 %;1,8;6;8;6;0;7;;1;;Très bien;Droit;Général
COH2026-2959;18;65,8 %;75,3;2;13;9;4;6;3;2;;Très bien;STAPS;Général
COH2026-2960;18;61,4 %;8,5;7;10;7;0;5;2;2;1;Assez bien;Gestion;Technologique
COH2026-2961;17;89,4 %;99,2;1;9;8;6;6;4;2;5;Assez bien;Biologie;Général
COH2026-2962;18;77,3 %;29,0;7;10;8;4;6;4;4;1;Assez bien;STAPS;Technologique
COH2026-2963;18;64,5 %;29,6;5;10;5;2;5;3;3;1;Bien;Droit;Général
COH2026-2964;20;90,6 %;79,4;2;12;12;5;6;5;5;4;Assez bien;STAPS;Technologique
COH2026-2965;17;98,1 %;31,8;1;13;13;6;6;3;5;3;Passable;Informatique;Technologique
COH2026-2966;18;56,7 %;23,5;6;10;9;0;5;4;5;;Assez bien;Gestion;Général
COH2026-2967;17;73,2 %;57,5;3;10;10;2;6;4;1;1;Assez bien;Informatique;Général
COH2026-2968;21;69,5 %;28,8;7;9;7;1;6;3;2;;;Informatique;Technologique
COH2026-2969;23;96,0 %;34,4;3;12;12;5;5;5;4;4;Assez bien;Lettres;Général
COH2026-2970;20;81,0 %;80,2;0;11;11;2;7;3;4;3;Passable;Gestion;Professionnel
COH2026-2971;22;69,6 %;43,5;5;8;5;1;6;4;3;4;;Informatique;Technologique
COH2026-2972;20;88,0 %;72,9;2;13;13;5;6;3;4;2;Assez bien;Informatique;Général
COH2026-2973;22;83,7 %;55,1;4;12;9;0;6;2;4;2;Assez bien;Mathématiques;Professionnel
COH2026-2974;22;77,1 %;13,8;8;12;8;0;7;3;3;2;Très bien;Informatique;Général
COH2026-2975;19;60,7 %;6,2;4;8;4;1;6;1;2;2;Assez bien;Biologie;Professionnel
COH2026-2976;17;80,1 %;85,3;5;9;6;5;7;3;3;4;Assez bien;Lettres;Technologique
COH2026-2977;19;68,2 %;29,0;6;9;8;0;5;3;;3;Passable;Mathématiques;Technologique
COH2026-2978;17;73,2 %;57,5;3;10;10;2;6;4;1;1;Assez bien;Informatique;Général
COH2026-2979;20;70,5 %;33,7;3;12;12;2;6;1;3;3;Assez bien;Lettres;Général
COH2026-2980;22;73,5 %;54,6;5;8;7;3;7;3;3;2;Assez bien;Droit;Technologique
COH2026-2981;20;79,6 %;0,3;2;12;10;5;6;2;5;2;Assez bien;Informatique;Technologique
COH2026-2982;21;96,6 %;68,2;0;12;12;10;5;5;5;4;;STAPS;Général
COH2026-2983;18;78,0 %;24,4;7;12;7;1;7;3;;2;Passable;Droit;Général
COH2026-2984;24;74,9 %;5,7;8;11;9;0;7;1;4;2;Passable;Lettres;Général
COH2026-2985;19;54,9 %;0,0;4;9;4;0;6;4;3;1;Assez bien;Psychologie;Général
COH2026-2986;21;59,1 %;2,9;7;10;7;2;7;3;1;3;Passable;Gestion;Professionnel
COH2026-2987;21;71,5 %;28,1;6;12;11;2;5;3;4;3;Très bien;Lettres;Technologique
COH2026-2988;21;85,3 %;65,2;2;10;10;8;5;5;5;4;Passable;Informatique;Général
COH2026-2989;22;73,0 %;55,9;2;12;12;5;7;3;4;5;Passable;Informatique;Professionnel
COH2026-2990;22;89,1 %;55,5;5;12;10;3;7;4;3;4;Bien;Gestion;Général
COH2026-2991;21;69,6 %;103,9;2;9;9;1;5;3;5;5;Assez bien;Droit;Technologique
COH2026-2992;18;80,6 %;18,8;7;13;10;0;7;1;4;2;Bien;Psychologie;Technologique
COH2026-2993;20;62,8 %;15,5;8;12;8;0;5;1;2;1;Assez bien;STAPS;Général
COH2026-2994;19;64,0 %;0,3;10;13;10;1;5;1;3;1;Passable;Droit;Technologique
COH2026-2995;21;87,9 %;44,6;8;9;8;2;6;4;2;3;Passable;Lettres;Général
COH2026-2996;20;73,6 %;54,1;5;10;8;4;7;;;3;Passable;STAPS;Général
COH2026-2997;21;94,6 %;115,5;3;11;11;9;5;5;5;5;;Mathématiques;Technologique
COH2026-2998;20;75,3 %;19,7;5;9;7;5;5;3;3;;Passable;Biologie;Général
COH2026-2999;19;79,0 %;31,0;4;10;10;2;6;3;2;2;Passable;Informatique;Général
COH2026-3000;18;94,3 %;41,8;3;13;11;5;6;3;3;4;Bien;Informatique;Technologique
COH2026-3001;17;61,3 %;12,1;7;11;8;1;7;5;3;1;Bien;Informatique;Général
COH2026-3002;21;78,9 %;59,4;5;8;7;4;6;4;3;3;Passable;Psychologie;Général
COH2026-3003;19;76,8 %;43,1;4;10;6;2;5;3;4;3;Passable;Gestion;Général
COH2026-3004;21;95,2 %;107,4;0;8;7;7;7;5;5;5;Très bien;STAPS;Général
COH2026-3005;21;93,8 %;57,4;2;9;8;5;5;5;3;2;Assez bien;Informatique;Technologique
COH2026-3006;22;79,9 %;21,9;4;10;8;7;6;3;2;2;Bien;Biologie;Technologique
COH2026-3007;18;73,2 %;54,3;4;9;7;5;5;4;3;2;Bien;Gestion;Professionnel
COH2026-3008;20;86,9 %;78,1;0;13;12;3;5;4;5;5;Passable;STAPS;Technologique
COH2026-3009;21;78,6 %;26,2;4;13;10;3;5;4;4;1;Assez bien;STAPS;Général
COH2026-3010;20;90,0 %;58,4;3;8;8;3;6;;3;3;Bien;Informatique;Professionnel
COH2026-3011;19;81,1 %;51,9;1;8;6;3;7;4;3;2;Passable;Biologie;Technologique
COH2026-3012;19;73,5 %;41,2;3;9;8;3;6;4;3;4;Assez bien;STAPS;Général
COH2026-3013;19;66,7 %;45,2;6;12;11;5;5;3;2;1;Assez bien;Lettres;Général
COH2026-3014;20;90,9 %;72,3;0;12;12;2;6;;5;2;Assez bien;Mathématiques;Général
COH2026-3015;18;78,7 %;67,5;2;10;8;1;5;4;3;5;Assez bien;Gestion;Général
COH2026-3016;19;89,1 %;22,4;1;8;7;7;5;4;3;4;Assez bien;Psychologie;Général
COH2026-3017;20;80,1 %;80,5;1;10;8;5;5;5;4;;Passable;Gestion;Technologique
COH2026-3018;21;93,9 %;37,1;1;10;9;3;7;4;3;;Bien;STAPS;Général
COH2026-3019;18;61,5 %;2,0;2;12;8;0;7;1;3;1;Passable;Droit;Général
COH2026-3020;24;60,3 %;44,8;2;9;8;0;6;1;2;2;Passable;Gestion;Technologique
COH2026-3021;18;65,8 %;16,3;5;11;8;0;6;2;4;1;Assez bien;Gestion;Professionnel
COH2026-3022;20;69,5 %;33,2;6;8;6;0;6;2;3;1;Bien;Psychologie;Technologique
COH2026-3023;17;76,3 %;37,2;6;13;9;0;6;1;2;3;Bien;STAPS;Technologique
COH2026-3024;18;77,3 %;54,2;4;9;7;3;5;5;4;1;Très bien;Informatique;Technologique
COH2026-3025;21;55,8 %;22,4;6;9;6;0;5;1;2;1;Bien;Droit;Professionnel
COH2026-3026;19;88,6 %;29,8;1;9;9;7;5;5;5;4;Assez bien;Mathématiques;Technologique
COH2026-3027;21;70,8 %;9,6;6;10;8;3;5;;3;4;Passable;Gestion;Général
COH2026-3028;20;57,1 %;21,7;4;9;7;1;6;2;2;2;Bien;STAPS;Technologique
COH2026-3029;23;74,5 %;31,1;4;12;11;1;6;3;1;2;Assez bien;Informatique;Professionnel
COH2026-3030;21;96,7 %;49,1;1;13;13;13;6;5;5;5;Bien;Informatique;Professionnel
COH2026-3031;22;68,4 %;52,3;8;11;9;0;6;3;;2;Passable;STAPS;Général
COH2026-3032;17;82,4 %;69,3;0;11;11;5;6;5;5;5;Bien;Biologie;Technologique
COH2026-3033;22;68,4 %;23,1;7;10;7;3;6;2;3;2;Passable;Gestion;Technologique
COH2026-3034;20;52,5 %;44,5;4;9;6;0;7;2;3;;Passable;Droit;Général
COH2026-3035;19;76,5 %;21,2;7;8;7;4;6;2;3;4;Assez bien;Gestion;Technologique
COH2026-3036;17;86,0 %;47,1;4;12;10;8;6;5;2;3;Très bien;Informatique;Général
COH2026-3037;19;72,9 %;30,7;6;9;7;1;7;4;2;1;Bien;Psychologie;Technologique
COH2026-3038;17;75,8 %;54,0;7;10;7;1;6;3;4;2;Assez bien;Gestion;Général
COH2026-3039;21;87,6 %;21,1;4;13;11;6;7;4;5;;Assez bien;Biologie;Général
COH2026-3040;23;81,8 %;45,4;0;12;11;5;5;5;4;2;;Biologie;Général
COH2026-3041;20;70,9 %;27,6;6;9;6;0;5;1;;2;Passable;Psychologie;Général
COH2026-3042;18;86,4 %;59,0;3;11;11;7;5;2;5;2;Passable;Gestion;Professionnel
COH2026-3043;18;85,7 %;65,1;3;8;6;5;5;3;4;5;Bien;Mathématiques;Général
COH2026-3044;19;68,0 %;12,8;3;13;9;2;5;1;;2;Bien;Mathématiques;Général
COH2026-3045;18;90,9 %;126,8;0;12;11;6;7;;5;4;Passable;Informatique;Technologique
COH2026-3046;19;70,4 %;29,7;4;11;10;1;7;5;3;3;Assez bien;Informatique;Général
COH2026-3047;20;78,2 %;41,0;6;10;8;2;6;3;2;4;Assez bien;Droit;Technologique
COH2026-3048;21;73,7 %;52,4;5;11;10;1;6;1;3;3;Assez bien;Informatique;Général
COH2026-3049;22;90,5 %;70,7;2;11;10;4;6;5;5;4;Assez bien;Psychologie;Général
COH2026-3050;20;91,3 %;43,9;1;13;12;4;5;3;4;3;Passable;Informatique;Général
COH2026-3051;17;67,2 %;40,3;9;11;10;0;6;2;2;1;Passable;Mathématiques;Général
COH2026-3052;21;60,0 %;11,0;6;13;10;0;7;2;2;2;Assez bien;STAPS;Général
COH2026-3053;21;90,3 %;94,3;8;10;8;2;7;4;5;3;Bien;Biologie;Technologique
COH2026-3054;23;97,7 %;41,1;1;13;12;7;6;4;4;3;Bien;Informatique;Général
COH2026-3055;19;67,5 %;32,6;2;11;9;1;5;3;2;3;Assez bien;Psychologie;Général
COH2026-3056;19;93,8 %;31,0;3;12;10;4;6;3;4;4;Assez bien;Gestion;Général
COH2026-3057;19;71,7 %;65,9;4;13;12;1;5;1;4;1;Passable;Mathématiques;Général
COH2026-3058;18;77,4 %;40,4;3;13;9;2;7;1;1;3;Assez bien;Biologie;Général
COH2026-3059;20;81,0 %;80,2;0;11;11;2;7;3;4;3;Passable;Gestion;Professionnel
COH2026-3060;21;80,4 %;25,4;3;13;12;5;7;5;5;3;Assez bien;Gestion;Général
COH2026-3061;18;96,5 %;39,4;3;9;9;4;6;5;5;3;Bien;Droit;Technologique
COH2026-3062;18;70,0 %;31,2;3;10;6;2;5;4;2;3;Assez bien;Gestion;Technologique
COH2026-3063;20;77,6 %;62,0;4;10;7;2;5;3;5;2;Assez bien;Gestion;Général
COH2026-3064;18;55,2 %;16,1;4;12;8;0;6;;4;2;Passable;Droit;Général
COH2026-3065;23;61,6 %;15,6;3;13;7;0;7;1;1;2;Passable;Informatique;Technologique
COH2026-3066;17;95,5 %;61,0;1;10;10;7;7;3;4;4;Passable;Gestion;Professionnel
COH2026-3067;17;62,8 %;4,9;4;9;4;0;5;2;;1;Très bien;Informatique;Général
COH2026-3068;19;80,7 %;11,4;4;13;11;4;6;4;4;3;Assez bien;Psychologie;Général
COH2026-3069;21;91,0 %;33,1;6;8;6;0;5;4;2;3;Passable;Informatique;Professionnel
COH2026-3070;18;82,1 %;56,0;6;8;6;2;6;2;3;;Assez bien;Psychologie;Professionnel
COH2026-3071;18;66,5 %;11,6;7;11;8;1;5;2;1;2;;Informatique;Général
COH2026-3072;20;90,6 %;79,4;2;12;12;5;6;5;5;4;Assez bien;STAPS;Technologique
COH2026-3073;23;62,8 %;49,3;3;12;9;0;5;2;2;5;Passable;Mathématiques;Technologique
COH2026-3074;23;76,5 %;24,4;7;9;7;0;5;2;2;1;Passable;Informatique;Général
COH2026-3075;19;73,9 %;47,5;1;11;9;2;6;3;2;2;Passable;Informatique;Général
COH2026-3076;20;74,9 %;32,9;7;10;8;0;6;3;3;2;Bien;Informatique;Professionnel
COH2026-3077;20;56,9 %;15,0;3;12;7;0;6;1;3;1;Passable;Gestion;Technologique
COH2026-3078;18;84,7 %;19,6;7;11;9;2;7;;4;2;Passable;Gestion;Technologique
COH2026-3079;18;97,0 %;65,9;2;8;8;8;6;5;3;2;Bien;Gestion;Technologique
COH2026-3080;20;86,6 %;75,5;4;8;7;6;6;5;3;3;Bien;Droit;Général
COH2026-3081;20;69,2 %;14,3;3;9;6;0;6;3;2;1;Bien;Gestion;Technologique
COH2026-3082;19;86,4 %;21,8;2;10;9;3;7;4;5;4;Passable;Informatique;Technologique
COH2026-3083;20;92,7 %;79,0;1;13;13;12;6;5;4;;Assez bien;Biologie;Général
COH2026-3084;19;89,5 %;64,2;2;11;10;5;5;5;5;4;Assez bien;Gestion;Général
COH2026-3085;21;85,8 %;15,9;4;8;7;6;6;4;5;2;;Droit;Technologique
COH2026-3086;18;99,2 %;115,4;0;13;13;10;7;5;4;5;Passable;STAPS;Technologique
COH2026-3087;17;82,5 %;85,0;4;8;7;6;6;2;;3;Passable;Droit;Technologique
COH2026-3088;21;77,7 %;23,6;0;10;7;5;7;3;3;4;;Mathématiques;Général
COH2026-3089;25;89,2 %;45,8;6;9;7;2;7;2;;2;Bien;Psychologie;Général
COH2026-3090;21;68,9 %;14,6;7;13;8;2;6;4;2;2;Bien;Lettres;Général
COH2026-3091;22;68,9 %;35,0;7;8;7;0;6;;4;;Très bien;Gestion;Général
COH2026-3092;20;92,4 %;44,0;1;13;13;3;6;3;5;4;Assez bien;Informatique;Général
COH2026-3093;22;94,4 %;47,2;4;13;11;4;5;3;5;3;Bien;STAPS;Général
COH2026-3094;18;61,3 %;10,6;7;12;10;0;6;4;1;1;Assez bien;Biologie;Général
COH2026-3095;22;99,2 %;92,0;1;11;11;8;5;4;3;2;Assez bien;Droit;Général
COH2026-3096;20;74,7 %;38,7;4;10;8;1;7;1;4;2;Assez bien;Biologie;Général
COH2026-3097;19;67,0 %;35,1;6;8;6;1;6;2;1;2;Passable;Mathématiques;Professionnel
COH2026-3098;19;70,0 %;19,6;4;10;7;1;7;1;2;;Assez bien;Biologie;Général
COH2026-3099;21;87,9 %;36,8;5;12;10;4;7;5;5;5;Assez bien;Psychologie;Général
COH2026-3100;21;71,0 %;22,5;8;11;8;1;5;1;1;1;Bien;Droit;Général
COH2026-3101;18;62,0 %;27,3;3;13;9;0;5;5;3;1;Très bien;Biologie;Général
COH2026-3102;19;66,9 %;92,8;2;13;10;3;5;4;4;1;Passable;Mathématiques;Professionnel
COH2026-3103;18;84,1 %;50,6;7;11;7;2;6;3;;2;Assez bien;STAPS;Général
COH2026-3104;18;55,2 %;16,1;4;12;8;0;6;;4;2;Passable;Droit;Général
COH2026-3105;18;92,6 %;54,4;4;11;11;4;5;;3;2;Assez bien;Lettres;Général
COH2026-3106;18;71,4 %;18,9;4;12;11;3;5;4;3;3;Assez bien;Informatique;Général
COH2026-3107;20;75,2 %;69,4;3;12;10;2;6;3;3;1;Passable;Droit;Général
COH2026-3108;22;87,6 %;30,1;2;9;8;6;5;5;4;4;Bien;Gestion;Général
COH2026-3109;19;92,7 %;79,2;5;8;6;2;5;;3;4;Bien;Gestion;Général
COH2026-3110;20;93,5 %;37,3;3;10;10;4;6;4;4;3;Assez bien;Lettres;Général
COH2026-3111;19;66,2 %;41,0;1;10;8;3;7;5;4;2;Assez bien;Informatique;Général
COH2026-3112;19;99,9 %;100,4;1;10;10;8;6;5;3;;Passable;Psychologie;Général
COH2026-3113;21;81,2 %;36,2;2;10;9;6;7;4;;4;Assez bien;Informatique;Technologique
COH2026-3114;18;75,3 %;56,3;3;10;8;2;6;3;4;3;Passable;Informatique;Général
COH2026-3115;18;86,4 %;22,4;4;8;7;4;7;3;5;1;Très bien;Biologie;Professionnel
COH2026-3116;19;75,7 %;26,4;4;12;10;1;6;3;2;2;Bien;Gestion;Général
COH2026-3117;21;82,6 %;51,0;4;10;8;3;5;3;2;4;Passable;Droit;Général
COH2026-3118;20;98,7 %;32,5;0;10;8;7;6;4;4;1;Passable;Informatique;Technologique
COH2026-3119;20;67,9 %;28,3;7;13;9;2;6;2;2;2;Passable;Informatique;Professionnel
COH2026-3120;22;66,1 %;8,0;5;12;8;0;7;;3;3;Bien;Biologie;Général
COH2026-3121;18;63,7 %;23,3;5;8;7;2;6;3;;2;Passable;Mathématiques;Technologique
COH2026-3122;21;73,6 %;35,3;2;8;7;0;6;3;4;1;Passable;Gestion;Général
COH2026-3123;23;63,4 %;7,3;3;11;7;1;6;1;4;3;Assez bien;STAPS;Général
COH2026-3124;21;85,9 %;23,6;4;9;6;1;6;;3;4;Assez bien;Psychologie;Général
COH2026-3125;20;44,0 %;0,0;4;9;4;0;5;;1;1;Très bien;Gestion;Général
COH2026-3126;21;86,7 %;39,7;0;9;9;1;5;3;5;4;;Psychologie;Général
COH2026-3127;22;73,5 %;54,6;5;8;7;3;7;3;3;2;Assez bien;Droit;Technologique
COH2026-3128;19;96,7 %;58,2;0;9;7;4;7;5;4;2;Bien;STAPS;Général
COH2026-3129;18;90,4 %;36,1;3;11;11;4;6;3;5;3;Passable;Informatique;Technologique
COH2026-3130;22;89,2 %;5,2;2;9;6;1;5;2;3;3;Bien;Biologie;Général
COH2026-3131;22;66,6 %;55,0;3;10;8;1;7;4;;3;Bien;Psychologie;Général
COH2026-3132;21;65,3 %;10,7;5;10;5;0;6;3;3;3;Passable;Psychologie;Général
COH2026-3133;20;85,9 %;28,4;1;10;7;2;7;2;4;4;Assez bien;Gestion;Technologique
COH2026-3134;23;65,1 %;2,3;5;11;5;0;5;1;3;2;;Droit;Professionnel
COH2026-3135;21;77,7 %;23,6;0;10;7;5;7;3;3;4;;Mathématiques;Général
COH2026-3136;18;54,1 %;0,0;7;11;7;0;6;3;2;1;Bien;Psychologie;Général
COH2026-3137;19;73,9 %;25,6;1;11;9;1;6;3;5;3;Assez bien;Biologie;Général
COH2026-3138;17;81,4 %;29,0;6;11;9;2;7;3;3;4;Passable;Lettres;Professionnel
COH2026-3139;20;70,9 %;27,6;6;9;6;0;5;1;;2;Passable;Psychologie;Général
COH2026-3140;18;65,6 %;26,3;4;12;10;0;6;1;3;3;Passable;Informatique;Général
COH2026-3141;23;79,3 %;71,4;3;8;8;6;6;4;;3;Très bien;Droit;Général
COH2026-3142;18;55,7 %;46,0;5;13;7;2;6;2;3;4;Assez bien;Gestion;Général
COH2026-3143;22;87,6 %;98,6;1;13;13;7;5;5;4;4;Passable;Gestion;Général
COH2026-3144;19;91,9 %;42,5;2;10;10;2;6;5;4;4;Passable;Biologie;Général
COH2026-3145;19;70,1 %;17,4;6;13;10;0;7;2;1;2;Passable;STAPS;Général
COH2026-3146;19;98,5 %;32,9;7;12;8;1;5;4;3;4;Bien;Biologie;Général
COH2026-3147;21;71,0 %;5,4;5;10;5;0;6;1;1;1;Passable;Droit;Général
COH2026-3148;19;63,9 %;22,3;4;11;6;0;6;2;3;1;Bien;Mathématiques;Général
COH2026-3149;21;96,7 %;49,1;1;13;13;13;6;5;5;5;Bien;Informatique;Professionnel
COH2026-3150;18;70,1 %;29,5;2;11;11;5;5;3;3;3;Passable;STAPS;Général
COH2026-3151;19;63,4 %;13,4;3;8;5;0;7;3;4;3;Passable;Gestion;Professionnel
COH2026-3152;19;67,7 %;28,5;0;13;9;2;5;1;2;4;Passable;Biologie;Général
COH2026-3153;18;72,9 %;28,5;6;9;8;3;6;3;3;4;Assez bien;Psychologie;Technologique
COH2026-3154;23;87,0 %;32,8;3;9;8;6;6;5;3;;Passable;Biologie;Professionnel
COH2026-3155;23;97,3 %;106,0;0;11;10;4;6;;5;4;Assez bien;Informatique;Général
COH2026-3156;22;81,0 %;30,0;5;9;8;3;5;3;2;2;Assez bien;Droit;Général
COH2026-3157;26;91,9 %;80,7;0;8;8;7;5;5;4;3;Passable;Droit;Général
COH2026-3158;18;70,6 %;42,2;3;13;9;3;5;3;3;;;Gestion;Professionnel
COH2026-3159;18;89,8 %;20,1;6;13;10;2;6;3;4;2;Passable;STAPS;Général
COH2026-3160;17;82,5 %;85,0;4;8;7;6;6;2;;3;Passable;Droit;Technologique
COH2026-3161;19;81,8 %;37,4;5;13;9;1;6;3;3;1;Passable;Mathématiques;Technologique
COH2026-3162;23;65,6 %;45,0;3;12;8;3;7;4;3;;Passable;Gestion;Technologique
COH2026-3163;18;69,3 %;58,9;2;13;9;2;7;3;;3;Passable;Droit;Technologique
COH2026-3164;21;81,1 %;57,8;5;10;8;0;6;3;3;3;Assez bien;Biologie;Général
COH2026-3165;20;68,7 %;9,4;10;12;10;3;6;1;4;1;Assez bien;Informatique;Général
COH2026-3166;23;88,2 %;80,6;6;12;9;2;6;5;2;3;Assez bien;Mathématiques;Technologique
COH2026-3167;21;87,2 %;17,3;4;11;9;0;6;3;3;2;Passable;Droit;Général
COH2026-3168;23;71,8 %;83,9;5;11;8;0;6;4;3;2;Bien;STAPS;Général
COH2026-3169;19;67,7 %;16,3;7;8;7;0;7;2;2;4;Assez bien;Lettres;Général
COH2026-3170;18;90,9 %;90,8;2;10;10;6;6;4;3;2;Bien;Informatique;Général
COH2026-3171;22;89,5 %;71,1;3;12;12;6;6;4;3;4;Assez bien;STAPS;Général
COH2026-3172;19;98,9 %;54,7;0;9;9;5;5;;4;4;Assez bien;STAPS;Professionnel
COH2026-3173;23;70,4 %;24,0;7;13;10;0;6;2;2;2;Assez bien;Biologie;Général
COH2026-3174;18;58,0 %;21,6;1;13;10;6;6;2;3;2;Assez bien;Mathématiques;Général
COH2026-3175;18;97,7 %;95,5;2;8;8;10;6;5;5;2;Bien;Mathématiques;Général
COH2026-3176;21;67,8 %;25,2;1;8;5;0;6;2;1;2;Passable;STAPS;Technologique
COH2026-3177;24;81,8 %;76,7;3;8;8;2;5;4;;2;Assez bien;Gestion;Technologique
COH2026-3178;19;59,8 %;14,8;3;11;8;0;6;2;3;;Passable;Informatique;Général
COH2026-3179;20;83,7 %;21,4;5;9;7;1;6;3;4;2;Assez bien;Droit;Technologique
COH2026-3180;21;90,2 %;64,2;3;8;6;6;6;4;3;3;Assez bien;STAPS;Technologique
COH2026-3181;19;81,1 %;72,7;3;8;8;8;6;3;2;5;Assez bien;Informatique;Général
COH2026-3182;21;67,6 %;10,2;5;8;5;0;6;3;3;1;Bien;Mathématiques;Général
COH2026-3183;22;76,5 %;58,2;0;9;9;5;6;4;3;3;Assez bien;STAPS;Général
COH2026-3184;19;89,4 %;91,8;0;10;10;13;5;4;5;5;Assez bien;Mathématiques;Général
COH2026-3185;18;96,9 %;60,5;2;10;10;9;6;5;5;5;;Droit;Technologique
COH2026-3186;20;55,6 %;13,5;1;11;9;1;5;5;4;5;Assez bien;Droit;Général
COH2026-3187;19;92,7 %;55,7;4;10;10;10;6;4;4;5;Très bien;Lettres;Général
COH2026-3188;17;63,7 %;9,3;5;8;6;0;6;3;2;3;Assez bien;Lettres;Technologique
COH2026-3189;23;72,2 %;20,3;4;13;10;1;6;3;2;3;Assez bien;Psychologie;Professionnel
COH2026-3190;21;74,5 %;65,0;4;8;7;2;5;5;3;2;Bien;STAPS;Général
COH2026-3191;17;99,1 %;49,5;0;13;13;4;6;5;4;5;Passable;Mathématiques;Professionnel
COH2026-3192;20;68,3 %;65,1;4;12;9;0;6;3;4;3;Bien;Informatique;Professionnel
COH2026-3193;19;83,9 %;117,7;0;12;10;6;5;4;4;4;Assez bien;Gestion;Technologique
COH2026-3194;20;64,2 %;25,8;3;12;8;0;7;4;2;2;Bien;Droit;Général
COH2026-3195;17;93,4 %;49,9;0;9;9;4;5;5;4;;Assez bien;Informatique;Technologique
COH2026-3196;21;84,1 %;54,9;8;12;10;2;7;3;4;2;Bien;Informatique;Technologique
COH2026-3197;21;81,4 %;29,8;5;13;11;1;6;2;2;;Passable;Informatique;Général
COH2026-3198;22;79,9 %;21,9;4;10;8;7;6;3;2;2;Bien;Biologie;Technologique
COH2026-3199;19;88,1 %;38,7;2;11;10;3;6;2;4;3;Passable;Lettres;Technologique
COH2026-3200;19;81,0 %;47,1;5;11;9;3;7;2;4;4;Bien;Gestion;Général
COH2026-3201;21;84,6 %;36,9;4;11;11;9;6;4;5;3;Passable;Lettres;Général
COH2026-3202;18;84,2 %;153,1;1;10;10;3;6;;3;5;Assez bien;Droit;Général
COH2026-3203;17;79,9 %;37,6;4;12;11;1;6;2;5;3;Passable;Gestion;Technologique
COH2026-3204;19;78,4 %;36,8;7;11;8;2;5;4;4;;Très bien;Informatique;Général
COH2026-3205;18;75,4 %;77,4;7;9;7;4;6;4;4;5;Passable;Gestion;Général
COH2026-3206;20;76,6 %;62,6;3;12;10;2;7;3;2;2;Assez bien;Informatique;Professionnel
COH2026-3207;22;66,6 %;41,1;4;12;6;3;5;3;3;2;Assez bien;Lettres;Général
COH2026-3208;18;69,6 %;27,7;5;13;10;0;7;2;5;;Passable;Gestion;Technologique
COH2026-3209;20;77,6 %;51,0;2;9;8;7;5;4;4;;Passable;Informatique;Général
COH2026-3210;18;87,4 %;71,4;6;10;8;0;6;4;2;1;Bien;Biologie;Général
COH2026-3211;19;91,6 %;34,2;3;8;7;5;6;5;4;4;Très bien;Droit;Général
COH2026-3212;20;97,0 %;60,2;1;10;9;8;7;5;5;3;Passable;STAPS;Technologique
COH2026-3213;20;63,2 %;23,2;6;8;6;2;6;2;;3;Bien;Informatique;Technologique
COH2026-3214;20;92,8 %;35,2;2;9;8;1;6;4;2;3;Passable;STAPS;Général
COH2026-3215;19;79,0 %;31,0;4;10;10;2;6;3;2;2;Passable;Informatique;Général
COH2026-3216;17;62,2 %;10,7;4;12;10;0;7;4;2;3;Passable;Gestion;Professionnel
COH2026-3217;19;89,5 %;66,9;1;8;8;5;6;5;4;4;Passable;Gestion;Général
COH2026-3218;20;56,3 %;11,4;7;11;7;0;6;2;3;2;Bien;STAPS;Général
COH2026-3219;20;86,2 %;55,2;2;13;13;6;6;4;3;2;Assez bien;Droit;Technologique
COH2026-3220;21;85,2 %;29,9;5;11;10;5;7;4;3;;Assez bien;STAPS;Général
COH2026-3221;19;81,7 %;18,2;4;11;7;1;6;4;4;2;Passable;Gestion;Général
COH2026-3222;20;79,6 %;41,6;1;11;9;5;6;3;4;2;Passable;Droit;Général
COH2026-3223;19;91,9 %;72,8;2;13;13;5;6;5;4;3;Passable;Biologie;Général
COH2026-3224;21;73,7 %;52,4;5;11;10;1;6;1;3;3;Assez bien;Informatique;Général
COH2026-3225;22;79,0 %;0,3;4;11;6;0;7;2;2;4;Passable;Droit;Général
COH2026-3226;20;89,2 %;98,4;2;9;7;2;7;3;4;2;Assez bien;Droit;Général
COH2026-3227;23;65,7 %;55,2;6;13;10;4;5;2;4;4;Assez bien;Gestion;Professionnel
COH2026-3228;19;81,9 %;32,9;3;11;6;3;6;3;;3;Très bien;STAPS;Général
COH2026-3229;20;96,8 %;54,5;0;10;8;4;5;5;;4;Passable;Informatique;Général
COH2026-3230;19;90,5 %;49,9;4;11;9;2;5;3;5;2;Passable;Informatique;Professionnel
COH2026-3231;20;73,6 %;41,1;3;8;8;3;7;3;5;4;Passable;Mathématiques;Professionnel
COH2026-3232;20;71,5 %;78,0;4;9;6;3;6;2;2;1;Passable;Psychologie;Général
COH2026-3233;19;59,8 %;14,8;3;11;8;0;6;2;3;;Passable;Informatique;Général
COH2026-3234;20;91,9 %;51,2;0;9;9;1;6;3;5;3;Passable;Lettres;Général
COH2026-3235;18;71,5 %;2,8;5;9;6;0;7;3;3;2;Bien;Gestion;Général
COH2026-3236;18;76,4 %;41,4;4;13;8;1;6;3;;3;Passable;Droit;Général
COH2026-3237;21;66,6 %;25,1;6;11;6;0;7;3;2;3;Passable;Mathématiques;Général
COH2026-3238;21;77,9 %;44,4;7;13;12;1;7;4;4;3;Assez bien;Biologie;Professionnel
COH2026-3239;22;67,6 %;13,1;4;9;7;2;7;;2;3;Assez bien;Informatique;Professionnel
COH2026-3240;20;70,4 %;34,1;4;9;7;0;5;2;3;2;Passable;Informatique;Général
COH2026-3241;18;69,0 %;50,5;5;8;5;0;5;2;2;2;Passable;Psychologie;Général
COH2026-3242;21;84,0 %;70,1;2;13;13;7;6;5;5;3;Assez bien;Informatique;Technologique
COH2026-3243;17;75,7 %;25,9;2;10;10;2;6;5;4;2;Assez bien;Informatique;Professionnel
COH2026-3244;18;64,4 %;33,3;7;10;7;0;7;1;3;4;Passable;Mathématiques;Technologique
COH2026-3245;22;66,6 %;55,0;3;10;8;1;7;4;;3;Bien;Psychologie;Général
COH2026-3246;18;83,4 %;74,1;6;10;8;2;5;3;3;2;Passable;Informatique;Général
COH2026-3247;18;82,1 %;56,0;6;8;6;2;6;2;3;;Assez bien;Psychologie;Professionnel
COH2026-3248;22;90,2 %;112,4;4;9;8;7;6;3;5;2;Assez bien;Gestion;Professionnel
COH2026-3249;19;89,4 %;29,8;4;8;8;5;7;4;3;3;Bien;Gestion;Général
COH2026-3250;18;93,8 %;70,0;2;12;12;6;6;5;5;5;Très bien;STAPS;Général
COH2026-3251;21;90,6 %;81,2;1;13;13;6;7;4;5;4;Passable;Biologie;Technologique
COH2026-3252;22;55,4 %;0,3;2;11;2;1;6;1;3;2;Passable;Psychologie;Général
COH2026-3253;24;76,8 %;48,1;6;9;7;6;6;4;2;1;Très bien;Informatique;Technologique
COH2026-3254;18;87,3 %;74,4;0;13;13;6;7;5;5;5;Passable;Biologie;Technologique
COH2026-3255;21;73,2 %;44,5;5;9;6;4;7;5;3;4;Assez bien;Gestion;Technologique
COH2026-3256;18;97,9 %;75,5;4;9;9;2;7;4;5;2;Passable;Droit;Général
COH2026-3257;20;91,1 %;64,1;2;10;9;5;6;3;4;2;Passable;Mathématiques;Professionnel
COH2026-3258;23;78,4 %;23,8;1;12;8;3;5;3;4;4;Bien;Informatique;Général
COH2026-3259;23;78,9 %;52,4;3;10;7;3;6;3;1;3;Passable;Mathématiques;Général
COH2026-3260;23;55,6 %;18,4;1;11;6;1;6;4;1;1;Passable;Droit;Général
COH2026-3261;20;74,5 %;22,3;5;12;9;3;6;2;1;1;Bien;Informatique;Professionnel
COH2026-3262;18;89,6 %;82,6;5;9;7;4;6;5;;2;Très bien;STAPS;Professionnel
COH2026-3263;23;98,4 %;45,3;2;10;10;7;5;5;3;5;Assez bien;Lettres;Général
COH2026-3264;17;83,0 %;74,5;2;9;7;5;7;5;4;;Bien;Gestion;Général
COH2026-3265;17;86,9 %;46,3;4;11;10;7;6;5;5;;Passable;Droit;Général
COH2026-3266;20;75,4 %;28,2;4;12;9;3;6;3;4;3;Bien;Informatique;Général
COH2026-3267;20;83,1 %;37,8;8;9;9;5;6;5;3;4;Très bien;Mathématiques;Général
COH2026-3268;18;88,0 %;53,5;4;12;10;2;5;4;2;4;Bien;STAPS;Général
COH2026-3269;24;76,8 %;48,1;6;9;7;6;6;4;2;1;Très bien;Informatique;Technologique
COH2026-3270;21;60,0 %;15,6;7;12;7;0;7;3;3;1;Assez bien;Biologie;Général
COH2026-3271;23;71,0 %;4,8;7;8;8;1;5;2;2;1;Passable;Lettres;Professionnel
COH2026-3272;18;65,4 %;25,4;4;13;8;0;6;1;1;2;Très bien;Gestion;Général
COH2026-3273;22;61,4 %;3,4;5;13;9;1;7;4;4;3;Passable;STAPS;Général
COH2026-3274;18;84,0 %;36,0;1;12;11;7;5;5;4;3;Passable;Psychologie;Technologique
COH2026-3275;19;69,0 %;7,3;0;11;9;1;5;2;4;4;Assez bien;STAPS;Général
COH2026-3276;19;76,3 %;19,3;7;11;7;0;6;1;2;2;Assez bien;Lettres;Technologique
COH2026-3277;21;58,4 %;6,8;4;12;7;0;7;2;2;1;;STAPS;Général
COH2026-3278;20;71,7 %;7,6;4;8;6;0;6;3;3;3;;Informatique;Général
COH2026-3279;19;88,8 %;57,6;5;8;7;4;7;4;1;3;Très bien;Psychologie;Professionnel
COH2026-3280;19;90,5 %;49,9;4;11;9;2;5;3;5;2;Passable;Informatique;Professionnel
COH2026-3281;20;87,3 %;52,4;2;13;10;3;6;4;4;3;Assez bien;Droit;Général
COH2026-3282;18;83,0 %;15,1;2;11;8;1;7;4;2;5;Bien;Gestion;Général
COH2026-3283;18;78,7 %;29,8;1;11;7;5;5;4;5;3;Assez bien;Gestion;Général
COH2026-3284;18;61,7 %;30,3;7;11;7;1;6;1;4;4;Très bien;Gestion;Général
COH2026-3285;18;97,5 %;51,8;2;8;7;9;6;5;;4;Assez bien;Droit;Technologique
COH2026-3286;21;86,3 %;37,6;6;9;8;5;6;4;3;4;Assez bien;Psychologie;Général
COH2026-3287;19;85,6 %;78,5;7;8;7;2;6;5;4;5;Assez bien;Droit;Professionnel
COH2026-3288;18;77,0 %;65,4;4;9;7;7;5;5;4;3;Passable;Psychologie;Général
COH2026-3289;21;80,4 %;32,9;5;9;9;3;6;5;4;3;Très bien;Mathématiques;Général
COH2026-3290;20;89,3 %;45,3;1;10;10;7;6;;5;4;Assez bien;Lettres;Général
COH2026-3291;22;71,2 %;43,7;5;12;11;3;6;;4;1;Assez bien;STAPS;Général
COH2026-3292;20;66,7 %;14,2;7;13;11;2;6;2;4;1;Assez bien;Droit;Technologique
COH2026-3293;23;73,9 %;23,6;6;11;7;0;6;1;3;3;Bien;Psychologie;Technologique
COH2026-3294;21;83,8 %;86,2;3;9;9;4;6;2;2;3;Passable;Mathématiques;Technologique
COH2026-3295;23;89,8 %;71,9;1;12;12;4;6;5;5;4;Passable;STAPS;Général
COH2026-3296;20;77,6 %;30,7;5;8;7;2;6;3;3;3;Passable;Biologie;Général
COH2026-3297;18;68,2 %;23,1;9;13;9;1;6;2;4;4;Passable;Droit;Général
COH2026-3298;19;68,9 %;40,7;2;10;6;0;6;4;2;;Passable;Informatique;Général
COH2026-3299;20;81,6 %;34,8;1;10;9;5;6;5;5;3;Assez bien;STAPS;Technologique
COH2026-3300;21;81,8 %;25,3;3;12;12;2;6;4;3;3;Passable;Psychologie;Professionnel
COH2026-3301;22;81,9 %;37,5;2;13;12;4;6;5;3;3;Bien;Gestion;Général
COH2026-3302;24;76,3 %;45,9;3;12;11;4;7;3;3;2;Assez bien;Gestion;Général
COH2026-3303;17;73,9 %;54,6;4;8;7;3;7;2;1;3;Passable;Psychologie;Technologique
COH2026-3304;19;68,8 %;31,6;5;9;5;0;5;3;2;2;Assez bien;Gestion;Général
COH2026-3305;21;62,1 %;42,7;7;9;7;0;6;3;2;2;Bien;Biologie;Général
COH2026-3306;19;67,3 %;23,1;5;10;6;1;6;3;2;3;Assez bien;Biologie;Général
COH2026-3307;17;74,3 %;54,9;3;10;8;0;6;5;4;3;Passable;Gestion;Général
COH2026-3308;23;94,3 %;59,1;1;13;12;3;5;4;2;5;Passable;Psychologie;Général
COH2026-3309;22;67,4 %;42,7;5;9;7;6;5;3;;3;Passable;Gestion;Professionnel
COH2026-3310;21;62,4 %;29,9;2;13;11;4;7;4;2;2;Assez bien;Gestion;Général
COH2026-3311;22;73,8 %;52,5;6;8;6;2;5;2;3;;Bien;STAPS;Général
COH2026-3312;24;66,3 %;11,5;2;11;8;0;5;4;3;3;Assez bien;STAPS;Général
COH2026-3313;18;75,3 %;70,7;4;10;10;6;6;4;4;4;Passable;Mathématiques;Général
COH2026-3314;19;98,3 %;37,9;4;13;10;2;5;2;4;2;Assez bien;Biologie;Général
COH2026-3315;17;78,0 %;35,3;2;9;7;2;6;4;3;2;Assez bien;Lettres;Technologique
COH2026-3316;20;71,8 %;58,2;2;12;11;8;7;5;2;4;Bien;Psychologie;Général
COH2026-3317;20;60,0 %;9,8;6;8;6;1;7;2;4;2;Très bien;Biologie;Général
COH2026-3318;20;85,3 %;42,0;6;13;8;4;7;4;5;;Passable;Gestion;Général
COH2026-3319;20;77,6 %;38,8;3;10;7;1;7;1;2;2;Assez bien;Gestion;Technologique
COH2026-3320;21;94,7 %;88,0;1;13;12;9;5;5;5;5;Assez bien;Informatique;Général
COH2026-3321;24;66,6 %;36,4;4;13;8;1;6;3;4;1;Bien;Biologie;Technologique
COH2026-3322;19;95,1 %;34,1;3;11;11;6;6;5;3;3;Bien;Lettres;Professionnel
COH2026-3323;18;74,2 %;23,9;5;10;8;3;6;4;4;4;Passable;Gestion;Professionnel
COH2026-3324;17;61,3 %;12,1;7;11;8;1;7;5;3;1;Bien;Informatique;Général
COH2026-3325;20;76,8 %;79,1;1;9;8;2;5;3;3;2;Passable;Lettres;Général
COH2026-3326;22;70,1 %;25,6;6;11;9;1;6;2;4;2;Bien;Psychologie;Général
COH2026-3327;20;66,6 %;71,4;1;8;7;6;6;5;5;5;Passable;Mathématiques;Général
COH2026-3328;21;62,1 %;13,1;5;8;5;0;6;1;4;1;Assez bien;Psychologie;Général
COH2026-3329;21;65,9 %;25,2;6;12;7;0;5;3;4;2;Assez bien;Psychologie;Général
COH2026-3330;18;70,3 %;28,3;2;11;8;2;6;2;3;1;Très bien;Mathématiques;Général
COH2026-3331;18;74,7 %;30,9;6;12;10;5;6;5;4;5;Bien;Mathématiques;Général
COH2026-3332;19;63,3 %;19,7;3;11;5;0;6;3;3;2;Passable;Droit;Général
COH2026-3333;18;64,4 %;33,3;7;10;7;0;7;1;3;4;Passable;Mathématiques;Technologique
COH2026-3334;17;87,5 %;44,1;3;11;9;3;5;4;;4;Passable;STAPS;Général
COH2026-3335;18;80,7 %;22,8;3;12;8;5;6;4;3;2;Assez bien;STAPS;Général
COH2026-3336;22;68,9 %;56,8;5;10;5;0;5;3;3;2;Bien;STAPS;Général
COH2026-3337;19;66,1 %;7,7;5;8;5;0;7;1;1;1;;Informatique;Technologique
COH2026-3338;22;73,7 %;49,0;5;13;12;4;5;4;3;3;Passable;Psychologie;Technologique
COH2026-3339;18;98,7 %;90,0;1;8;8;7;5;3;5;4;Assez bien;Droit;Technologique
COH2026-3340;19;70,4 %;29,7;4;11;10;1;7;5;3;3;Assez bien;Informatique;Général
COH2026-3341;17;88,5 %;89,1;2;10;9;5;5;4;4;5;Bien;Droit;Général
COH2026-3342;19;68,0 %;12,8;3;13;9;2;5;1;;2;Bien;Mathématiques;Général
COH2026-3343;18;64,4 %;33,3;7;10;7;0;7;1;3;4;Passable;Mathématiques;Technologique
COH2026-3344;20;56,5 %;21,0;3;10;9;2;7;3;4;2;Passable;Mathématiques;Technologique
COH2026-3345;21;68,1 %;12,6;5;9;7;1;6;1;1;3;Bien;Psychologie;Général
COH2026-3346;18;74,7 %;54,8;1;11;8;0;6;3;4;3;Assez bien;Psychologie;Professionnel
COH2026-3347;18;70,3 %;53,9;3;9;6;0;5;4;3;3;Passable;Lettres;Technologique
COH2026-3348;19;78,9 %;74,7;2;9;7;3;7;2;4;3;Bien;Droit;Général
COH2026-3349;18;79,3 %;20,8;3;8;6;4;5;4;2;3;Bien;Psychologie;Professionnel
COH2026-3350;19;71,7 %;65,9;4;13;12;1;5;1;4;1;Passable;Mathématiques;Général
COH2026-3351;19;88,2 %;62,8;4;8;8;2;7;5;5;4;Passable;STAPS;Général
COH2026-3352;19;92,4 %;58,9;1;11;11;5;6;5;4;5;;Biologie;Technologique
COH2026-3353;19;97,3 %;88,0;3;13;12;4;5;5;5;5;Assez bien;Biologie;Technologique
COH2026-3354;23;65,7 %;55,2;6;13;10;4;5;2;4;4;Assez bien;Gestion;Professionnel
COH2026-3355;21;93,7 %;42,6;0;8;7;8;5;4;3;5;Assez bien;Mathématiques;Général
COH2026-3356;18;79,7 %;30,8;5;12;11;3;6;3;3;2;Assez bien;Informatique;Technologique
COH2026-3357;22;83,5 %;82,0;1;13;13;6;6;5;3;5;Passable;Informatique;Général
COH2026-3358;22;78,6 %;57,2;8;13;10;2;6;2;3;;Bien;Lettres;Général
COH2026-3359;18;78,0 %;24,4;7;12;7;1;7;3;;2;Passable;Droit;Général
COH2026-3360;17;87,4 %;65,5;1;9;9;5;5;5;3;4;Passable;Gestion;Général
COH2026-3361;18;77,2 %;57,9;2;12;8;5;6;4;4;2;Passable;Biologie;Général
COH2026-3362;19;69,2 %;30,1;3;10;7;0;6;1;3;1;Bien;STAPS;Général
COH2026-3363;19;76,5 %;21,2;7;8;7;4;6;2;3;4;Assez bien;Gestion;Technologique
COH2026-3364;21;74,8 %;42,2;6;8;6;2;5;4;2;;;Informatique;Général
COH2026-3365;18;69,5 %;55,2;3;13;13;1;5;5;4;3;Bien;Gestion;Général
COH2026-3366;19;84,5 %;58,3;2;13;13;5;5;5;5;4;Très bien;Mathématiques;Technologique
COH2026-3367;21;77,2 %;48,9;5;11;8;3;6;2;1;3;Passable;Mathématiques;Général
COH2026-3368;21;68,1 %;12,6;5;9;7;1;6;1;1;3;Bien;Psychologie;Général
COH2026-3369;18;84,4 %;64,9;0;9;8;6;7;3;4;3;Très bien;Gestion;Technologique
COH2026-3370;21;84,4 %;68,7;8;9;8;6;5;3;2;4;Passable;Psychologie;Général
COH2026-3371;25;92,8 %;65,8;5;10;9;5;6;4;4;4;Passable;Psychologie;Technologique
COH2026-3372;20;74,4 %;66,7;0;13;12;4;6;4;2;3;Assez bien;Biologie;Général
COH2026-3373;22;87,6 %;55,9;7;11;7;4;6;4;;;Passable;STAPS;Général
COH2026-3374;18;81,6 %;19,3;6;9;7;2;6;2;3;1;Passable;Psychologie;Général
COH2026-3375;20;83,3 %;82,2;3;9;8;5;7;4;;5;Assez bien;Informatique;Technologique
COH2026-3376;22;75,8 %;20,6;5;9;8;1;6;3;2;2;Bien;Droit;Technologique
COH2026-3377;22;76,5 %;22,6;4;9;7;3;6;4;2;;Assez bien;Informatique;Général
COH2026-3378;19;80,5 %;32,7;4;12;11;4;5;5;4;2;Bien;Gestion;Général
COH2026-3379;18;78,3 %;60,5;4;8;8;2;5;5;5;2;Bien;Droit;Général
COH2026-3380;18;86,1 %;56,6;6;10;8;1;6;2;3;3;Passable;Gestion;Technologique
COH2026-3381;18;87,1 %;100,3;2;11;11;1;6;4;4;4;Assez bien;Psychologie;Général
COH2026-3382;23;94,1 %;85,9;2;10;10;6;5;5;3;3;Assez bien;STAPS;Général
COH2026-3383;19;91,3 %;40,8;4;9;8;4;5;3;4;1;Bien;Gestion;Général
COH2026-3384;18;62,0 %;27,3;3;13;9;0;5;5;3;1;Très bien;Biologie;Général
COH2026-3385;19;72,8 %;60,6;2;11;9;3;7;2;4;2;Bien;Gestion;Technologique
COH2026-3386;19;72,8 %;42,8;6;9;6;3;6;3;3;3;Bien;Psychologie;Général
COH2026-3387;18;84,8 %;54,5;2;9;8;3;6;1;3;2;;STAPS;Général
COH2026-3388;18;77,5 %;25,5;2;13;10;2;5;4;4;4;Passable;Gestion;Général
COH2026-3389;22;90,2 %;112,4;4;9;8;7;6;3;5;2;Assez bien;Gestion;Professionnel
COH2026-3390;24;96,6 %;126,2;0;13;13;16;6;;5;5;Assez bien;Mathématiques;Technologique
COH2026-3391;18;70,3 %;11,9;4;8;5;0;6;2;1;1;Assez bien;Informatique;Général
COH2026-3392;19;73,1 %;24,2;6;12;10;0;6;;2;2;;STAPS;Professionnel
COH2026-3393;20;61,3 %;55,5;6;13;12;2;6;3;1;4;Passable;Droit;Général
COH2026-3394;18;87,2 %;83,2;2;13;12;5;5;4;4;4;Passable;STAPS;Technologique
COH2026-3395;22;83,0 %;55,2;1;10;10;4;6;;5;;Assez bien;Biologie;Technologique
COH2026-3396;20;99,8 %;57,9;5;11;9;4;6;5;3;1;Bien;Biologie;Général
COH2026-3397;19;80,9 %;54,9;3;11;11;3;5;;1;2;Passable;Droit;Général
COH2026-3398;22;78,3 %;28,7;7;9;7;1;6;3;4;3;Passable;Droit;Technologique
COH2026-3399;22;90,5 %;70,7;2;11;10;4;6;5;5;4;Assez bien;Psychologie;Général
COH2026-3400;21;73,1 %;32,0;3;9;6;1;6;3;5;1;Bien;STAPS;Général
COH2026-3401;23;90,0 %;47,6;1;9;8;11;7;4;3;3;Assez bien;Psychologie;Général
COH2026-3402;23;78,5 %;29,4;3;8;7;7;7;4;3;3;Passable;Psychologie;Technologique
COH2026-3403;20;64,6 %;10,5;6;9;6;0;6;1;1;1;Bien;STAPS;Technologique
COH2026-3404;21;61,0 %;36,0;7;11;7;0;6;1;;2;Assez bien;Lettres;Technologique
COH2026-3405;20;97,1 %;87,6;2;11;11;5;5;4;4;4;Passable;Mathématiques;Général
COH2026-3406;20;58,7 %;65,5;6;10;9;3;6;3;3;1;Très bien;Informatique;Général
COH2026-3407;19;65,2 %;37,9;4;9;8;2;6;2;5;2;Assez bien;Biologie;Général
COH2026-3408;20;65,3 %;58,6;7;10;7;0;7;3;;3;Passable;Droit;Général
COH2026-3409;20;92,8 %;35,2;2;9;8;1;6;4;2;3;Passable;STAPS;Général
COH2026-3410;20;56,6 %;31,5;5;8;6;2;7;4;;3;Passable;Informatique;Général
COH2026-3411;19;98,7 %;87,8;0;11;11;7;6;5;5;4;Passable;Psychologie;Technologique
COH2026-3412;18;67,5 %;60,1;7;9;7;1;6;2;2;2;Assez bien;Lettres;Professionnel
COH2026-3413;22;80,8 %;35,6;4;10;9;3;7;4;3;4;Assez bien;Psychologie;Technologique
COH2026-3414;24;91,1 %;52,7;0;12;11;4;5;3;3;3;Passable;Psychologie;Technologique
COH2026-3415;18;95,7 %;75,2;1;12;12;10;5;5;5;3;;Lettres;Général
COH2026-3416;19;92,4 %;58,9;1;11;11;5;6;5;4;5;;Biologie;Technologique
COH2026-3417;18;74,1 %;17,6;7;9;7;1;6;2;5;2;Assez bien;Psychologie;Technologique
COH2026-3418;18;76,0 %;59,2;3;13;11;3;5;5;3;2;Passable;Biologie;Général
COH2026-3419;18;91,9 %;64,0;1;10;9;3;6;5;3;3;Passable;Informatique;Général
COH2026-3420;19;79,5 %;58,5;4;13;10;2;7;3;5;3;Assez bien;Biologie;Technologique
COH2026-3421;21;83,0 %;52,9;2;9;8;4;5;4;;1;Très bien;Informatique;Général
COH2026-3422;18;86,3 %;100,8;1;11;11;5;5;5;3;3;Assez bien;Informatique;Général
COH2026-3423;20;77,6 %;20,6;8;9;8;1;7;3;1;4;Passable;Gestion;Général
COH2026-3424;21;73,9 %;18,3;6;10;6;0;6;3;3;1;Bien;Gestion;Général
COH2026-3425;19;98,1 %;65,5;5;10;8;2;5;;3;2;Assez bien;Gestion;Professionnel
COH2026-3426;22;79,9 %;21,9;4;10;8;7;6;3;2;2;Bien;Biologie;Technologique
COH2026-3427;18;93,8 %;70,0;2;12;12;6;6;5;5;5;Très bien;STAPS;Général
COH2026-3428;18;78,2 %;17,7;7;10;8;1;7;3;4;4;Assez bien;Gestion;Général
COH2026-3429;21;72,0 %;32,8;4;9;5;0;5;2;4;2;Bien;Mathématiques;Général
COH2026-3430;20;74,4 %;48,1;8;9;8;3;6;4;3;2;Bien;Psychologie;Technologique
COH2026-3431;19;94,0 %;107,2;1;10;8;6;6;4;4;2;;Droit;Général
COH2026-3432;23;74,3 %;40,6;6;13;9;3;6;3;;3;Bien;STAPS;Technologique
COH2026-3433;21;81,1 %;53,4;7;9;7;2;6;3;2;4;Passable;Biologie;Technologique
COH2026-3434;23;81,6 %;42,2;6;9;9;5;6;4;4;1;Assez bien;Psychologie;Général
COH2026-3435;24;81,9 %;14,8;4;8;5;3;5;3;3;4;Assez bien;Gestion;Professionnel
COH2026-3436;19;86,0 %;51,9;2;13;12;4;5;4;4;1;Passable;Droit;Général
COH2026-3437;18;67,8 %;46,3;5;12;7;0;6;3;3;1;Passable;Lettres;Général
COH2026-3438;21;80,9 %;43,8;7;8;7;0;6;4;3;3;Bien;Lettres;Général
COH2026-3439;20;68,2 %;33,3;6;11;8;3;5;3;1;3;Très bien;Psychologie;Professionnel
COH2026-3440;20;66,0 %;8,7;4;10;7;0;7;2;3;2;Passable;Psychologie;Général
COH2026-3441;17;54,5 %;68,8;1;10;9;2;5;4;3;4;Assez bien;Biologie;Général
COH2026-3442;20;70,6 %;30,4;7;12;10;1;5;3;3;2;Assez bien;Psychologie;Général
COH2026-3443;18;82,7 %;57,7;7;10;8;4;5;4;3;4;Passable;STAPS;Technologique
COH2026-3444;21;82,8 %;55,4;0;12;12;1;6;3;5;5;Passable;Gestion;Professionnel
COH2026-3445;21;79,9 %;45,7;2;9;8;6;6;5;3;4;Bien;Biologie;Général
COH2026-3446;20;78,9 %;42,5;4;12;7;4;6;3;4;;Assez bien;Informatique;Technologique
COH2026-3447;19;81,0 %;24,5;5;9;6;1;6;2;2;3;Assez bien;Mathématiques;Général
COH2026-3448;23;61,1 %;21,7;7;11;7;0;5;2;2;1;Passable;Lettres;Technologique
COH2026-3449;19;52,6 %;21,6;8;12;8;0;6;1;;;Assez bien;Psychologie;Général
COH2026-3450;21;70,3 %;16,4;2;8;7;3;5;2;2;2;Bien;Informatique;Professionnel
COH2026-3451;18;86,6 %;23,8;3;13;11;7;5;3;4;4;Assez bien;Informatique;Professionnel
COH2026-3452;21;82,8 %;41,6;0;12;12;5;6;5;2;3;Assez bien;Gestion;Général
COH2026-3453;20;79,5 %;34,3;5;12;10;3;6;2;3;1;Passable;STAPS;Professionnel
COH2026-3454;22;57,3 %;29,1;8;12;9;1;5;2;2;2;Très bien;Informatique;Général
COH2026-3455;20;77,2 %;41,4;3;9;9;4;5;3;3;3;Passable;Psychologie;Général
COH2026-3456;18;81,1 %;27,0;5;8;5;1;7;4;3;2;Bien;Biologie;Technologique
COH2026-3457;19;86,5 %;80,3;4;10;7;2;6;5;2;2;Très bien;STAPS;Général
COH2026-3458;19;78,3 %;28,9;2;11;9;1;6;3;1;2;Bien;Biologie;Professionnel
COH2026-3459;20;81,3 %;57,1;5;9;5;2;5;;4;2;Passable;Droit;Technologique
COH2026-3460;17;78,8 %;35,0;5;8;8;9;6;;5;4;Bien;Gestion;Général
COH2026-3461;19;51,2 %;9,7;5;9;5;0;5;1;2;3;Passable;Gestion;Général
COH2026-3462;20;67,9 %;28,3;7;13;9;2;6;2;2;2;Passable;Informatique;Professionnel
COH2026-3463;22;61,6 %;9,9;6;9;7;1;7;2;2;1;;Informatique;Technologique
COH2026-3464;20;82,3 %;44,0;5;10;7;3;7;3;3;5;Bien;Droit;Professionnel
COH2026-3465;22;87,6 %;55,9;7;11;7;4;6;4;;;Passable;STAPS;Général
COH2026-3466;17;94,6 %;43,2;1;12;11;4;5;4;3;4;Assez bien;Informatique;Technologique
COH2026-3467;19;43,8 %;0,0;7;12;7;0;7;1;2;2;Assez bien;Mathématiques;Professionnel
COH2026-3468;17;81,5 %;38,8;2;10;9;10;6;5;4;4;Bien;Psychologie;Général
COH2026-3469;17;86,9 %;46,3;4;11;10;7;6;5;5;;Passable;Droit;Général
COH2026-3470;19;87,3 %;56,4;2;12;12;4;5;5;4;5;Assez bien;Mathématiques;Général
COH2026-3471;18;66,1 %;28,4;5;10;8;1;6;5;2;4;Très bien;Gestion;Général
COH2026-3472;22;63,4 %;59,1;5;9;5;2;7;1;1;2;Assez bien;Droit;Technologique
COH2026-3473;20;85,0 %;42,7;3;10;7;1;7;2;4;3;Bien;Droit;Général
COH2026-3474;18;59,2 %;41,5;5;11;7;0;5;4;4;1;Bien;Informatique;Général
COH2026-3475;24;80,0 %;45,8;4;12;10;3;6;5;5;2;Passable;Droit;Général
COH2026-3476;18;91,5 %;58,4;5;13;12;10;5;5;4;3;Assez bien;Informatique;Général
COH2026-3477;22;97,3 %;106,8;1;9;8;10;7;5;4;5;Passable;Gestion;Général
COH2026-3478;21;75,2 %;50,1;3;11;7;4;6;5;3;3;Assez bien;Gestion;Général
COH2026-3479;17;66,6 %;28,9;4;13;8;3;6;1;1;4;Passable;Lettres;Technologique
COH2026-3480;21;62,2 %;54,7;5;8;6;1;6;1;4;;Assez bien;Lettres;Général
COH2026-3481;22;88,1 %;28,7;7;13;8;1;6;3;3;3;Bien;Droit;Général
COH2026-3482;18;67,4 %;49,2;2;8;6;3;7;4;4;4;Assez bien;Gestion;Général
COH2026-3483;20;74,4 %;36,6;4;11;9;6;6;4;5;2;Très bien;Informatique;Général
COH2026-3484;18;96,5 %;46,3;0;13;12;5;6;;;3;Bien;Informatique;Général
COH2026-3485;18;77,5 %;25,5;2;13;10;2;5;4;4;4;Passable;Gestion;Général
COH2026-3486;22;85,5 %;36,7;5;12;11;3;6;4;3;2;Assez bien;STAPS;Général
COH2026-3487;18;75,5 %;23,2;5;9;5;2;5;4;1;3;Passable;Biologie;Technologique
COH2026-3488;17;91,5 %;74,8;2;12;9;5;6;5;5;3;Très bien;Informatique;Professionnel
COH2026-3489;20;86,2 %;37,5;7;11;8;0;6;3;2;2;Assez bien;STAPS;Technologique
COH2026-3490;19;77,3 %;8,2;7;10;10;6;6;3;4;2;Assez bien;STAPS;Général
COH2026-3491;20;80,6 %;24,7;5;12;12;3;6;;2;3;Passable;Droit;Général
COH2026-3492;20;74,2 %;84,7;8;11;11;2;5;4;3;3;;STAPS;Général
COH2026-3493;21;64,6 %;11,2;5;11;8;1;5;3;2;3;Passable;STAPS;Général
COH2026-3494;17;61,3 %;12,1;7;11;8;1;7;5;3;1;Bien;Informatique;Général
COH2026-3495;19;71,2 %;26,6;5;8;5;1;6;2;2;1;Passable;STAPS;Général
COH2026-3496;23;81,6 %;36,3;6;11;9;1;6;3;;2;Passable;Psychologie;Professionnel
COH2026-3497;23;81,6 %;36,3;6;11;9;1;6;3;;2;Passable;Psychologie;Professionnel
COH2026-3498;20;66,0 %;3,7;8;13;8;1;7;3;3;2;Bien;Gestion;Technologique
COH2026-3499;23;81,6 %;42,2;6;9;9;5;6;4;4;1;Assez bien;Psychologie;Général
COH2026-3500;22;87,2 %;27,6;0;12;10;3;7;3;3;3;Passable;Informatique;Technologique
COH2026-3501;18;91,5 %;118,2;0;10;10;12;6;5;;5;Passable;Informatique;Général
COH2026-3502;22;69,4 %;53,5;5;9;8;0;7;2;2;2;Très bien;Mathématiques;Général
COH2026-3503;20;75,4 %;10,8;2;13;9;0;5;3;2;1;Assez bien;Droit;Général
COH2026-3504;19;56,3 %;34,6;1;10;7;3;5;3;4;2;Passable;Psychologie;Général
COH2026-3505;17;70,6 %;8,6;3;8;6;5;5;5;;2;Bien;Gestion;Général
COH2026-3506;20;87,3 %;27,5;1;9;9;6;6;5;4;4;Bien;Psychologie;Technologique
COH2026-3507;19;51,5 %;18,3;5;8;5;0;7;2;3;2;Assez bien;Informatique;Technologique
COH2026-3508;21;66,8 %;42,8;8;9;8;3;6;2;5;2;Passable;Mathématiques;Général
COH2026-3509;17;88,9 %;46,9;4;13;11;2;5;3;4;1;Assez bien;Droit;Général
COH2026-3510;21;62,5 %;8,3;5;12;6;0;5;2;2;1;Très bien;Droit;Général
COH2026-3511;19;74,4 %;25,3;5;11;10;2;6;3;4;2;Passable;Psychologie;Technologique
COH2026-3512;20;60,9 %;2,2;5;8;5;1;7;3;2;;Passable;Droit;Général
COH2026-3513;23;53,9 %;26,7;6;11;7;0;6;1;1;5;Passable;Psychologie;Général
COH2026-3514;18;89,4 %;82,8;3;9;9;4;5;3;4;4;Passable;Psychologie;Professionnel
COH2026-3515;19;75,4 %;26,0;5;8;6;3;6;2;2;1;Bien;Psychologie;Général
COH2026-3516;20;80,7 %;22,7;0;11;10;2;7;5;4;3;Assez bien;Biologie;Général
COH2026-3517;18;59,6 %;13,7;7;12;8;0;6;2;2;1;Passable;Mathématiques;Technologique
COH2026-3518;17;47,6 %;0,0;2;8;2;0;5;1;1;1;Assez bien;Gestion;Général
COH2026-3519;20;74,1 %;4,3;3;10;7;0;6;2;1;1;Assez bien;Biologie;Technologique
COH2026-3520;19;71,1 %;26,0;6;8;6;3;7;1;3;2;Passable;Informatique;Technologique
COH2026-3521;20;71,5 %;78,0;4;9;6;3;6;2;2;1;Passable;Psychologie;Général
COH2026-3522;20;74,8 %;45,2;7;11;9;4;6;3;3;4;Passable;Biologie;Technologique
COH2026-3523;18;48,3 %;6,2;9;12;10;0;6;4;4;1;Passable;Droit;Général
COH2026-3524;19;65,5 %;19,9;7;11;7;0;6;3;2;1;Bien;Biologie;Technologique
COH2026-3525;19;50,2 %;39,3;5;8;5;1;7;1;3;3;Très bien;Biologie;Général
COH2026-3526;24;75,4 %;81,0;0;12;12;8;5;4;3;4;Très bien;Droit;Technologique
COH2026-3527;20;87,8 %;74,2;2;9;8;3;5;3;5;5;Passable;STAPS;Général
COH2026-3528;18;75,8 %;36,2;1;8;8;5;5;4;4;2;;Droit;Technologique
COH2026-3529;19;88,1 %;72,8;4;13;13;3;6;5;3;;Bien;Informatique;Général
COH2026-3530;18;71,4 %;18,9;4;12;11;3;5;4;3;3;Assez bien;Informatique;Général
COH2026-3531;23;72,4 %;40,0;7;12;9;3;6;1;4;2;Passable;Biologie;Technologique
COH2026-3532;19;72,9 %;78,0;3;13;12;10;7;4;5;3;Assez bien;Gestion;Technologique
COH2026-3533;19;58,5 %;5,5;6;10;6;0;6;1;3;2;Passable;Gestion;Général
COH2026-3534;21;75,2 %;52,2;1;8;8;4;7;3;3;4;Assez bien;Droit;Général
COH2026-3535;18;70,8 %;27,1;5;13;13;3;6;3;4;;Assez bien;STAPS;Technologique
COH2026-3536;18;55,1 %;15,2;6;8;6;0;6;3;;3;Passable;Informatique;Technologique
COH2026-3537;18;75,4 %;61,4;2;9;9;0;7;3;3;3;;Droit;Technologique
COH2026-3538;18;84,1 %;43,8;3;13;10;3;7;5;5;;Passable;Psychologie;Général
COH2026-3539;21;80,6 %;58,3;5;10;10;2;7;4;4;4;Passable;STAPS;Technologique
COH2026-3540;20;99,9 %;48,3;4;12;11;5;6;3;5;3;Bien;Psychologie;Technologique
COH2026-3541;25;87,9 %;53,1;3;12;12;2;6;3;3;3;Passable;Informatique;Général
COH2026-3542;19;81,8 %;37,4;5;13;9;1;6;3;3;1;Passable;Mathématiques;Technologique
COH2026-3543;22;61,6 %;9,9;6;9;7;1;7;2;2;1;;Informatique;Technologique
COH2026-3544;17;84,0 %;66,5;1;13;13;4;6;4;4;5;Assez bien;Biologie;Général
COH2026-3545;19;98,7 %;70,1;4;8;6;3;6;3;4;2;Bien;Psychologie;Général
COH2026-3546;23;69,3 %;34,6;9;13;11;0;5;3;3;2;Très bien;Informatique;Général
COH2026-3547;19;78,5 %;65,3;6;8;6;3;7;3;4;2;Très bien;Lettres;Général
COH2026-3548;20;55,6 %;13,5;1;11;9;1;5;5;4;5;Assez bien;Droit;Général
COH2026-3549;19;87,7 %;51,3;1;10;9;9;6;4;5;4;Passable;Informatique;Général
COH2026-3550;20;75,3 %;3,0;7;12;7;0;6;3;2;2;Passable;Droit;Général
COH2026-3551;20;89,9 %;45,4;1;13;12;1;6;4;2;3;Très bien;STAPS;Général
COH2026-3552;17;81,3 %;89,8;2;8;8;2;7;2;3;3;Bien;Droit;Général
COH2026-3553;22;70,6 %;52,0;0;11;10;8;6;3;5;3;Passable;Informatique;Général
COH2026-3554;22;98,4 %;56,6;2;12;10;7;5;5;3;;Passable;Mathématiques;Général
COH2026-3555;20;74,6 %;22,5;4;9;8;3;5;4;5;4;Passable;Informatique;Général
COH2026-3556;19;92,7 %;79,2;5;8;6;2;5;;3;4;Bien;Gestion;Général
COH2026-3557;19;72,9 %;19,5;1;10;7;2;6;2;;1;Passable;Biologie;Général
COH2026-3558;19;52,8 %;0,0;6;13;6;0;6;3;1;1;Assez bien;Gestion;Technologique
COH2026-3559;17;63,1 %;10,3;4;9;6;0;6;3;4;3;Passable;Informatique;Général
COH2026-3560;19;73,0 %;40,6;6;11;7;2;5;5;4;2;Passable;Lettres;Général
COH2026-3561;17;67,7 %;0,7;4;11;8;2;5;3;2;2;Passable;Gestion;Général
COH2026-3562;20;52,8 %;22,5;6;13;11;0;7;;1;4;Passable;Lettres;Général
COH2026-3563;18;60,7 %;27,6;6;8;6;1;6;2;3;4;Passable;Biologie;Technologique
COH2026-3564;20;99,3 %;96,6;1;9;9;6;7;5;4;5;Bien;STAPS;Technologique
COH2026-3565;22;79,9 %;31,5;6;9;9;5;7;4;5;3;Assez bien;Mathématiques;Technologique
COH2026-3566;19;70,1 %;17,4;6;13;10;0;7;2;1;2;Passable;STAPS;Général
COH2026-3567;21;97,1 %;135,9;0;11;11;11;6;5;5;5;;Mathématiques;Technologique
COH2026-3568;22;99,3 %;85,0;4;10;9;7;7;5;3;4;Bien;Lettres;Général
COH2026-3569;22;68,7 %;17,2;8;10;8;1;5;2;3;3;Assez bien;Informatique;Général
COH2026-3570;20;81,5 %;38,7;3;10;9;8;6;3;3;4;Passable;Informatique;Général
COH2026-3571;19;77,2 %;18,0;4;13;10;2;6;2;4;1;Passable;STAPS;Général
COH2026-3572;20;66,2 %;18,6;9;12;11;2;6;2;1;4;Assez bien;Droit;Technologique
COH2026-3573;21;88,2 %;39,6;5;9;8;3;6;3;2;1;Bien;Informatique;Général
COH2026-3574;24;80,8 %;52,5;2;13;13;2;7;4;3;5;Passable;Informatique;Professionnel
COH2026-3575;18;68,0 %;84,1;0;12;11;3;6;5;2;4;Bien;Gestion;Général
COH2026-3576;17;97,9 %;57,3;0;12;11;11;6;5;5;3;Assez bien;Mathématiques;Général
COH2026-3577;18;99,6 %;66,4;3;8;7;4;6;4;5;5;Passable;Gestion;Général
COH2026-3578;20;94,9 %;74,0;3;10;10;3;6;5;3;4;;Psychologie;Technologique
COH2026-3579;20;82,2 %;16,2;5;8;5;3;5;5;3;2;Bien;Gestion;Général
COH2026-3580;21;79,9 %;45,7;2;9;8;6;6;5;3;4;Bien;Biologie;Général
COH2026-3581;18;72,9 %;22,5;1;8;6;2;6;3;2;3;Passable;STAPS;Général
COH2026-3582;21;88,7 %;82,3;2;8;8;8;5;5;4;3;Passable;Biologie;Général
COH2026-3583;19;80,0 %;96,0;4;9;9;6;5;5;4;5;Assez bien;STAPS;Général
COH2026-3584;21;90,5 %;8,1;8;12;9;0;7;3;4;3;Bien;Droit;Général
COH2026-3585;22;70,4 %;49,4;3;13;11;4;6;3;4;4;Très bien;Mathématiques;Technologique
COH2026-3586;19;68,5 %;10,1;4;8;6;0;5;1;;2;Bien;Lettres;Général
COH2026-3587;20;96,4 %;59,6;1;10;8;6;6;5;4;5;Passable;Droit;Général
COH2026-3588;18;97,3 %;37,9;3;8;8;6;6;3;4;5;Passable;Lettres;Général
COH2026-3589;18;87,2 %;129,7;2;11;11;4;5;5;5;4;Assez bien;Lettres;Technologique
COH2026-3590;18;67,5 %;60,1;7;9;7;1;6;2;2;2;Assez bien;Lettres;Professionnel
COH2026-3591;18;74,4 %;21,0;6;8;6;1;6;4;;4;Assez bien;Gestion;Général
COH2026-3592;19;88,6 %;29,8;1;9;9;7;5;5;5;4;Assez bien;Mathématiques;Technologique
COH2026-3593;19;79,2 %;41,3;3;12;8;2;6;4;2;4;Bien;Gestion;Technologique
COH2026-3594;19;76,2 %;25,8;4;8;6;3;7;;3;5;;Gestion;Général
COH2026-3595;19;70,1 %;53,1;2;8;7;1;6;1;2;3;Passable;Mathématiques;Général
COH2026-3596;19;89,7 %;43,6;4;10;8;7;6;5;3;3;Passable;Psychologie;Technologique
COH2026-3597;21;80,6 %;32,7;2;12;11;6;6;3;3;3;Bien;Lettres;Technologique
COH2026-3598;19;84,9 %;61,3;4;10;9;6;6;4;4;4;Bien;Informatique;Général
COH2026-3599;23;77,8 %;36,7;4;10;8;2;6;3;3;1;Passable;Informatique;Professionnel
COH2026-3600;23;90,7 %;53,5;3;9;6;2;7;2;4;2;Passable;Droit;Professionnel
COH2026-3601;22;71,0 %;22,8;3;8;6;2;6;5;2;4;Passable;Psychologie;Général
COH2026-3602;19;83,3 %;44,4;6;13;10;2;5;2;4;1;Passable;Droit;Général
COH2026-3603;20;79,6 %;0,3;2;12;10;5;6;2;5;2;Assez bien;Informatique;Technologique
COH2026-3604;18;80,6 %;18,8;7;13;10;0;7;1;4;2;Bien;Psychologie;Technologique
COH2026-3605;19;75,7 %;33,3;3;8;6;1;7;4;;2;Assez bien;Psychologie;Général
COH2026-3606;17;96,4 %;88,6;0;13;13;6;7;4;5;5;Bien;Mathématiques;Général
COH2026-3607;23;74,3 %;40,6;6;13;9;3;6;3;;3;Bien;STAPS;Technologique
COH2026-3608;20;59,4 %;17,7;7;9;7;2;6;1;2;2;Passable;Gestion;Général
COH2026-3609;22;90,6 %;42,3;4;11;9;9;5;5;5;3;Très bien;Droit;Général
COH2026-3610;20;79,9 %;28,5;4;8;7;0;5;3;;3;Passable;Psychologie;Général
COH2026-3611;23;56,0 %;17,3;5;11;6;0;6;3;4;;Assez bien;Lettres;Professionnel
COH2026-3612;17;57,6 %;6,4;5;12;7;0;7;1;3;2;Bien;STAPS;Technologique
COH2026-3613;21;96,7 %;49,1;1;13;13;13;6;5;5;5;Bien;Informatique;Professionnel
COH2026-3614;22;80,2 %;69,8;6;13;11;4;5;4;3;;Passable;Droit;Technologique
COH2026-3615;17;69,3 %;20,7;7;10;7;0;6;2;1;3;Passable;STAPS;Général
COH2026-3616;22;85,4 %;39,2;10;11;11;5;6;;3;;Assez bien;Droit;Technologique
COH2026-3617;18;77,9 %;32,7;2;8;8;7;6;5;3;3;Très bien;Mathématiques;Technologique
COH2026-3618;21;72,3 %;54,5;4;9;7;4;6;2;3;3;Assez bien;Biologie;Professionnel
COH2026-3619;19;80,0 %;43,8;1;9;8;3;7;4;4;5;Bien;Informatique;Technologique
COH2026-3620;19;83,9 %;44,7;6;10;7;1;6;3;;2;Passable;Gestion;Général
COH2026-3621;19;98,7 %;70,1;4;8;6;3;6;3;4;2;Bien;Psychologie;Général
COH2026-3622;20;71,3 %;19,1;4;8;5;1;6;3;5;3;Assez bien;Informatique;Général
COH2026-3623;19;67,3 %;25,8;3;11;6;1;5;2;1;1;Passable;Droit;Général
COH2026-3624;20;70,2 %;4,4;2;12;10;1;6;3;2;2;Passable;STAPS;Technologique
COH2026-3625;20;83,7 %;53,6;5;11;10;6;6;2;3;3;Assez bien;Informatique;Général
COH2026-3626;20;59,4 %;6,8;5;10;5;0;6;1;2;2;Assez bien;Droit;Professionnel
COH2026-3627;21;71,3 %;23,9;3;10;6;0;7;4;5;5;Passable;Informatique;Général
COH2026-3628;18;75,2 %;20,9;4;8;4;2;6;3;2;2;Assez bien;Informatique;Technologique
COH2026-3629;18;52,2 %;18,7;5;11;7;0;6;2;3;1;Bien;Mathématiques;Général
COH2026-3630;17;95,4 %;37,8;3;10;10;3;6;5;5;5;Passable;Gestion;Technologique
COH2026-3631;20;74,2 %;61,8;5;9;6;2;6;3;4;2;Passable;Psychologie;Général
COH2026-3632;18;90,7 %;48,5;5;13;8;3;7;3;4;2;Passable;Droit;Général
COH2026-3633;24;98,7 %;34,5;1;13;12;4;6;4;5;5;Assez bien;Lettres;Général
COH2026-3634;21;73,6 %;32,0;2;13;11;6;6;4;4;;Assez bien;Gestion;Technologique
COH2026-3635;17;78,1 %;53,8;2;8;8;6;7;5;3;;Bien;Biologie;Général
COH2026-3636;20;88,6 %;29,8;2;12;11;4;5;;2;5;Passable;Mathématiques;Technologique
COH2026-3637;21;58,4 %;6,8;4;12;7;0;7;2;2;1;;STAPS;Général
COH2026-3638;21;73,5 %;36,1;6;9;6;1;7;3;2;1;Passable;Lettres;Technologique
COH2026-3639;22;73,5 %;23,7;1;8;5;3;7;2;4;3;Passable;Informatique;Général
COH2026-3640;23;62,5 %;36,1;6;9;7;3;6;5;4;3;Passable;Informatique;Général
COH2026-3641;23;85,3 %;55,0;6;13;10;0;5;1;3;3;Passable;Droit;Général
COH2026-3642;21;79,2 %;23,1;4;10;6;1;6;2;3;2;Bien;Gestion;Technologique
COH2026-3643;24;82,3 %;63,6;4;13;9;1;6;3;2;2;Bien;Mathématiques;Général
COH2026-3644;22;71,9 %;4,1;5;12;9;1;6;2;2;3;Passable;Biologie;Général
COH2026-3645;21;68,1 %;12,6;5;9;7;1;6;1;1;3;Bien;Psychologie;Général
COH2026-3646;22;85,2 %;45,0;3;13;11;7;5;2;3;3;Assez bien;Gestion;Technologique
COH2026-3647;21;59,2 %;5,2;6;10;6;0;6;2;2;3;Passable;Informatique;Général
COH2026-3648;20;59,4 %;6,8;5;10;5;0;6;1;2;2;Assez bien;Droit;Professionnel
COH2026-3649;17;69,6 %;25,6;4;8;6;1;7;4;3;;Passable;Mathématiques;Technologique
COH2026-3650;17;70,6 %;8,6;3;8;6;5;5;5;;2;Bien;Gestion;Général
COH2026-3651;18;75,7 %;28,6;5;9;6;0;7;3;4;2;Passable;Informatique;Professionnel
COH2026-3652;21;79,8 %;55,1;5;13;12;3;5;4;3;3;Assez bien;Mathématiques;Général
COH2026-3653;18;64,4 %;29,8;7;11;8;2;6;4;4;1;Bien;Lettres;Général
COH2026-3654;22;89,5 %;71,1;3;12;12;6;6;4;3;4;Assez bien;STAPS;Général
COH2026-3655;19;74,4 %;41,4;4;11;10;2;7;5;;2;Assez bien;Biologie;Général
COH2026-3656;17;91,5 %;81,1;3;11;8;8;6;4;4;3;Très bien;Gestion;Général
COH2026-3657;23;79,6 %;53,4;2;8;6;3;6;2;4;2;Passable;Biologie;Général
COH2026-3658;18;79,2 %;34,5;1;8;7;3;7;3;4;2;Passable;Mathématiques;Professionnel
COH2026-3659;19;69,4 %;42,1;6;8;6;2;6;3;2;;Bien;Lettres;Professionnel
COH2026-3660;22;82,8 %;52,7;4;10;8;2;5;4;4;1;Assez bien;Mathématiques;Professionnel
COH2026-3661;23;82,0 %;88,1;5;13;13;3;7;3;4;3;Assez bien;Droit;Technologique
COH2026-3662;17;59,0 %;13,2;6;12;10;0;7;3;1;2;Assez bien;Gestion;Général
COH2026-3663;21;89,8 %;72,9;0;12;11;8;6;4;;2;Assez bien;Informatique;Général
COH2026-3664;17;79,1 %;106,5;1;9;8;3;6;3;4;;Passable;Informatique;Général
COH2026-3665;21;94,3 %;71,0;1;13;12;10;5;4;4;4;Assez bien;Informatique;Général
COH2026-3666;18;92,7 %;59,8;3;8;7;7;7;5;3;3;Passable;Lettres;Technologique
COH2026-3667;20;51,6 %;9,1;6;9;6;0;7;2;;2;Très bien;Mathématiques;Professionnel
COH2026-3668;19;93,8 %;45,1;3;9;7;3;6;4;5;3;Assez bien;Psychologie;Professionnel
COH2026-3669;19;91,6 %;59,5;4;11;11;7;6;5;4;4;Assez bien;STAPS;Général
COH2026-3670;18;82,8 %;66,1;4;9;7;6;5;3;4;3;Passable;Psychologie;Technologique
COH2026-3671;19;47,8 %;0,3;5;11;5;0;6;1;1;1;Assez bien;Biologie;Technologique
COH2026-3672;19;84,8 %;46,5;4;10;8;1;5;4;5;3;Passable;Mathématiques;Professionnel
COH2026-3673;21;78,0 %;50,6;3;10;8;1;6;3;1;3;Assez bien;Psychologie;Général
COH2026-3674;20;60,9 %;19,1;5;10;7;0;6;1;2;1;Bien;Gestion;Général
COH2026-3675;19;62,4 %;69,0;4;12;10;2;6;1;3;3;Assez bien;Gestion;Général
COH2026-3676;20;77,5 %;19,4;3;8;7;3;5;3;4;1;Passable;Informatique;Général
COH2026-3677;19;66,7 %;3,7;3;12;8;1;6;3;;1;Bien;Biologie;Technologique
COH2026-3678;18;64,4 %;22,1;5;9;5;0;5;2;3;1;Très bien;Informatique;Général
COH2026-3679;21;91,0 %;41,7;4;13;13;4;7;2;;4;Assez bien;Biologie;Général
COH2026-3680;18;63,7 %;32,7;8;11;9;3;7;4;3;3;Bien;Lettres;Général
COH2026-3681;21;87,3 %;43,1;1;9;5;7;5;1;1;2;Bien;Biologie;Technologique
COH2026-3682;26;71,2 %;54,6;9;12;9;4;5;;4;4;Passable;Gestion;Général
COH2026-3683;19;52,8 %;0,0;6;13;6;0;6;3;1;1;Assez bien;Gestion;Technologique
COH2026-3684;20;85,9 %;27,0;3;13;9;5;6;1;2;3;Assez bien;Gestion;Professionnel
COH2026-3685;22;39,5 %;4,2;0;9;0;0;5;1;2;2;Bien;Biologie;Général
COH2026-3686;20;98,3 %;63,3;0;13;13;10;5;5;3;3;Passable;Informatique;Technologique
COH2026-3687;20;79,3 %;67,2;9;13;10;1;5;3;2;1;Assez bien;Informatique;Technologique
COH2026-3688;18;76,0 %;59,2;3;13;11;3;5;5;3;2;Passable;Biologie;Général
COH2026-3689;19;77,0 %;61,0;2;11;7;6;6;4;2;3;Passable;Gestion;Professionnel
COH2026-3690;26;62,1 %;4,8;7;10;7;0;5;3;2;3;Passable;Mathématiques;Général
COH2026-3691;19;67,9 %;36,9;7;13;13;1;7;3;3;1;Passable;Psychologie;Général
COH2026-3692;21;78,9 %;59,4;5;8;7;4;6;4;3;3;Passable;Psychologie;Général
COH2026-3693;21;81,4 %;29,8;5;13;11;1;6;2;2;;Passable;Informatique;Général
COH2026-3694;22;89,5 %;71,1;3;12;12;6;6;4;3;4;Assez bien;STAPS;Général
COH2026-3695;17;69,6 %;8,1;6;12;11;2;5;3;3;3;Bien;Mathématiques;Général
COH2026-3696;18;69,6 %;47,5;2;13;11;1;5;3;3;3;Assez bien;Gestion;Général
COH2026-3697;22;75,2 %;28,2;3;12;9;2;5;3;3;4;Bien;Droit;Technologique
COH2026-3698;18;79,2 %;82,6;4;9;8;5;5;5;5;2;Très bien;Mathématiques;Technologique
COH2026-3699;18;54,8 %;34,2;5;11;7;0;7;4;1;2;Bien;Mathématiques;Technologique
COH2026-3700;19;98,6 %;40,8;5;10;8;0;5;3;3;2;Passable;Droit;Général
COH2026-3701;18;87,0 %;36,9;7;13;11;3;7;4;4;2;;Lettres;Général
COH2026-3702;19;67,7 %;59,7;6;8;6;5;6;5;5;4;Très bien;Biologie;Général
COH2026-3703;18;89,2 %;40,4;5;12;11;2;6;3;3;4;Assez bien;Psychologie;Professionnel
COH2026-3704;20;86,7 %;31,2;4;8;6;5;6;;4;4;;Mathématiques;Professionnel
COH2026-3705;17;84,6 %;62,8;5;12;10;4;6;5;2;4;Passable;Biologie;Général
COH2026-3706;19;99,7 %;54,9;0;10;9;5;5;3;5;2;Passable;Psychologie;Professionnel
COH2026-3707;21;70,8 %;9,6;6;10;8;3;5;;3;4;Passable;Gestion;Général
COH2026-3708;17;60,3 %;6,9;6;11;7;0;6;1;4;1;Assez bien;Mathématiques;Général
COH2026-3709;19;89,4 %;29,8;4;8;8;5;7;4;3;3;Bien;Gestion;Général
COH2026-3710;18;63,3 %;22,7;5;10;8;3;7;2;4;2;Assez bien;Gestion;Professionnel
COH2026-3711;19;81,2 %;49,7;2;13;13;6;6;5;3;3;Bien;Informatique;Général
COH2026-3712;19;70,3 %;13,9;3;11;7;1;7;2;2;5;Assez bien;Droit;Technologique
COH2026-3713;24;71,0 %;65,8;5;13;10;3;6;2;4;2;;Mathématiques;Général
COH2026-3714;23;66,8 %;20,6;6;13;9;3;5;4;3;2;Bien;Psychologie;Général
COH2026-3715;19;87,2 %;65,9;1;12;11;3;5;5;4;3;Très bien;Mathématiques;Général
COH2026-3716;18;68,7 %;34,5;6;9;6;4;6;2;3;2;Bien;Informatique;Technologique
COH2026-3717;22;90,3 %;71,3;2;12;12;10;6;5;5;5;Passable;Biologie;Général
COH2026-3718;18;75,5 %;56,9;7;8;8;2;7;4;2;2;Bien;Lettres;Technologique
COH2026-3719;19;67,7 %;59,7;6;8;6;5;6;5;5;4;Très bien;Biologie;Général
COH2026-3720;19;48,4 %;0,0;6;10;6;0;6;2;1;1;Bien;STAPS;Technologique
COH2026-3721;19;86,3 %;38,8;4;8;8;4;5;3;5;;Assez bien;Informatique;Général
COH2026-3722;20;74,8 %;50,7;5;10;6;0;6;4;3;2;Bien;Informatique;Général
COH2026-3723;19;75,4 %;24,0;3;12;7;3;5;4;3;4;Assez bien;Informatique;Général
COH2026-3724;22;92,4 %;76,5;6;9;7;3;5;4;4;3;Passable;Droit;Technologique
COH2026-3725;19;91,2 %;30,5;4;11;9;2;6;2;4;4;Passable;Mathématiques;Technologique
COH2026-3726;19;54,3 %;28,2;6;12;6;0;6;1;1;2;Assez bien;Droit;Technologique
COH2026-3727;20;83,0 %;12,0;3;10;8;3;7;3;5;2;;STAPS;Technologique
COH2026-3728;18;90,2 %;54,1;3;9;9;5;6;2;;4;Assez bien;STAPS;Général
COH2026-3729;20;86,9 %;78,1;0;13;12;3;5;4;5;5;Passable;STAPS;Technologique
COH2026-3730;19;88,2 %;73,5;0;13;10;3;7;4;1;3;Passable;Droit;Général
COH2026-3731;18;73,1 %;52,2;5;8;5;1;7;2;3;;Passable;STAPS;Technologique
COH2026-3732;22;61,5 %;9,5;6;9;6;1;6;1;5;1;Bien;Droit;Général
COH2026-3733;20;97,9 %;138,7;2;10;10;5;7;5;5;5;Bien;Gestion;Général
COH2026-3734;19;86,3 %;38,8;4;8;8;4;5;3;5;;Assez bien;Informatique;Général
COH2026-3735;24;91,8 %;69,4;8;13;12;1;6;2;3;3;;Biologie;Général
COH2026-3736;20;83,2 %;33,2;4;9;8;3;6;3;2;2;Assez bien;Informatique;Général
COH2026-3737;18;81,8 %;42,5;3;12;8;4;6;3;4;3;Bien;Lettres;Général
COH2026-3738;20;68,2 %;43,1;7;10;9;3;6;5;1;4;Assez bien;Informatique;Général
COH2026-3739;23;87,7 %;64,2;1;11;11;4;5;4;;5;Bien;Lettres;Général
COH2026-3740;19;84,6 %;57,8;2;10;10;4;6;4;;;Bien;STAPS;Professionnel
COH2026-3741;19;70,0 %;28,9;6;10;8;0;6;3;2;2;Bien;STAPS;Technologique
COH2026-3742;20;65,2 %;29,6;5;8;6;0;6;1;2;2;Bien;Mathématiques;Technologique
COH2026-3743;20;76,4 %;23,6;7;10;9;4;7;2;;2;;Informatique;Général
COH2026-3744;21;61,9 %;76,1;3;10;8;4;6;4;2;2;Très bien;Biologie;Technologique
COH2026-3745;18;84,8 %;83,3;2;9;9;6;5;5;4;4;Très bien;Lettres;Général
COH2026-3746;20;91,0 %;44,2;4;8;6;9;5;4;3;3;Assez bien;Informatique;Professionnel
COH2026-3747;24;86,4 %;41,0;5;11;8;1;6;3;3;2;Passable;Psychologie;Technologique
COH2026-3748;22;81,9 %;37,5;2;13;12;4;6;5;3;3;Bien;Gestion;Général
COH2026-3749;22;97,2 %;80,4;4;13;13;7;6;3;3;3;Passable;Psychologie;Général
COH2026-3750;17;95,6 %;59,4;3;10;10;6;6;4;2;5;Passable;Gestion;Général
COH2026-3751;18;89,9 %;91,5;2;10;9;6;7;5;4;2;Bien;Lettres;Technologique
COH2026-3752;18;83,4 %;74,1;6;10;8;2;5;3;3;2;Passable;Informatique;Général
COH2026-3753;21;61,6 %;7,9;5;13;10;1;7;2;;4;Bien;Psychologie;Général
COH2026-3754;22;99,6 %;102,2;0;13;13;9;6;5;5;3;Passable;Mathématiques;Technologique
COH2026-3755;19;76,5 %;21,2;7;8;7;4;6;2;3;4;Assez bien;Gestion;Technologique
COH2026-3756;21;79,4 %;49,8;3;11;8;3;5;3;2;4;Passable;Informatique;Professionnel
COH2026-3757;18;84,2 %;112,9;5;10;10;9;6;3;5;3;Bien;Droit;Technologique
COH2026-3758;17;68,0 %;15,0;6;11;6;0;5;2;5;1;Assez bien;STAPS;Général
COH2026-3759;22;70,6 %;52,0;0;11;10;8;6;3;5;3;Passable;Informatique;Général
COH2026-3760;19;66,7 %;45,2;6;12;11;5;5;3;2;1;Assez bien;Lettres;Général
COH2026-3761;18;70,4 %;80,6;4;10;10;8;6;3;;;Assez bien;Biologie;Technologique
COH2026-3762;21;98,3 %;68,5;2;11;11;9;6;3;;3;Assez bien;Gestion;Général
COH2026-3763;21;68,2 %;66,2;1;9;8;5;6;4;3;4;Passable;STAPS;Général
COH2026-3764;19;50,7 %;1,0;5;8;5;0;7;2;3;1;Bien;Psychologie;Technologique
COH2026-3765;22;66,0 %;15,9;4;10;6;0;6;1;3;3;;Gestion;Général
COH2026-3766;19;65,5 %;11,0;7;12;7;0;7;2;2;2;Passable;Biologie;Professionnel
COH2026-3767;19;72,7 %;65,8;0;8;7;7;5;4;4;4;Passable;Informatique;Général
COH2026-3768;19;80,0 %;43,8;1;9;8;3;7;4;4;5;Bien;Informatique;Technologique
COH2026-3769;20;61,8 %;17,5;7;11;9;0;6;3;2;1;Passable;Biologie;Technologique
COH2026-3770;21;84,4 %;68,7;8;9;8;6;5;3;2;4;Passable;Psychologie;Général
COH2026-3771;21;79,7 %;46,1;2;10;5;1;6;3;4;2;Bien;Gestion;Technologique
COH2026-3772;21;99,7 %;63,9;1;9;7;6;6;4;2;5;Passable;Gestion;Général
COH2026-3773;17;79,3 %;60,0;3;13;10;2;6;4;4;2;Bien;Biologie;Général
COH2026-3774;19;92,6 %;71,1;5;9;8;3;5;4;3;2;Bien;Informatique;Général
COH2026-3775;23;65,2 %;16,2;4;13;9;0;6;4;;2;Bien;Biologie;Général
COH2026-3776;18;92,7 %;59,8;3;8;7;7;7;5;3;3;Passable;Lettres;Technologique
COH2026-3777;18;70,0 %;56,3;5;8;7;4;7;2;3;3;Assez bien;Psychologie;Général
COH2026-3778;19;84,5 %;44,3;2;8;7;3;7;5;3;;Assez bien;Informatique;Général
COH2026-3779;20;76,8 %;48,0;6;9;9;2;5;4;;4;Passable;STAPS;Général
COH2026-3780;21;62,2 %;54,7;5;8;6;1;6;1;4;;Assez bien;Lettres;Général
COH2026-3781;20;53,5 %;0,0;4;9;4;0;6;1;2;1;Passable;Biologie;Technologique
COH2026-3782;21;79,7 %;46,1;2;10;5;1;6;3;4;2;Bien;Gestion;Technologique
COH2026-3783;20;85,3 %;42,0;6;13;8;4;7;4;5;;Passable;Gestion;Général
COH2026-3784;23;56,9 %;5,3;3;9;3;0;6;3;2;1;Très bien;Droit;Général
COH2026-3785;24;73,1 %;53,5;2;9;7;3;5;3;4;5;Assez bien;Informatique;Professionnel
COH2026-3786;20;63,2 %;22,7;7;13;8;0;6;1;2;1;Bien;STAPS;Général
COH2026-3787;18;90,5 %;25,8;1;9;8;5;6;3;5;3;Bien;Mathématiques;Professionnel
COH2026-3788;19;80,6 %;48,6;2;11;10;2;6;3;3;4;;Mathématiques;Technologique
COH2026-3789;19;71,2 %;77,3;4;9;7;4;6;4;2;1;Passable;Psychologie;Technologique
COH2026-3790;19;63,4 %;48,4;6;9;7;4;5;2;3;;Bien;Biologie;Général
COH2026-3791;18;76,2 %;17,3;4;13;12;3;6;4;4;2;Assez bien;Lettres;Général
COH2026-3792;21;86,9 %;52,7;1;11;10;3;5;5;3;3;Passable;Droit;Technologique
COH2026-3793;17;87,2 %;44,0;4;9;8;2;6;3;3;;Passable;Lettres;Technologique
COH2026-3794;20;98,8 %;2,1;4;10;9;4;7;3;4;4;Passable;Gestion;Technologique
COH2026-3795;17;75,7 %;37,6;2;9;7;1;6;3;4;3;Passable;Informatique;Général
COH2026-3796;18;82,7 %;33,0;1;12;9;2;7;4;3;1;Assez bien;STAPS;Général
COH2026-3797;19;66,2 %;41,0;1;10;8;3;7;5;4;2;Assez bien;Informatique;Général
COH2026-3798;21;82,0 %;111,4;4;9;8;10;6;4;2;5;Assez bien;Informatique;Technologique
COH2026-3799;19;80,0 %;43,8;1;9;8;3;7;4;4;5;Bien;Informatique;Technologique
COH2026-3800;18;98,6 %;71,4;2;10;10;7;6;5;4;3;Passable;Informatique;Général
COH2026-3801;20;59,9 %;8,6;6;8;6;0;6;2;4;3;Passable;Lettres;Technologique
COH2026-3802;18;92,2 %;44,1;1;10;10;3;6;4;2;2;Assez bien;STAPS;Professionnel
COH2026-3803;20;55,6 %;29,5;5;8;5;0;6;3;2;2;Passable;Psychologie;Général
COH2026-3804;17;87,4 %;65,5;1;9;9;5;5;5;3;4;Passable;Gestion;Général
COH2026-3805;19;67,7 %;8,8;7;10;8;1;5;3;2;2;Bien;Psychologie;Technologique
COH2026-3806;22;85,1 %;57,7;2;8;7;5;7;4;4;5;Bien;Lettres;Général
COH2026-3807;18;77,3 %;54,2;4;9;7;3;5;5;4;1;Très bien;Informatique;Technologique
COH2026-3808;21;67,4 %;7,0;5;9;7;1;6;4;3;1;Bien;Psychologie;Général
COH2026-3809;22;58,5 %;12,6;7;10;7;0;6;2;2;2;Bien;Mathématiques;Technologique
COH2026-3810;18;77,5 %;36,1;3;13;12;5;5;4;4;2;Passable;Gestion;Général
COH2026-3811;17;97,1 %;93,5;1;10;10;9;5;5;3;;Bien;STAPS;Technologique
COH2026-3812;21;63,4 %;68,2;4;8;7;4;6;4;1;3;;Psychologie;Technologique
COH2026-3813;26;77,9 %;29,5;9;11;9;1;6;3;3;2;Passable;Lettres;Technologique
COH2026-3814;22;66,4 %;57,2;7;13;11;3;7;3;3;4;Assez bien;Gestion;Technologique
COH2026-3815;20;83,3 %;55,5;1;9;8;5;6;5;3;4;Assez bien;Lettres;Général
COH2026-3816;22;81,9 %;37,5;2;13;12;4;6;5;3;3;Bien;Gestion;Général
COH2026-3817;20;96,1 %;31,9;3;11;9;8;7;5;5;5;Assez bien;Biologie;Général
COH2026-3818;21;74,2 %;55,5;2;10;8;0;6;;4;5;Bien;Biologie;Général
COH2026-3819;18;80,9 %;15,6;4;8;7;0;6;2;3;2;Passable;Informatique;Technologique
COH2026-3820;18;70,0 %;30,5;1;10;9;2;5;4;2;4;Bien;Biologie;Général
COH2026-3821;20;69,9 %;50,2;7;10;7;3;6;2;4;1;Très bien;Psychologie;Général
COH2026-3822;21;66,4 %;31,4;6;12;7;1;5;4;3;2;Passable;STAPS;Général
COH2026-3823;22;68,9 %;56,8;5;10;5;0;5;3;3;2;Bien;STAPS;Général
COH2026-3824;23;76,6 %;34,7;1;10;9;4;6;3;4;3;Bien;Mathématiques;Général
COH2026-3825;18;64,2 %;18,2;6;8;8;2;7;4;4;2;Passable;Informatique;Technologique
COH2026-3826;18;80,3 %;69,6;1;11;11;3;6;2;4;;Passable;Gestion;Technologique
COH2026-3827;17;99,2 %;60,8;2;11;10;6;7;5;5;5;Passable;Gestion;Technologique
COH2026-3828;18;75,5 %;56,9;7;8;8;2;7;4;2;2;Bien;Lettres;Technologique
COH2026-3829;23;96,1 %;50,1;3;11;11;2;6;5;3;4;Bien;Informatique;Technologique
COH2026-3830;18;57,5 %;38,4;6;9;8;4;7;5;4;3;Assez bien;Psychologie;Général
COH2026-3831;20;83,3 %;22,2;2;8;7;1;7;3;3;2;Assez bien;Droit;Général
COH2026-3832;20;60,3 %;11,5;7;9;7;0;5;4;4;2;Passable;Informatique;Général
COH2026-3833;20;80,9 %;66,7;7;8;7;2;7;3;4;4;Bien;Mathématiques;Technologique
COH2026-3834;18;80,8 %;56,7;5;9;7;0;6;5;4;4;Bien;Droit;Technologique
COH2026-3835;19;78,9 %;44,7;4;12;9;2;6;4;3;2;Assez bien;Informatique;Général
COH2026-3836;18;78,8 %;26,0;5;13;9;5;5;1;4;4;Bien;Biologie;Technologique
COH2026-3837;21;66,1 %;7,4;4;13;11;1;7;4;;2;Passable;Droit;Technologique
COH2026-3838;20;86,9 %;41,6;3;12;12;8;5;4;4;4;Bien;Gestion;Technologique
COH2026-3839;18;78,0 %;18,2;4;13;10;4;5;;3;2;Assez bien;Gestion;Technologique
COH2026-3840;18;97,1 %;73,2;1;12;12;3;6;2;3;3;Bien;Psychologie;Professionnel
COH2026-3841;20;95,6 %;50,5;3;9;8;9;6;3;5;3;Passable;Biologie;Technologique
COH2026-3842;20;79,8 %;46,4;2;12;11;8;5;3;5;1;Assez bien;Droit;Général
COH2026-3843;18;84,1 %;50,6;7;11;7;2;6;3;;2;Assez bien;STAPS;Général
COH2026-3844;21;57,0 %;20,3;4;8;5;0;6;2;1;;Passable;STAPS;Technologique
COH2026-3845;20;79,6 %;0,3;2;12;10;5;6;2;5;2;Assez bien;Informatique;Technologique
COH2026-3846;21;85,5 %;102,3;2;11;11;3;6;4;3;4;Passable;Mathématiques;Général
COH2026-3847;20;50,9 %;6,0;7;13;8;1;6;1;4;2;Bien;Gestion;Général
COH2026-3848;18;84,9 %;33,2;6;12;8;1;6;4;4;3;Assez bien;Biologie;Général
COH2026-3849;20;99,5 %;32,5;3;13;9;3;5;5;5;3;Passable;Droit;Général
COH2026-3850;19;80,7 %;57,1;3;9;7;3;5;3;1;2;Bien;STAPS;Général
COH2026-3851;20;81,8 %;57,9;1;11;11;4;6;3;4;3;Passable;Mathématiques;Technologique
COH2026-3852;19;88,1 %;33,4;5;13;10;3;5;4;4;5;Bien;Biologie;Technologique
COH2026-3853;20;90,8 %;38,5;1;8;8;6;7;4;4;1;Assez bien;Droit;Général
COH2026-3854;19;73,9 %;25,6;1;11;9;1;6;3;5;3;Assez bien;Biologie;Général
COH2026-3855;18;77,4 %;40,4;3;13;9;2;7;1;1;3;Assez bien;Biologie;Général
COH2026-3856;18;98,3 %;112,7;1;11;10;7;6;4;3;;Passable;Psychologie;Technologique
COH2026-3857;22;66,1 %;81,5;7;9;7;1;7;2;2;2;Assez bien;Lettres;Technologique
COH2026-3858;18;90,2 %;54,1;3;9;9;5;6;2;;4;Assez bien;STAPS;Général
COH2026-3859;22;73,5 %;23,7;1;8;5;3;7;2;4;3;Passable;Informatique;Général
COH2026-3860;21;87,0 %;13,0;4;11;9;1;5;3;3;2;Passable;Psychologie;Général
COH2026-3861;18;96,8 %;106,7;0;9;9;7;6;5;5;4;Assez bien;Informatique;Professionnel
COH2026-3862;19;70,1 %;58,0;3;9;7;3;5;3;3;2;Passable;Droit;Technologique
COH2026-3863;18;62,0 %;33,0;2;8;5;5;6;3;3;1;Assez bien;Informatique;Général
COH2026-3864;18;91,5 %;58,4;5;13;12;10;5;5;4;3;Assez bien;Informatique;Général
COH2026-3865;21;80,4 %;32,9;5;9;9;3;6;5;4;3;Très bien;Mathématiques;Général
COH2026-3866;23;84,1 %;45,6;2;13;11;2;5;3;;5;Passable;Droit;Général
COH2026-3867;19;63,1 %;28,5;5;12;10;1;5;3;1;1;Assez bien;Biologie;Général
COH2026-3868;20;84,0 %;101,9;0;8;8;7;7;4;4;3;Passable;Gestion;Général
COH2026-3869;17;74,0 %;44,5;7;8;7;2;7;2;2;;Bien;Droit;Général
COH2026-3870;20;92,5 %;57,0;2;12;11;3;7;5;2;3;Passable;Informatique;Technologique
COH2026-3871;19;71,7 %;0,8;2;11;9;2;5;3;2;;Assez bien;Mathématiques;Technologique
COH2026-3872;19;63,3 %;2,4;9;13;9;0;5;1;2;3;Assez bien;Droit;Général
COH2026-3873;18;78,2 %;21,5;3;10;9;0;6;5;2;1;Très bien;Psychologie;Général
COH2026-3874;19;76,2 %;37,9;7;12;8;1;6;3;3;3;Très bien;Psychologie;Général
COH2026-3875;21;63,9 %;36,4;5;11;7;1;7;2;2;4;Passable;Informatique;Général
COH2026-3876;21;88,5 %;38,9;5;13;13;4;7;4;5;4;Assez bien;Droit;Général
COH2026-3877;21;62,3 %;31,7;3;10;7;3;5;3;3;2;Bien;Mathématiques;Professionnel
COH2026-3878;19;87,8 %;66,5;0;8;8;7;5;5;5;3;Très bien;Mathématiques;Technologique
COH2026-3879;19;70,4 %;29,7;4;11;10;1;7;5;3;3;Assez bien;Informatique;Général
COH2026-3880;19;65,6 %;32,7;1;11;11;6;6;4;3;4;Passable;Gestion;Général
COH2026-3881;19;79,5 %;52,9;2;9;9;5;6;3;2;3;Bien;Mathématiques;Général
COH2026-3882;19;87,5 %;29,1;7;8;7;5;6;4;2;1;Très bien;Droit;Technologique
COH2026-3883;21;71,7 %;10,6;3;11;9;1;6;3;3;3;;Biologie;Technologique
COH2026-3884;19;83,9 %;44,7;6;10;7;1;6;3;;2;Passable;Gestion;Général
COH2026-3885;22;97,0 %;87,7;6;10;8;5;6;5;4;3;Passable;Informatique;Général
COH2026-3886;18;81,8 %;32,1;1;12;9;5;6;4;3;4;Bien;Droit;Général
COH2026-3887;19;92,6 %;40,1;0;8;8;7;5;;4;3;Bien;Droit;Général
COH2026-3888;17;65,4 %;73,5;3;8;7;5;5;1;4;3;Passable;Droit;Général
COH2026-3889;19;50,2 %;39,3;5;8;5;1;7;1;3;3;Très bien;Biologie;Général
COH2026-3890;19;97,3 %;88,0;3;13;12;4;5;5;5;5;Assez bien;Biologie;Technologique
COH2026-3891;19;75,1 %;59,4;2;10;8;2;6;5;3;2;Très bien;STAPS;Technologique
COH2026-3892;20;95,7 %;47,3;0;8;7;6;6;5;5;3;Assez bien;STAPS;Technologique
COH2026-3893;20;75,1 %;34,4;7;9;7;1;6;3;1;2;Assez bien;Gestion;Général
COH2026-3894;19;71,5 %;4,4;7;13;7;1;6;2;3;2;Assez bien;Biologie;Professionnel
COH2026-3895;23;88,5 %;66,2;1;11;10;6;5;5;4;5;Bien;Droit;Général
COH2026-3896;20;70,3 %;21,2;8;10;8;3;5;4;3;3;Assez bien;Informatique;Général
COH2026-3897;17;97,4 %;81,6;0;12;12;11;7;5;5;5;;Biologie;Technologique
COH2026-3898;18;79,2 %;34,5;1;8;7;3;7;3;4;2;Passable;Mathématiques;Professionnel
COH2026-3899;20;46,5 %;0,0;4;8;4;0;5;2;2;1;Passable;Droit;Professionnel
COH2026-3900;18;47,8 %;0,0;0;10;5;0;7;2;1;3;Passable;Mathématiques;Technologique
COH2026-3901;23;94,9 %;53,2;1;12;11;6;6;4;5;5;Passable;Droit;Professionnel
COH2026-3902;20;75,1 %;31,0;4;10;9;3;6;5;4;4;Très bien;Psychologie;Général
COH2026-3903;21;70,1 %;28,4;5;8;6;2;5;2;3;4;Très bien;STAPS;Général
COH2026-3904;21;62,4 %;47,0;1;11;7;1;6;3;3;1;;Biologie;Général
COH2026-3905;18;77,4 %;40,4;3;13;9;2;7;1;1;3;Assez bien;Biologie;Général
COH2026-3906;22;61,6 %;9,9;6;9;7;1;7;2;2;1;;Informatique;Technologique
COH2026-3907;17;78,5 %;17,4;4;10;8;5;6;1;5;3;;Mathématiques;Professionnel
COH2026-3908;17;59,0 %;3,8;8;13;10;0;5;2;2;2;Passable;Droit;Général
COH2026-3909;21;63,9 %;36,6;4;10;4;0;5;;4;2;Passable;Gestion;Général
COH2026-3910;20;75,3 %;38,3;1;12;10;4;6;4;;3;Bien;Informatique;Général
COH2026-3911;18;57,7 %;19,8;5;9;5;0;5;2;4;3;;Lettres;Général
COH2026-3912;18;70,4 %;42,9;6;11;9;1;6;2;;4;Passable;Gestion;Général
COH2026-3913;24;85,6 %;28,7;2;12;9;3;6;;5;2;Passable;STAPS;Général
COH2026-3914;21;72,2 %;17,8;2;9;9;2;7;4;3;4;Passable;Mathématiques;Technologique
COH2026-3915;21;78,7 %;55,8;6;8;7;6;6;4;3;4;Bien;Droit;Général
COH2026-3916;17;77,4 %;4,6;9;13;9;0;6;2;3;2;Bien;Mathématiques;Général
COH2026-3917;18;72,7 %;53,4;3;10;8;2;6;3;3;2;Très bien;Informatique;Professionnel
COH2026-3918;17;96,1 %;46,1;4;12;11;3;6;3;;5;;Lettres;Général
COH2026-3919;18;87,7 %;55,0;5;9;8;3;6;3;5;2;Passable;Biologie;Général
COH2026-3920;19;99,3 %;67,6;0;13;13;8;6;5;;5;Passable;Droit;Général
COH2026-3921;20;71,8 %;58,2;2;12;11;8;7;5;2;4;Bien;Psychologie;Général
COH2026-3922;21;81,4 %;29,8;5;13;11;1;6;2;2;;Passable;Informatique;Général
COH2026-3923;18;93,0 %;67,1;1;13;10;4;7;4;5;3;Assez bien;Psychologie;Général
COH2026-3924;18;85,9 %;57,5;5;9;9;5;6;4;4;4;Très bien;Informatique;Général
COH2026-3925;21;61,7 %;3,3;3;11;7;0;7;1;3;;Passable;Gestion;Général
COH2026-3926;19;76,4 %;51,5;4;9;6;1;6;5;2;;Passable;STAPS;Professionnel
COH2026-3927;20;62,7 %;30,3;3;11;9;1;5;1;2;3;Passable;Biologie;Général
COH2026-3928;21;93,6 %;62,3;2;12;10;7;7;4;4;1;Très bien;Lettres;Général
COH2026-3929;22;67,2 %;17,8;4;10;10;3;6;4;4;4;Bien;Mathématiques;Général
COH2026-3930;19;64,7 %;56,5;3;11;9;8;6;2;3;3;Passable;Biologie;Technologique
COH2026-3931;18;90,1 %;84,8;4;10;8;6;6;5;4;4;Passable;STAPS;Technologique
COH2026-3932;20;54,0 %;12,1;6;11;8;0;6;2;4;2;Bien;Psychologie;Technologique
COH2026-3933;19;85,2 %;56,9;0;12;12;9;6;5;5;4;Assez bien;Biologie;Technologique
COH2026-3934;20;71,6 %;40,8;3;10;10;2;5;4;4;4;Bien;Biologie;Technologique
COH2026-3935;19;59,9 %;47,8;4;12;9;1;7;3;3;;Très bien;Droit;Général
COH2026-3936;23;69,3 %;34,6;9;13;11;0;5;3;3;2;Très bien;Informatique;Général
COH2026-3937;20;92,9 %;59,3;4;11;11;2;5;4;3;5;Passable;STAPS;Général
COH2026-3938;21;83,0 %;64,9;7;10;10;2;6;3;4;;Passable;Biologie;Général
COH2026-3939;21;69,4 %;34,5;3;8;8;2;7;;2;;Passable;Droit;Général
COH2026-3940;23;87,2 %;58,2;4;10;7;1;7;5;2;2;Passable;Gestion;Général
COH2026-3941;18;91,9 %;104,3;4;12;10;4;6;5;4;5;Passable;Mathématiques;Général
COH2026-3942;18;65,8 %;35,9;1;9;7;0;5;3;2;3;Passable;Biologie;Général
COH2026-3943;20;80,2 %;112,7;1;11;10;2;6;4;4;3;Très bien;Informatique;Général
COH2026-3944;20;72,7 %;62,9;7;9;8;3;7;1;3;3;Assez bien;Lettres;Professionnel
COH2026-3945;20;80,5 %;50,3;4;11;8;3;5;;3;1;Assez bien;Mathématiques;Technologique
COH2026-3946;18;72,1 %;55,2;6;9;7;1;5;3;3;2;Passable;Informatique;Technologique
COH2026-3947;18;78,8 %;59,2;4;13;12;2;6;3;2;2;Bien;Droit;Technologique
COH2026-3948;22;66,6 %;63,3;3;13;11;3;6;3;;4;Assez bien;Lettres;Professionnel
COH2026-3949;18;69,9 %;14,1;4;8;5;0;6;3;2;1;Assez bien;Biologie;Général
COH2026-3950;21;65,6 %;24,7;5;11;8;0;7;2;3;2;Passable;Psychologie;Technologique
COH2026-3951;19;87,3 %;38,3;1;11;9;3;6;4;4;5;Passable;Informatique;Technologique
COH2026-3952;18;91,9 %;51,4;0;10;8;8;5;4;;3;Passable;Gestion;Général
COH2026-3953;17;66,7 %;26,5;3;12;8;2;6;1;5;2;Passable;STAPS;Professionnel
COH2026-3954;18;75,8 %;52,2;2;12;11;0;6;4;3;3;Passable;Psychologie;Général
COH2026-3955;19;72,9 %;78,0;3;13;12;10;7;4;5;3;Assez bien;Gestion;Technologique
COH2026-3956;20;80,0 %;26,2;3;12;9;2;7;1;2;2;Passable;Informatique;Général
COH2026-3957;18;67,5 %;60,1;7;9;7;1;6;2;2;2;Assez bien;Lettres;Professionnel
COH2026-3958;20;84,2 %;61,2;1;11;11;3;5;5;3;1;Assez bien;Informatique;Général
COH2026-3959;19;89,7 %;43,6;4;10;8;7;6;5;3;3;Passable;Psychologie;Technologique
COH2026-3960;24;85,8 %;41,6;3;13;11;3;7;4;3;3;Passable;Mathématiques;Général
COH2026-3961;20;86,3 %;72,1;2;11;10;2;7;5;4;3;Assez bien;Informatique;Général
COH2026-3962;20;96,8 %;31,2;3;13;12;4;7;4;3;3;Très bien;Informatique;Général
COH2026-3963;17;59,1 %;20,7;2;8;6;1;6;1;2;2;Passable;Biologie;Général
COH2026-3964;19;87,3 %;38,3;1;11;9;3;6;4;4;5;Passable;Informatique;Technologique
COH2026-3965;20;65,2 %;36,5;9;12;9;0;6;2;5;1;Passable;Gestion;Général
COH2026-3966;18;59,6 %;13,7;7;12;8;0;6;2;2;1;Passable;Mathématiques;Technologique
COH2026-3967;18;69,4 %;38,7;4;13;10;5;7;4;;5;Assez bien;Informatique;Général
COH2026-3968;21;54,0 %;27,6;7;12;7;0;6;2;3;1;;Lettres;Général
COH2026-3969;17;80,4 %;15,7;2;12;9;3;5;3;3;4;Passable;Psychologie;Professionnel
COH2026-3970;21;64,7 %;60,3;1;12;10;5;5;3;4;1;Bien;Biologie;Général
COH2026-3971;20;78,8 %;22,8;2;10;7;3;7;3;2;3;Bien;Droit;Général
COH2026-3972;22;89,3 %;35,2;1;8;7;4;5;3;4;3;Assez bien;Gestion;Général
COH2026-3973;18;95,2 %;80,0;2;13;11;4;5;5;2;3;Assez bien;Gestion;Général
COH2026-3974;23;83,1 %;70,3;1;13;11;3;6;5;3;;Passable;Gestion;Général
COH2026-3975;20;65,8 %;28,9;2;9;5;0;6;3;4;1;Assez bien;Biologie;Général
COH2026-3976;22;82,7 %;21,2;3;8;6;3;5;3;5;3;Très bien;STAPS;Technologique
COH2026-3977;23;96,6 %;98,9;0;9;9;6;6;5;4;4;Passable;Informatique;Général
COH2026-3978;18;69,9 %;14,1;4;8;5;0;6;3;2;1;Assez bien;Biologie;Général
COH2026-3979;23;56,5 %;21,7;7;12;8;1;6;2;4;1;Passable;Gestion;Technologique
COH2026-3980;19;75,8 %;46,0;3;11;10;1;5;5;4;2;Très bien;Psychologie;Général
COH2026-3981;23;95,9 %;48,6;5;10;10;7;6;5;4;3;Assez bien;Gestion;Général
COH2026-3982;18;74,0 %;19,1;3;8;6;1;7;1;3;2;Passable;Biologie;Général
COH2026-3983;18;69,4 %;38,7;4;13;10;5;7;4;;5;Assez bien;Informatique;Général
COH2026-3984;18;98,9 %;33,8;0;9;9;6;7;4;4;4;Passable;STAPS;Technologique
COH2026-3985;18;81,5 %;25,7;7;13;8;0;5;1;2;1;Passable;Mathématiques;Général
COH2026-3986;20;81,2 %;69,1;4;11;8;5;5;3;2;5;Passable;Informatique;Technologique
COH2026-3987;21;69,2 %;44,3;5;12;10;1;6;2;3;2;Passable;Informatique;Technologique
COH2026-3988;21;61,4 %;3,9;6;10;6;0;5;3;1;1;Très bien;Psychologie;Général
COH2026-3989;26;91,9 %;80,7;0;8;8;7;5;5;4;3;Passable;Droit;Général
COH2026-3990;19;91,5 %;44,6;5;8;8;7;5;5;4;3;Passable;Mathématiques;Général
COH2026-3991;18;75,6 %;56,2;6;8;6;1;6;3;1;4;Passable;Droit;Général
COH2026-3992;18;65,9 %;13,5;4;8;4;0;6;1;2;1;Passable;Biologie;Général
COH2026-3993;21;69,6 %;103,9;2;9;9;1;5;3;5;5;Assez bien;Droit;Technologique
COH2026-3994;21;79,1 %;27,7;4;12;10;2;6;3;1;1;Assez bien;Gestion;Général
COH2026-3995;19;89,8 %;24,8;4;8;8;5;6;4;4;4;Bien;Gestion;Professionnel
COH2026-3996;19;48,3 %;51,0;5;8;5;0;6;3;3;3;Très bien;Biologie;Général
COH2026-3997;20;81,0 %;82,3;2;10;10;5;6;3;4;4;Bien;Lettres;Technologique
COH2026-3998;19;74,8 %;19,8;3;12;10;8;6;3;3;3;Assez bien;Informatique;Général
COH2026-3999;20;88,0 %;25,6;3;9;9;8;6;5;3;3;Très bien;Informatique;Général
COH2026-4000;19;66,2 %;41,0;1;10;8;3;7;5;4;2;Assez bien;Informatique;Général
COH2026-4001;20;74,4 %;53,5;2;13;10;0;5;4;4;2;Passable;Gestion;Technologique
COH2026-4002;18;66,6 %;12,2;5;8;5;2;6;1;2;3;Passable;Biologie;Général
COH2026-4003;19;71,4 %;39,6;1;13;11;2;7;3;1;3;Passable;Mathématiques;Général
COH2026-4004;19;82,5 %;38,2;3;8;7;5;5;3;4;4;Passable;Informatique;Technologique
COH2026-4005;21;90,5 %;40,9;2;10;8;9;6;3;3;4;Assez bien;Gestion;Professionnel
COH2026-4006;18;85,7 %;30,3;1;8;7;1;6;3;1;2;Bien;Biologie;Général
COH2026-4007;21;64,7 %;9,5;7;13;9;0;7;2;;2;Passable;Mathématiques;Général
COH2026-4008;20;83,6 %;78,8;2;9;9;3;6;4;3;5;Passable;Informatique;Général
COH2026-4009;20;87,0 %;23,4;7;10;8;3;6;2;5;2;Assez bien;Droit;Général
COH2026-4010;18;70,4 %;58,8;6;11;10;3;7;;3;4;Passable;Informatique;Général
COH2026-4011;19;84,3 %;60,3;7;8;7;1;5;1;4;3;Bien;Psychologie;Technologique
COH2026-4012;21;82,6 %;51,0;4;10;8;3;5;3;2;4;Passable;Droit;Général
COH2026-4013;22;67,0 %;22,9;7;11;8;0;7;2;3;;Passable;Mathématiques;Général
COH2026-4014;18;91,8 %;12,5;2;11;10;1;6;4;4;2;Bien;Mathématiques;Général
COH2026-4015;18;87,4 %;73,4;6;8;6;1;7;2;4;4;Très bien;Gestion;Technologique
COH2026-4016;18;74,6 %;47,7;5;8;7;1;5;2;3;;Passable;Lettres;Général
COH2026-4017;22;66,6 %;55,0;3;10;8;1;7;4;;3;Bien;Psychologie;Général
COH2026-4018;20;65,4 %;18,8;3;10;7;1;5;2;3;4;Très bien;Psychologie;Général
COH2026-4019;18;62,0 %;7,5;5;11;5;0;5;1;3;3;Assez bien;STAPS;Général
COH2026-4020;21;65,6 %;23,4;3;12;10;2;7;3;4;3;Passable;Gestion;Général
COH2026-4021;19;69,3 %;95,2;5;11;10;4;5;2;5;4;Assez bien;Droit;Technologique
COH2026-4022;20;57,3 %;18,9;7;11;7;0;6;1;3;3;Assez bien;Mathématiques;Général
COH2026-4023;17;99,0 %;81,6;4;9;8;5;6;4;2;4;Bien;Psychologie;Général
COH2026-4024;19;68,7 %;46,1;6;11;9;5;6;4;;4;Passable;Gestion;Général
COH2026-4025;19;51,2 %;9,7;5;9;5;0;5;1;2;3;Passable;Gestion;Général
COH2026-4026;18;70,0 %;14,4;5;13;7;0;6;2;2;3;Bien;Mathématiques;Général
COH2026-4027;22;63,4 %;23,4;6;9;7;3;6;3;2;2;Bien;Lettres;Général
COH2026-4028;18;88,8 %;74,4;4;10;10;4;5;4;2;3;Bien;Droit;Général
COH2026-4029;20;78,4 %;22,4;2;11;8;1;6;2;2;2;Passable;Biologie;Général
COH2026-4030;22;66,9 %;19,1;3;9;7;2;6;1;3;3;Assez bien;Psychologie;Technologique
COH2026-4031;18;70,7 %;0,3;9;13;10;2;6;;2;3;Passable;Lettres;Général
COH2026-4032;22;62,3 %;7,3;6;12;6;0;6;2;3;2;Bien;Gestion;Technologique
COH2026-4033;18;78,3 %;60,5;4;8;8;2;5;5;5;2;Bien;Droit;Général
COH2026-4034;21;78,0 %;50,6;3;10;8;1;6;3;1;3;Assez bien;Psychologie;Général
COH2026-4035;18;87,2 %;129,7;2;11;11;4;5;5;5;4;Assez bien;Lettres;Technologique
COH2026-4036;18;77,4 %;60,8;2;9;9;1;6;4;4;3;Très bien;Psychologie;Général
COH2026-4037;22;60,9 %;6,0;6;13;6;0;6;2;4;;Passable;Psychologie;Général
COH2026-4038;17;90,5 %;33,5;3;13;10;1;7;4;3;5;Bien;Lettres;Général
COH2026-4039;19;80,5 %;24,4;4;11;9;3;6;3;3;3;Assez bien;Biologie;Professionnel
COH2026-4040;23;78,4 %;23,8;1;12;8;3;5;3;4;4;Bien;Informatique;Général
COH2026-4041;19;90,6 %;104,0;2;11;11;8;7;5;5;3;Bien;Droit;Général
COH2026-4042;21;80,1 %;79,0;1;8;8;6;7;2;3;5;Assez bien;Gestion;Professionnel
COH2026-4043;18;78,8 %;106,9;4;8;8;5;6;3;4;3;Passable;Lettres;Général
COH2026-4044;20;75,9 %;65,6;2;10;9;0;5;3;;3;Passable;Psychologie;Technologique
COH2026-4045;20;70,6 %;30,4;7;12;10;1;5;3;3;2;Assez bien;Psychologie;Général
COH2026-4046;19;82,4 %;33,0;5;11;9;6;5;5;4;3;Passable;Lettres;Général
COH2026-4047;26;70,6 %;43,9;4;13;10;3;6;4;4;4;Assez bien;STAPS;Technologique
COH2026-4048;20;79,6 %;32,0;6;10;7;2;7;1;2;3;Passable;Lettres;Professionnel
COH2026-4049;23;79,3 %;33,4;6;8;8;8;6;4;3;5;Très bien;Psychologie;Général
COH2026-4050;18;93,4 %;68,1;1;9;8;4;6;3;5;3;Passable;Biologie;Général
COH2026-4051;18;97,9 %;130,9;0;10;10;7;5;5;;4;Bien;Lettres;Général
COH2026-4052;17;91,0 %;70,8;2;9;9;0;6;3;4;5;Assez bien;Informatique;Professionnel
COH2026-4053;24;79,1 %;29,0;4;11;8;6;6;3;1;3;Passable;Droit;Technologique
COH2026-4054;22;79,4 %;46,3;3;9;6;5;5;5;4;3;Bien;Biologie;Général
COH2026-4055;20;71,2 %;39,6;2;12;11;2;6;3;4;4;Bien;Mathématiques;Général
COH2026-4056;18;77,0 %;39,2;3;9;7;4;5;3;;3;Passable;Informatique;Professionnel
COH2026-4057;20;64,6 %;33,4;2;11;8;2;7;4;3;3;Passable;Psychologie;Technologique
COH2026-4058;18;74,3 %;48,0;5;9;7;2;5;2;4;5;Assez bien;Psychologie;Technologique
COH2026-4059;20;92,4 %;44,0;1;13;13;3;6;3;5;4;Assez bien;Informatique;Général
COH2026-4060;19;78,8 %;44,1;2;11;10;7;6;5;4;4;Assez bien;Informatique;Professionnel
COH2026-4061;19;66,5 %;32,9;1;10;7;0;7;2;3;1;Assez bien;Biologie;Général
COH2026-4062;22;85,5 %;62,3;1;11;11;4;7;4;3;4;Assez bien;Droit;Général
COH2026-4063;21;99,6 %;76,2;1;9;9;4;5;4;4;4;Assez bien;Informatique;Général
COH2026-4064;23;71,2 %;27,9;4;9;4;0;5;3;4;4;Passable;Gestion;Professionnel
COH2026-4065;17;89,6 %;26,3;4;8;7;4;5;4;4;1;Assez bien;Biologie;Professionnel
COH2026-4066;20;81,8 %;85,3;3;10;9;1;6;3;4;2;Passable;Mathématiques;Professionnel
COH2026-4067;20;70,9 %;27,6;6;9;6;0;5;1;;2;Passable;Psychologie;Général
COH2026-4068;22;43,4 %;36,0;5;8;5;1;5;2;2;1;Passable;Informatique;Général
COH2026-4069;19;98,0 %;58,9;1;8;8;5;5;5;4;4;Passable;Psychologie;Technologique
COH2026-4070;20;89,0 %;39,0;4;13;12;0;5;2;2;2;Passable;Droit;Technologique
COH2026-4071;22;62,2 %;34,4;8;13;13;4;6;3;5;2;Bien;Biologie;Professionnel
COH2026-4072;23;76,7 %;136,2;1;13;13;4;5;5;4;4;Passable;Biologie;Général
COH2026-4073;18;73,1 %;22,8;2;8;6;4;5;4;4;1;Bien;Informatique;Général
COH2026-4074;19;81,0 %;93,8;2;13;13;7;5;4;4;4;Passable;Psychologie;Général
COH2026-4075;18;69,0 %;35,4;7;11;7;0;7;2;3;1;Assez bien;Lettres;Général
COH2026-4076;21;87,6 %;21,1;4;13;11;6;7;4;5;;Assez bien;Biologie;Général
COH2026-4077;20;94,3 %;55,7;3;9;8;3;7;5;4;3;Très bien;Droit;Général
COH2026-4078;23;71,8 %;83,9;5;11;8;0;6;4;3;2;Bien;STAPS;Général
COH2026-4079;20;72,3 %;41,3;6;12;8;2;7;4;3;3;Passable;Mathématiques;Professionnel
COH2026-4080;24;74,4 %;34,9;0;9;7;4;6;3;;3;Assez bien;Mathématiques;Professionnel
COH2026-4081;21;93,3 %;29,8;0;9;6;3;6;4;3;3;Passable;Informatique;Général
COH2026-4082;20;77,2 %;41,4;3;9;9;4;5;3;3;3;Passable;Psychologie;Général
COH2026-4083;18;71,6 %;57,9;2;8;7;4;7;5;5;2;Bien;Informatique;Général
COH2026-4084;19;51,2 %;17,3;7;13;9;0;6;1;4;1;Assez bien;Informatique;Professionnel
COH2026-4085;24;82,3 %;63,6;4;13;9;1;6;3;2;2;Bien;Mathématiques;Général
COH2026-4086;23;64,1 %;10,1;4;11;9;2;6;2;3;3;Passable;Lettres;Professionnel
COH2026-4087;19;98,7 %;87,8;0;11;11;7;6;5;5;4;Passable;Psychologie;Technologique
COH2026-4088;19;55,7 %;21,2;8;13;8;0;5;4;1;1;Assez bien;Droit;Général
COH2026-4089;22;88,8 %;39,9;6;9;7;1;5;4;3;2;Bien;Informatique;Général
COH2026-4090;18;81,5 %;57,0;4;9;9;6;5;4;;2;Passable;Biologie;Général
COH2026-4091;20;67,9 %;26,6;6;8;6;4;5;3;3;2;Passable;Droit;Général
COH2026-4092;18;91,3 %;39,5;2;12;10;12;5;5;4;3;Passable;Gestion;Général
COH2026-4093;18;99,6 %;66,4;3;8;7;4;6;4;5;5;Passable;Gestion;Général
COH2026-4094;19;65,4 %;34,5;8;11;9;1;7;3;;3;Passable;STAPS;Technologique
COH2026-4095;19;90,2 %;34,9;2;10;10;6;6;4;4;4;Passable;Droit;Général
COH2026-4096;20;64,3 %;50,2;7;11;9;2;6;4;4;2;Assez bien;Informatique;Technologique
COH2026-4097;22;79,0 %;0,3;4;11;6;0;7;2;2;4;Passable;Droit;Général
COH2026-4098;20;87,2 %;52,7;2;8;7;4;7;3;4;4;Assez bien;Mathématiques;Technologique
COH2026-4099;19;80,5 %;20,6;8;13;8;1;6;4;2;5;Très bien;Gestion;Technologique
COH2026-4100;22;58,2 %;44,2;7;10;7;2;5;1;4;5;Passable;Biologie;Technologique
COH2026-4101;20;83,1 %;37,8;8;9;9;5;6;5;3;4;Très bien;Mathématiques;Général
COH2026-4102;19;86,7 %;43,5;2;8;6;4;5;5;3;;Très bien;Gestion;Technologique
COH2026-4103;19;69,3 %;55,9;4;13;13;5;6;5;;3;Bien;Lettres;Général
COH2026-4104;20;82,7 %;50,8;2;11;11;8;6;5;2;3;Bien;Mathématiques;Général
COH2026-4105;19;50,7 %;0,0;5;12;9;0;6;3;2;2;Passable;Lettres;Général
COH2026-4106;18;85,6 %;101,1;2;12;11;4;6;4;3;5;Passable;Lettres;Général
COH2026-4107;20;75,4 %;10,8;2;13;9;0;5;3;2;1;Assez bien;Droit;Général
COH2026-4108;23;94,0 %;36,7;1;11;10;6;6;5;5;4;Très bien;STAPS;Professionnel
COH2026-4109;20;67,9 %;14,4;7;12;9;3;6;3;3;2;Assez bien;Informatique;Général
COH2026-4110;18;70,1 %;29,5;2;11;11;5;5;3;3;3;Passable;STAPS;Général
COH2026-4111;21;84,6 %;27,6;2;8;6;1;5;2;3;3;Passable;Psychologie;Général
COH2026-4112;20;67,9 %;14,4;7;12;9;3;6;3;3;2;Assez bien;Informatique;Général
COH2026-4113;19;81,0 %;47,1;5;11;9;3;7;2;4;4;Bien;Gestion;Général
COH2026-4114;18;70,3 %;13,3;5;8;5;1;7;2;3;2;Passable;STAPS;Technologique
COH2026-4115;20;85,0 %;36,1;4;8;6;3;6;4;3;4;;STAPS;Technologique
COH2026-4116;19;80,6 %;50,4;10;13;11;2;6;4;4;2;Assez bien;STAPS;Général
COH2026-4117;20;71,5 %;78,0;4;9;6;3;6;2;2;1;Passable;Psychologie;Général
COH2026-4118;20;66,4 %;10,7;6;11;8;0;7;1;3;1;Assez bien;Biologie;Technologique
COH2026-4119;17;80,5 %;55,6;1;11;8;4;6;4;3;4;Bien;Lettres;Général
COH2026-4120;20;71,5 %;78,0;4;9;6;3;6;2;2;1;Passable;Psychologie;Général
COH2026-4121;23;69,8 %;24,4;3;13;11;1;6;2;1;2;Bien;Mathématiques;Technologique
COH2026-4122;18;63,9 %;19,4;4;11;8;0;5;3;2;3;Assez bien;Droit;Général
COH2026-4123;17;67,2 %;83,2;5;13;11;4;6;4;3;2;Assez bien;Informatique;Professionnel
COH2026-4124;20;73,6 %;54,1;5;10;8;4;7;;;3;Passable;STAPS;Général
COH2026-4125;18;80,6 %;48,3;1;11;9;3;5;4;3;4;Très bien;Psychologie;Général
COH2026-4126;17;71,9 %;17,5;8;12;8;0;5;3;4;2;Passable;Psychologie;Général
COH2026-4127;21;87,3 %;21,7;1;9;9;5;7;4;3;2;Bien;Mathématiques;Technologique
COH2026-4128;22;76,7 %;28,1;6;8;6;2;5;1;1;1;Très bien;Lettres;Professionnel
COH2026-4129;20;72,3 %;41,3;6;12;8;2;7;4;3;3;Passable;Mathématiques;Professionnel
COH2026-4130;21;69,0 %;21,0;4;13;10;0;5;2;3;5;Passable;STAPS;Général
COH2026-4131;18;59,5 %;68,8;6;13;10;2;7;2;;3;;Biologie;Général
COH2026-4132;18;83,4 %;54,9;5;11;10;3;6;3;3;4;Passable;Gestion;Général
COH2026-4133;19;73,4 %;35,6;5;10;9;1;6;3;4;2;Assez bien;Mathématiques;Professionnel
COH2026-4134;22;67,7 %;32,4;2;11;9;3;5;5;3;1;Assez bien;Biologie;Général
COH2026-4135;18;94,8 %;42,4;2;12;11;4;5;4;2;5;Passable;Biologie;Général
COH2026-4136;18;77,4 %;16,8;6;13;9;2;7;3;3;4;Passable;Psychologie;Général
COH2026-4137;19;71,6 %;40,2;2;11;8;0;6;3;3;;Passable;Biologie;Général
COH2026-4138;22;99,5 %;35,2;0;11;11;10;6;4;4;;Assez bien;STAPS;Général
COH2026-4139;18;71,8 %;67,7;4;9;7;1;6;4;2;2;Passable;Informatique;Général
COH2026-4140;18;87,4 %;25,1;4;12;12;2;5;3;4;4;Assez bien;STAPS;Général
COH2026-4141;21;74,8 %;31,6;3;10;7;0;6;2;3;2;Assez bien;Informatique;Général
COH2026-4142;20;71,6 %;40,8;3;10;10;2;5;4;4;4;Bien;Biologie;Technologique
COH2026-4143;22;64,0 %;15,1;7;12;9;0;7;2;;1;Passable;Informatique;Technologique
COH2026-4144;19;72,7 %;99,6;5;9;8;3;7;3;3;1;Passable;Mathématiques;Technologique
COH2026-4145;19;76,3 %;62,2;8;12;8;4;6;4;5;1;Bien;Droit;Général
COH2026-4146;20;89,5 %;34,6;4;10;7;3;6;3;2;;Bien;Informatique;Général
COH2026-4147;19;62,1 %;10,3;5;10;6;0;7;1;;3;Assez bien;Informatique;Général
COH2026-4148;18;79,8 %;5,2;7;10;8;0;6;1;2;4;Bien;Biologie;Général
COH2026-4149;22;67,4 %;42,7;5;9;7;6;5;3;;3;Passable;Gestion;Professionnel
COH2026-4150;20;79,8 %;34,1;8;13;10;5;5;;3;2;Bien;STAPS;Général
COH2026-4151;21;78,2 %;23,3;6;8;6;1;6;2;2;3;Assez bien;Biologie;Général
COH2026-4152;18;54,3 %;33,8;5;13;10;4;5;4;4;2;Passable;Droit;Général
COH2026-4153;18;48,3 %;6,2;9;12;10;0;6;4;4;1;Passable;Droit;Général
COH2026-4154;21;62,4 %;47,0;1;11;7;1;6;3;3;1;;Biologie;Général
COH2026-4155;20;79,6 %;41,6;1;11;9;5;6;3;4;2;Passable;Droit;Général
COH2026-4156;18;76,2 %;88,5;4;13;13;6;6;3;3;4;;Informatique;Général
COH2026-4157;20;58,7 %;65,5;6;10;9;3;6;3;3;1;Très bien;Informatique;Général
COH2026-4158;20;67,2 %;20,3;6;12;9;2;7;3;2;3;Passable;Mathématiques;Général
COH2026-4159;19;58,6 %;19,5;6;12;8;0;7;2;3;2;Bien;Gestion;Général
COH2026-4160;21;63,9 %;10,0;6;10;6;0;5;3;2;1;Bien;Informatique;Général
COH2026-4161;18;77,1 %;39,0;3;11;11;5;6;3;3;2;Passable;Gestion;Général
COH2026-4162;20;72,3 %;52,4;9;13;9;2;7;3;4;3;Passable;Psychologie;Général
COH2026-4163;22;58,5 %;12,6;7;10;7;0;6;2;2;2;Bien;Mathématiques;Technologique
COH2026-4164;21;78,4 %;46,9;0;8;8;8;6;4;5;3;Passable;Informatique;Général
COH2026-4165;20;70,9 %;27,6;6;9;6;0;5;1;;2;Passable;Psychologie;Général
COH2026-4166;19;56,3 %;3,8;3;8;4;0;7;2;1;1;Passable;Gestion;Général
COH2026-4167;21;84,7 %;20,1;2;9;8;3;5;3;2;;Passable;Mathématiques;Général
COH2026-4168;20;84,9 %;36,0;3;12;9;1;6;3;3;4;Passable;Psychologie;Général
COH2026-4169;18;58,9 %;43,8;5;13;10;0;6;3;3;3;Assez bien;Mathématiques;Général
COH2026-4170;19;64,4 %;38,4;6;10;7;4;6;5;4;1;Assez bien;Mathématiques;Général
COH2026-4171;18;71,5 %;2,8;5;9;6;0;7;3;3;2;Bien;Gestion;Général
COH2026-4172;17;96,6 %;81,8;1;11;11;7;7;;;5;Passable;Droit;Général
COH2026-4173;20;76,9 %;29,5;7;9;9;6;7;5;2;4;Assez bien;Droit;Général
COH2026-4174;19;80,5 %;18,4;6;9;8;2;7;3;3;3;Bien;Gestion;Général
COH2026-4175;21;73,7 %;52,4;5;11;10;1;6;1;3;3;Assez bien;Informatique;Général
COH2026-4176;21;83,0 %;59,2;3;13;13;2;5;4;4;3;Assez bien;Psychologie;Technologique
COH2026-4177;17;64,5 %;17,6;6;10;6;3;7;3;5;3;;Psychologie;Général
COH2026-4178;17;86,3 %;22,7;3;13;11;1;7;4;3;1;Très bien;Biologie;Général
COH2026-4179;18;77,5 %;25,5;2;13;10;2;5;4;4;4;Passable;Gestion;Général
COH2026-4180;17;81,3 %;89,8;2;8;8;2;7;2;3;3;Bien;Droit;Général
COH2026-4181;22;64,0 %;12,2;5;12;10;2;7;3;3;;Bien;Droit;Général
COH2026-4182;19;71,6 %;76,8;3;8;8;7;6;5;5;5;Assez bien;Mathématiques;Général
COH2026-4183;17;66,1 %;24,2;6;11;10;2;6;2;4;1;Très bien;Biologie;Général
COH2026-4184;20;90,2 %;84,6;1;9;9;6;5;5;3;3;Passable;Mathématiques;Général
COH2026-4185;22;89,8 %;33,7;2;8;6;1;6;4;3;;Bien;Biologie;Technologique
COH2026-4186;20;67,7 %;90,7;0;11;11;6;7;4;4;3;Bien;Gestion;Général
COH2026-4187;22;98,1 %;83,2;1;13;10;5;6;4;4;5;Assez bien;Informatique;Professionnel
COH2026-4188;22;71,7 %;52,6;0;9;9;5;5;3;2;4;Assez bien;Psychologie;Technologique
COH2026-4189;20;86,3 %;36,2;0;9;7;4;7;4;4;3;Passable;Droit;Technologique
COH2026-4190;21;81,5 %;31,9;2;12;11;4;7;4;3;4;Assez bien;Mathématiques;Technologique
COH2026-4191;21;68,9 %;14,4;8;11;8;1;6;4;4;2;Passable;Informatique;Général
COH2026-4192;20;61,0 %;21,3;7;10;7;0;5;;;1;Assez bien;Droit;Professionnel
COH2026-4193;19;70,4 %;53,3;7;12;9;2;6;4;3;;Passable;Gestion;Général
COH2026-4194;18;87,9 %;20,6;6;8;7;2;6;3;5;3;Passable;Informatique;Général
COH2026-4195;18;72,9 %;19,3;5;12;10;1;5;3;;2;Assez bien;Droit;Général
COH2026-4196;26;62,1 %;31,7;4;12;10;4;6;4;4;3;Passable;Lettres;Général
COH2026-4197;21;60,1 %;25,5;4;10;6;0;5;;2;1;Bien;STAPS;Général
COH2026-4198;20;83,6 %;78,8;2;9;9;3;6;4;3;5;Passable;Informatique;Général
COH2026-4199;23;79,3 %;71,4;3;8;8;6;6;4;;3;Très bien;Droit;Général
COH2026-4200;19;76,8 %;20,8;2;10;7;1;6;4;5;2;Bien;Informatique;Technologique
COH2026-4201;20;80,7 %;61,1;5;9;6;7;7;3;1;;Assez bien;Psychologie;Technologique
COH2026-4202;18;72,1 %;60,3;3;9;6;4;6;3;;3;Très bien;Lettres;Général
COH2026-4203;18;62,0 %;27,3;3;13;9;0;5;5;3;1;Très bien;Biologie;Général
COH2026-4204;18;86,1 %;54,0;3;8;5;6;6;2;4;1;Passable;Droit;Professionnel
COH2026-4205;22;55,2 %;3,1;3;9;6;0;5;1;2;1;Passable;Psychologie;Technologique
COH2026-4206;20;84,2 %;38,7;7;13;12;1;5;2;2;2;Passable;Informatique;Technologique
COH2026-4207;19;48,3 %;51,0;5;8;5;0;6;3;3;3;Très bien;Biologie;Général
COH2026-4208;23;77,8 %;30,4;5;13;10;0;5;4;4;3;Passable;Biologie;Général
COH2026-4209;22;66,9 %;19,1;3;9;7;2;6;1;3;3;Assez bien;Psychologie;Technologique
COH2026-4210;24;80,9 %;21,3;5;10;8;4;5;4;3;3;Bien;STAPS;Général
COH2026-4211;21;91,4 %;37,9;3;12;10;4;6;3;3;4;Très bien;STAPS;Général
COH2026-4212;18;96,3 %;87,2;0;9;9;3;7;5;5;5;Assez bien;Gestion;Technologique
COH2026-4213;22;98,4 %;101,9;3;9;9;5;6;5;4;5;Assez bien;Mathématiques;Général
COH2026-4214;19;76,0 %;70,4;7;12;10;4;6;3;5;2;Assez bien;Informatique;Général
COH2026-4215;18;82,5 %;46,5;2;10;8;0;6;5;1;2;Bien;Biologie;Général
COH2026-4216;20;90,2 %;84,6;1;9;9;6;5;5;3;3;Passable;Mathématiques;Général
COH2026-4217;17;86,9 %;46,3;4;11;10;7;6;5;5;;Passable;Droit;Général
COH2026-4218;19;80,6 %;48,6;2;11;10;2;6;3;3;4;;Mathématiques;Technologique
COH2026-4219;17;70,1 %;29,1;2;9;9;6;7;3;5;1;Assez bien;Informatique;Technologique
COH2026-4220;18;93,6 %;59,3;0;12;10;7;7;5;3;3;Assez bien;Gestion;Général
COH2026-4221;20;96,6 %;83,1;2;11;11;6;7;5;5;5;Assez bien;STAPS;Général
COH2026-4222;19;71,0 %;47,2;2;8;6;1;5;4;5;3;Bien;Mathématiques;Général
COH2026-4223;24;69,5 %;50,7;4;11;7;2;6;2;2;2;Passable;Psychologie;Professionnel
COH2026-4224;19;74,2 %;46,4;8;12;10;1;6;3;3;2;Assez bien;Gestion;Général
COH2026-4225;27;62,9 %;11,1;5;9;5;1;5;5;2;2;Bien;Lettres;Général
COH2026-4226;20;51,6 %;9,1;6;9;6;0;7;2;;2;Très bien;Mathématiques;Professionnel
COH2026-4227;21;77,8 %;44,4;4;13;11;3;5;;;1;Passable;Lettres;Technologique
COH2026-4228;22;94,1 %;11,5;4;12;9;3;6;5;4;2;Passable;Gestion;Général
COH2026-4229;19;68,7 %;28,1;2;8;7;2;6;1;4;1;Passable;Gestion;Général
COH2026-4230;20;83,0 %;54,4;3;11;8;4;6;4;3;3;Assez bien;Droit;Technologique
COH2026-4231;18;83,4 %;40,8;5;12;9;5;5;3;4;4;Passable;Informatique;Technologique
COH2026-4232;22;67,2 %;17,8;4;10;10;3;6;4;4;4;Bien;Mathématiques;Général
COH2026-4233;21;83,0 %;39,1;3;8;7;7;6;5;3;5;Assez bien;Biologie;Général
COH2026-4234;19;76,5 %;35,9;8;13;8;3;6;3;3;2;Assez bien;Gestion;Général
COH2026-4235;18;83,0 %;35,6;7;12;11;4;7;4;4;2;Assez bien;Lettres;Général
COH2026-4236;23;65,8 %;31,3;2;9;7;5;6;5;5;2;Bien;Gestion;Général
COH2026-4237;18;94,7 %;73,6;8;12;8;2;6;3;5;2;;Biologie;Général
COH2026-4238;19;70,1 %;53,1;2;8;7;1;6;1;2;3;Passable;Mathématiques;Général
COH2026-4239;20;44,0 %;0,0;4;9;4;0;5;;1;1;Très bien;Gestion;Général
COH2026-4240;20;73,4 %;8,6;3;12;9;1;7;4;4;4;Bien;STAPS;Technologique
COH2026-4241;18;80,6 %;18,8;7;13;10;0;7;1;4;2;Bien;Psychologie;Technologique
COH2026-4242;18;66,3 %;34,6;5;8;7;0;5;1;4;3;Passable;Informatique;Général
COH2026-4243;17;80,5 %;55,6;1;11;8;4;6;4;3;4;Bien;Lettres;Général
COH2026-4244;17;72,0 %;24,4;4;13;12;4;5;3;3;2;Assez bien;Biologie;Technologique
COH2026-4245;23;95,5 %;64,9;6;10;9;7;6;3;3;4;Très bien;Psychologie;Général
COH2026-4246;21;67,8 %;25,2;1;8;5;0;6;2;1;2;Passable;STAPS;Technologique
COH2026-4247;23;70,1 %;9,6;7;12;9;1;6;2;2;2;Passable;STAPS;Technologique
COH2026-4248;18;75,6 %;54,4;3;13;11;4;5;;4;;Passable;Informatique;Professionnel
COH2026-4249;21;63,9 %;10,0;6;10;6;0;5;3;2;1;Bien;Informatique;Général
COH2026-4250;18;52,9 %;0,0;5;9;5;0;6;3;2;3;Passable;Mathématiques;Général
COH2026-4251;18;96,8 %;106,7;0;9;9;7;6;5;5;4;Assez bien;Informatique;Professionnel
COH2026-4252;20;58,6 %;29,6;3;12;7;2;7;3;4;4;Assez bien;Mathématiques;Général
COH2026-4253;20;83,3 %;40,7;4;10;10;5;6;4;4;2;Passable;Biologie;Général
COH2026-4254;21;69,3 %;17,3;4;11;10;2;6;4;5;4;Passable;Biologie;Général
COH2026-4255;18;84,1 %;50,6;7;11;7;2;6;3;;2;Assez bien;STAPS;Général
COH2026-4256;21;67,9 %;0,4;7;13;10;0;6;1;2;2;Passable;STAPS;Général
COH2026-4257;24;76,7 %;64,3;8;12;11;4;5;3;3;3;Passable;Lettres;Général
COH2026-4258;24;73,2 %;74,2;4;9;7;1;6;2;4;2;Passable;Psychologie;Technologique
COH2026-4259;18;78,2 %;17,7;7;10;8;1;7;3;4;4;Assez bien;Gestion;Général
COH2026-4260;20;74,5 %;64,8;1;10;8;1;6;;3;4;Bien;Informatique;Technologique
COH2026-4261;23;70,1 %;17,3;9;10;9;1;5;;3;1;Assez bien;Mathématiques;Général
COH2026-4262;22;61,5 %;9,5;6;9;6;1;6;1;5;1;Bien;Droit;Général
COH2026-4263;22;70,1 %;45,2;4;8;7;4;5;4;3;;Passable;Informatique;Technologique
COH2026-4264;19;75,3 %;51,3;6;10;10;0;5;3;3;3;Assez bien;Mathématiques;Général
COH2026-4265;21;60,1 %;25,5;4;10;6;0;5;;2;1;Bien;STAPS;Général
COH2026-4266;18;96,9 %;60,5;2;10;10;9;6;5;5;5;;Droit;Technologique
COH2026-4267;17;89,6 %;26,3;4;8;7;4;5;4;4;1;Assez bien;Biologie;Professionnel
COH2026-4268;20;80,4 %;21,8;0;12;11;3;6;;3;2;Assez bien;Mathématiques;Général
COH2026-4269;19;65,9 %;46,1;5;13;12;5;6;3;3;3;Bien;Droit;Général
COH2026-4270;18;75,8 %;52,2;2;12;11;0;6;4;3;3;Passable;Psychologie;Général
COH2026-4271;19;98,1 %;65,5;5;10;8;2;5;;3;2;Assez bien;Gestion;Professionnel
COH2026-4272;18;64,0 %;12,7;4;13;9;0;5;2;3;2;Passable;Lettres;Général
COH2026-4273;17;81,5 %;38,8;2;10;9;10;6;5;4;4;Bien;Psychologie;Général
COH2026-4274;20;88,6 %;44,4;4;11;9;2;7;4;3;4;Passable;Psychologie;Général
COH2026-4275;20;69,9 %;22,1;7;13;7;2;5;2;3;3;Bien;Gestion;Général
COH2026-4276;19;50,4 %;31,2;7;12;9;0;5;3;1;3;Assez bien;Informatique;Général
COH2026-4277;23;75,4 %;28,3;3;11;8;5;6;3;3;5;Assez bien;Droit;Technologique
COH2026-4278;20;90,9 %;61,3;0;11;9;7;7;5;5;3;Passable;Gestion;Général
COH2026-4279;18;80,3 %;45,2;3;13;12;1;5;5;3;2;Passable;Biologie;Général
COH2026-4280;17;94,2 %;53,9;3;13;13;3;5;5;;4;Passable;Biologie;Général
COH2026-4281;23;80,0 %;52,8;4;12;11;2;6;3;5;3;Passable;Biologie;Technologique
COH2026-4282;19;98,7 %;53,9;1;11;11;6;7;5;4;3;Très bien;Droit;Général
COH2026-4283;22;68,1 %;71,4;9;10;9;1;6;;4;2;Bien;Informatique;Technologique
COH2026-4284;18;71,1 %;35,1;1;12;9;3;7;3;5;3;Passable;Biologie;Général
COH2026-4285;23;78,5 %;29,4;3;8;7;7;7;4;3;3;Passable;Psychologie;Technologique
COH2026-4286;21;67,8 %;29,4;6;10;9;0;6;2;5;2;Passable;STAPS;Général
COH2026-4287;20;89,0 %;39,0;4;13;12;0;5;2;2;2;Passable;Droit;Technologique
COH2026-4288;18;84,0 %;55,8;2;11;9;2;6;4;;2;Passable;Mathématiques;Général
COH2026-4289;24;73,2 %;74,2;4;9;7;1;6;2;4;2;Passable;Psychologie;Technologique
COH2026-4290;21;69,4 %;29,4;6;10;10;3;5;2;5;3;Assez bien;Biologie;Général
COH2026-4291;18;90,5 %;36,6;3;10;8;4;7;4;5;2;Assez bien;Droit;Technologique
COH2026-4292;18;72,6 %;49,4;7;8;7;1;7;4;3;2;Bien;Mathématiques;Général
COH2026-4293;19;69,5 %;43,0;5;9;5;1;6;3;5;3;Passable;Informatique;Général
COH2026-4294;17;97,1 %;42,6;0;9;9;5;5;5;3;5;Bien;Gestion;Général
COH2026-4295;21;88,7 %;119,1;5;8;8;8;6;5;5;5;Très bien;Droit;Général
COH2026-4296;21;83,0 %;64,9;7;10;10;2;6;3;4;;Passable;Biologie;Général
COH2026-4297;18;71,6 %;19,4;4;9;6;0;7;3;2;1;Passable;Gestion;Général
COH2026-4298;18;54,4 %;36,8;6;11;8;0;6;1;1;3;Passable;Lettres;Général
COH2026-4299;21;74,4 %;27,5;4;8;5;0;6;4;;2;Bien;Mathématiques;Général
COH2026-4300;20;40,5 %;19,3;8;13;9;1;6;2;3;3;Passable;Psychologie;Général
COH2026-4301;20;76,9 %;29,5;7;9;9;6;7;5;2;4;Assez bien;Droit;Général
COH2026-4302;18;79,1 %;25,6;6;10;7;1;6;2;2;;Passable;Gestion;Général
COH2026-4303;19;81,2 %;94,7;3;13;13;1;7;5;4;5;Très bien;Gestion;Général
COH2026-4304;18;98,7 %;95,4;2;8;8;3;7;5;4;5;Très bien;Informatique;Général
COH2026-4305;18;76,5 %;13,7;5;13;8;1;6;1;2;3;Passable;Psychologie;Général
COH2026-4306;19;82,0 %;64,6;6;12;10;6;6;2;3;3;Assez bien;Gestion;Technologique
COH2026-4307;22;80,7 %;63,6;2;12;11;6;6;4;4;4;Bien;Informatique;Général
COH2026-4308;20;80,5 %;50,3;4;11;8;3;5;;3;1;Assez bien;Mathématiques;Technologique
COH2026-4309;21;69,9 %;27,8;4;11;9;4;5;;5;2;Bien;Gestion;Général
COH2026-4310;18;88,4 %;71,0;0;9;8;9;6;4;5;;Passable;Psychologie;Général
COH2026-4311;18;89,3 %;70,0;3;8;8;5;5;5;3;5;Assez bien;Biologie;Général
COH2026-4312;18;75,8 %;18,1;6;10;10;2;6;3;3;2;Bien;STAPS;Général
COH2026-4313;21;92,8 %;34,6;4;11;8;3;6;2;4;3;Bien;Droit;Technologique
COH2026-4314;18;63,8 %;31,1;8;13;8;0;5;1;;3;Passable;Informatique;Général
COH2026-4315;19;84,2 %;22,4;5;11;9;3;5;3;3;4;Passable;Droit;Professionnel
COH2026-4316;21;77,3 %;20,6;5;9;7;2;7;4;4;;Passable;Mathématiques;Général
COH2026-4317;18;95,0 %;74,3;2;10;9;3;7;3;5;5;;STAPS;Général
COH2026-4318;21;52,5 %;3,5;5;12;8;0;5;2;2;2;Assez bien;STAPS;Général
COH2026-4319;21;59,1 %;2,9;7;10;7;2;7;3;1;3;Passable;Gestion;Professionnel
COH2026-4320;21;95,2 %;107,4;0;8;7;7;7;5;5;5;Très bien;STAPS;Général
COH2026-4321;22;73,7 %;44,0;7;10;7;3;7;3;2;3;Très bien;Biologie;Général
COH2026-4322;20;98,8 %;60,8;3;8;8;8;6;;4;5;Très bien;Gestion;Général
COH2026-4323;24;67,5 %;56,6;6;10;9;2;7;4;4;3;Passable;Gestion;Général
COH2026-4324;20;64,6 %;10,5;6;9;6;0;6;1;1;1;Bien;STAPS;Technologique
COH2026-4325;22;89,7 %;52,5;2;12;12;6;6;5;5;5;Passable;Informatique;Général
COH2026-4326;22;66,5 %;17,4;2;8;6;1;5;3;2;2;Assez bien;Gestion;Technologique
COH2026-4327;20;85,6 %;27,7;2;11;8;0;5;3;4;1;Passable;Psychologie;Général
COH2026-4328;19;76,8 %;42,0;2;13;13;4;5;;4;1;Passable;Psychologie;Général
COH2026-4329;21;94,7 %;88,0;1;13;12;9;5;5;5;5;Assez bien;Informatique;Général
COH2026-4330;17;83,1 %;34,8;6;12;10;7;6;4;;3;Très bien;Gestion;Technologique
COH2026-4331;18;84,4 %;64,9;0;9;8;6;7;3;4;3;Très bien;Gestion;Technologique
COH2026-4332;18;74,0 %;37,6;7;9;7;1;6;2;3;;Assez bien;Psychologie;Général
COH2026-4333;20;96,4 %;59,6;1;10;8;6;6;5;4;5;Passable;Droit;Général
COH2026-4334;19;69,3 %;21,9;3;13;8;0;7;4;2;2;Assez bien;Droit;Général
COH2026-4335;17;79,1 %;18,3;4;11;8;1;6;2;3;2;Passable;STAPS;Général
COH2026-4336;18;85,5 %;57,5;4;10;7;1;6;1;3;2;Bien;STAPS;Technologique
COH2026-4337;17;63,3 %;39,1;3;10;9;7;5;4;5;3;Très bien;Gestion;Professionnel
COH2026-4338;18;78,9 %;25,3;2;11;9;5;5;3;3;4;Passable;Droit;Technologique
COH2026-4339;22;95,9 %;87,2;4;9;8;6;6;3;3;5;Passable;Gestion;Technologique
COH2026-4340;20;82,3 %;44,0;5;10;7;3;7;3;3;5;Bien;Droit;Professionnel
COH2026-4341;23;67,2 %;61,8;5;13;8;1;6;3;4;2;Assez bien;Mathématiques;Général
COH2026-4342;19;85,2 %;40,7;1;11;9;3;6;3;4;3;Assez bien;STAPS;Général
COH2026-4343;17;95,9 %;29,4;1;12;12;3;5;5;4;5;Passable;Biologie;Général
COH2026-4344;21;61,5 %;19,1;5;11;8;0;6;3;3;3;Assez bien;Psychologie;Technologique
COH2026-4345;23;63,4 %;7,3;3;11;7;1;6;1;4;3;Assez bien;STAPS;Général
COH2026-4346;22;60,9 %;9,2;5;8;5;0;5;1;3;;Passable;Biologie;Technologique
COH2026-4347;21;69,0 %;14,8;5;10;5;1;6;;2;4;Bien;Informatique;Général
COH2026-4348;17;88,3 %;6,4;2;9;5;4;6;3;4;1;Bien;Gestion;Général
COH2026-4349;20;90,9 %;61,3;0;11;9;7;7;5;5;3;Passable;Gestion;Général
COH2026-4350;21;59,7 %;25,5;4;8;6;1;6;1;2;;Assez bien;Gestion;Professionnel
COH2026-4351;20;91,8 %;84,7;2;12;12;8;5;5;4;3;Passable;Mathématiques;Technologique
COH2026-4352;19;75,8 %;36,7;2;9;7;2;6;1;1;3;Assez bien;Gestion;Technologique
COH2026-4353;18;67,0 %;51,2;3;12;9;2;7;5;2;3;Passable;Informatique;Général
COH2026-4354;18;95,0 %;74,3;2;10;9;3;7;3;5;5;;STAPS;Général
COH2026-4355;19;84,9 %;11,4;6;8;6;2;7;3;4;2;Bien;Informatique;Technologique
COH2026-4356;24;66,3 %;11,5;2;11;8;0;5;4;3;3;Assez bien;STAPS;Général
COH2026-4357;19;71,4 %;36,8;4;13;12;3;5;3;3;1;Très bien;STAPS;Général
COH2026-4358;18;84,1 %;50,6;7;11;7;2;6;3;;2;Assez bien;STAPS;Général
COH2026-4359;21;73,8 %;37,0;3;12;10;2;6;5;3;2;Assez bien;Informatique;Technologique
COH2026-4360;21;56,8 %;6,0;6;13;9;0;7;1;3;2;Assez bien;Lettres;Général
COH2026-4361;19;73,1 %;31,3;6;11;9;2;5;4;4;4;Assez bien;Gestion;Général
COH2026-4362;19;98,2 %;58,7;0;11;11;5;6;5;5;2;Assez bien;Droit;Technologique
COH2026-4363;18;74,4 %;21,0;6;8;6;1;6;4;;4;Assez bien;Gestion;Général
COH2026-4364;22;89,7 %;52,5;2;12;12;6;6;5;5;5;Passable;Informatique;Général
COH2026-4365;21;86,3 %;58,6;2;10;8;8;6;3;4;5;Assez bien;STAPS;Technologique
COH2026-4366;19;79,8 %;31,0;0;10;9;3;6;4;3;3;Passable;STAPS;Général
COH2026-4367;23;94,7 %;79,4;3;13;11;3;6;5;4;5;Passable;Droit;Technologique
COH2026-4368;22;83,5 %;82,0;1;13;13;6;6;5;3;5;Passable;Informatique;Général
COH2026-4369;18;93,6 %;59,3;0;12;10;7;7;5;3;3;Assez bien;Gestion;Général
COH2026-4370;18;84,6 %;12,2;10;12;10;0;7;1;1;1;Passable;Psychologie;Professionnel
COH2026-4371;22;83,8 %;46,7;4;8;6;4;6;3;4;2;Assez bien;Mathématiques;Général
COH2026-4372;19;77,5 %;4,7;8;10;9;1;5;4;5;4;Passable;Lettres;Général
COH2026-4373;21;92,2 %;77,5;1;12;11;10;6;4;3;4;Assez bien;Mathématiques;Professionnel
COH2026-4374;20;90,8 %;38,5;1;8;8;6;7;4;4;1;Assez bien;Droit;Général
COH2026-4375;18;89,8 %;32,2;3;12;9;3;6;4;3;3;Assez bien;Informatique;Général
COH2026-4376;20;96,5 %;63,7;2;9;9;3;6;4;4;5;Passable;Informatique;Général
COH2026-4377;18;81,8 %;42,5;3;12;8;4;6;3;4;3;Bien;Lettres;Général
COH2026-4378;23;68,4 %;47,1;7;13;8;2;7;2;3;;Passable;Psychologie;Général
COH2026-4379;20;79,5 %;34,3;5;12;10;3;6;2;3;1;Passable;STAPS;Professionnel
COH2026-4380;19;88,4 %;39,5;3;9;9;7;5;5;4;3;Bien;STAPS;Technologique
COH2026-4381;18;63,7 %;23,3;5;8;7;2;6;3;;2;Passable;Mathématiques;Technologique
COH2026-4382;22;73,5 %;23,7;1;8;5;3;7;2;4;3;Passable;Informatique;Général
COH2026-4383;18;86,2 %;70,8;3;11;11;3;5;3;5;3;Passable;Lettres;Général
COH2026-4384;25;87,9 %;53,1;3;12;12;2;6;3;3;3;Passable;Informatique;Général
COH2026-4385;17;77,2 %;36,8;6;10;7;2;5;3;3;2;Très bien;Droit;Général
COH2026-4386;19;75,3 %;28,9;4;11;11;5;5;3;5;2;Bien;Biologie;Technologique
COH2026-4387;21;72,0 %;32,8;4;9;5;0;5;2;4;2;Bien;Mathématiques;Général
COH2026-4388;23;79,9 %;56,8;3;8;7;5;5;3;3;4;Passable;Psychologie;Général
COH2026-4389;23;77,8 %;30,4;5;13;10;0;5;4;4;3;Passable;Biologie;Général
COH2026-4390;20;61,3 %;55,5;6;13;12;2;6;3;1;4;Passable;Droit;Général
COH2026-4391;18;59,6 %;4,3;5;11;5;0;5;1;1;;Passable;Lettres;Technologique
COH2026-4392;21;71,5 %;28,1;6;12;11;2;5;3;4;3;Très bien;Lettres;Technologique
COH2026-4393;18;74,6 %;6,8;4;9;7;2;7;2;2;4;Bien;Droit;Général
COH2026-4394;20;81,9 %;53,6;4;9;9;5;6;5;5;2;Passable;Gestion;Général
COH2026-4395;22;49,7 %;0,0;7;12;7;0;5;1;;1;Passable;STAPS;Général
COH2026-4396;18;97,7 %;95,5;2;8;8;10;6;5;5;2;Bien;Mathématiques;Général
COH2026-4397;21;80,0 %;33,6;3;8;5;4;6;;3;4;Passable;Psychologie;Général
COH2026-4398;21;74,5 %;44,2;3;8;7;2;7;2;4;3;Bien;Informatique;Général
COH2026-4399;20;84,7 %;94,0;0;10;10;2;6;4;5;;Très bien;Gestion;Général
COH2026-4400;19;92,9 %;33,6;2;12;9;2;6;4;3;4;Assez bien;Droit;Professionnel
COH2026-4401;21;98,8 %;70,3;3;12;12;9;7;4;4;3;Bien;Gestion;Technologique
COH2026-4402;21;78,2 %;23,3;6;8;6;1;6;2;2;3;Assez bien;Biologie;Général
COH2026-4403;22;87,4 %;82,7;3;13;12;5;6;5;3;4;Passable;Droit;Général
COH2026-4404;19;69,5 %;37,8;4;9;7;2;6;5;2;;Passable;Gestion;Technologique
COH2026-4405;20;64,5 %;31,2;8;12;9;0;5;3;2;3;Très bien;Gestion;Général
COH2026-4406;21;70,5 %;0,3;4;9;7;0;7;2;1;1;Assez bien;Biologie;Général
COH2026-4407;17;85,6 %;39,6;6;10;6;2;5;2;2;2;;Gestion;Général
COH2026-4408;19;79,7 %;87,5;3;13;10;4;5;3;4;3;Assez bien;Informatique;Technologique
COH2026-4409;19;75,2 %;2,9;6;10;8;1;6;1;;2;Bien;Droit;Général
COH2026-4410;19;86,6 %;6,3;4;13;11;2;7;4;2;2;Assez bien;Informatique;Général
COH2026-4411;19;62,2 %;31,2;8;10;8;1;6;3;3;2;Passable;Gestion;Technologique
COH2026-4412;17;74,0 %;44,5;7;8;7;2;7;2;2;;Bien;Droit;Général
COH2026-4413;20;90,5 %;26,3;3;11;9;1;7;4;;;Bien;Droit;Général
COH2026-4414;21;70,0 %;27,5;5;10;9;2;5;5;2;3;Assez bien;Lettres;Général
COH2026-4415;19;68,8 %;37,1;7;13;8;2;6;2;3;3;Passable;Biologie;Général
COH2026-4416;17;86,4 %;61,8;6;11;7;6;6;5;5;5;Bien;Biologie;Professionnel
COH2026-4417;18;88,8 %;74,4;4;10;10;4;5;4;2;3;Bien;Droit;Général
COH2026-4418;17;78,8 %;35,0;5;8;8;9;6;;5;4;Bien;Gestion;Général
COH2026-4419;18;81,1 %;53,1;3;8;7;3;5;3;5;3;Passable;Psychologie;Professionnel
COH2026-4420;18;83,4 %;40,8;5;12;9;5;5;3;4;4;Passable;Informatique;Technologique
COH2026-4421;18;67,7 %;25,1;7;9;7;0;6;2;4;2;Assez bien;STAPS;Général
COH2026-4422;19;71,4 %;36,8;4;13;12;3;5;3;3;1;Très bien;STAPS;Général
COH2026-4423;19;86,8 %;23,7;6;9;6;0;6;1;3;2;Bien;Psychologie;Technologique
COH2026-4424;24;78,1 %;29,9;1;8;6;5;5;1;4;3;Passable;Droit;Général
COH2026-4425;20;56,4 %;16,3;4;8;4;1;6;3;2;2;Assez bien;Gestion;Général
COH2026-4426;20;73,9 %;34,1;8;12;10;0;5;3;3;1;Passable;Biologie;Général
COH2026-4427;17;84,0 %;66,5;1;13;13;4;6;4;4;5;Assez bien;Biologie;Général
COH2026-4428;18;77,5 %;25,5;2;13;10;2;5;4;4;4;Passable;Gestion;Général
COH2026-4429;22;61,5 %;9,5;6;9;6;1;6;1;5;1;Bien;Droit;Général
COH2026-4430;19;88,9 %;68,8;2;8;8;6;7;4;3;3;Assez bien;Gestion;Général
COH2026-4431;18;91,9 %;51,4;0;10;8;8;5;4;;3;Passable;Gestion;Général
COH2026-4432;20;70,4 %;34,1;4;9;7;0;5;2;3;2;Passable;Informatique;Général
COH2026-4433;24;89,5 %;3,3;5;8;5;0;5;3;4;1;Assez bien;Mathématiques;Général
COH2026-4434;18;70,5 %;20,5;2;9;6;0;6;3;2;2;;Droit;Général
COH2026-4435;17;56,1 %;6,2;7;11;7;0;6;1;2;3;Assez bien;Psychologie;Général
COH2026-4436;22;67,0 %;22,9;7;11;8;0;7;2;3;;Passable;Mathématiques;Général
COH2026-4437;20;96,8 %;31,2;3;13;12;4;7;4;3;3;Très bien;Informatique;Général
COH2026-4438;17;76,9 %;2,4;4;12;10;3;5;3;4;3;Bien;Lettres;Technologique
COH2026-4439;21;73,5 %;18,8;3;9;7;1;7;4;;2;Assez bien;Gestion;Technologique
COH2026-4440;22;63,4 %;59,1;5;9;5;2;7;1;1;2;Assez bien;Droit;Technologique
COH2026-4441;27;62,9 %;11,1;5;9;5;1;5;5;2;2;Bien;Lettres;Général
COH2026-4442;18;74,2 %;23,9;5;10;8;3;6;4;4;4;Passable;Gestion;Professionnel
COH2026-4443;19;72,7 %;3,7;3;8;5;2;5;5;2;1;Très bien;Psychologie;Général
COH2026-4444;21;79,2 %;29,6;6;11;9;0;6;;3;1;Bien;Lettres;Général
COH2026-4445;21;80,2 %;5,9;5;11;7;0;7;1;2;1;Assez bien;Gestion;Général
COH2026-4446;21;60,1 %;25,5;4;10;6;0;5;;2;1;Bien;STAPS;Général
COH2026-4447;20;46,1 %;0,0;7;13;8;0;7;1;4;3;Assez bien;Informatique;Général
COH2026-4448;20;70,1 %;57,7;6;10;6;1;6;1;3;2;Assez bien;Biologie;Général
COH2026-4449;23;73,9 %;23,6;6;11;7;0;6;1;3;3;Bien;Psychologie;Technologique
COH2026-4450;18;78,8 %;59,2;4;13;12;2;6;3;2;2;Bien;Droit;Technologique
COH2026-4451;18;80,7 %;22,8;3;12;8;5;6;4;3;2;Assez bien;STAPS;Général
COH2026-4452;17;73,9 %;54,6;4;8;7;3;7;2;1;3;Passable;Psychologie;Technologique
COH2026-4453;20;92,6 %;73,0;5;13;13;2;5;3;5;1;Assez bien;STAPS;Général
COH2026-4454;22;63,6 %;24,8;2;12;9;1;7;3;2;5;Assez bien;Informatique;Général
COH2026-4455;20;68,9 %;29,2;6;11;6;1;6;2;2;;Passable;Biologie;Général
COH2026-4456;20;69,3 %;21,4;8;12;9;1;5;3;1;5;Assez bien;Droit;Professionnel
COH2026-4457;25;65,5 %;43,2;5;8;7;3;6;3;5;4;Assez bien;Psychologie;Professionnel
COH2026-4458;19;67,6 %;27,5;7;10;10;3;6;3;1;3;Passable;Mathématiques;Technologique
COH2026-4459;22;82,7 %;84,6;1;12;12;7;6;5;4;4;Passable;Informatique;Général
COH2026-4460;18;67,8 %;46,3;5;12;7;0;6;3;3;1;Passable;Lettres;Général
COH2026-4461;19;96,6 %;93,6;7;12;12;2;6;;;5;Bien;Droit;Technologique
COH2026-4462;20;77,3 %;78,5;1;8;7;4;5;;5;2;Assez bien;Mathématiques;Général
COH2026-4463;20;62,3 %;11,6;6;13;8;0;5;1;2;4;Assez bien;Droit;Général
COH2026-4464;19;49,5 %;2,6;5;13;9;0;5;1;;3;Passable;Informatique;Technologique
COH2026-4465;19;50,7 %;0,0;5;12;9;0;6;3;2;2;Passable;Lettres;Général
COH2026-4466;23;79,3 %;33,4;6;8;8;8;6;4;3;5;Très bien;Psychologie;Général
COH2026-4467;19;52,1 %;19,2;6;8;6;0;5;3;3;1;Assez bien;STAPS;Général
COH2026-4468;17;73,0 %;27,5;0;13;10;0;5;4;1;2;Bien;Gestion;Général
COH2026-4469;17;95,5 %;111,8;2;9;9;4;6;5;5;4;Assez bien;Gestion;Général
COH2026-4470;24;70,9 %;34,4;5;12;12;2;5;4;3;3;Assez bien;Informatique;Professionnel
COH2026-4471;19;96,0 %;85,1;0;9;9;12;6;5;5;5;Assez bien;Informatique;Général
COH2026-4472;18;75,5 %;56,9;7;8;8;2;7;4;2;2;Bien;Lettres;Technologique
COH2026-4473;23;68,4 %;17,1;5;12;7;0;5;1;2;1;Passable;Informatique;Général
COH2026-4474;19;72,9 %;19,5;1;10;7;2;6;2;;1;Passable;Biologie;Général
COH2026-4475;18;77,0 %;65,4;4;9;7;7;5;5;4;3;Passable;Psychologie;Général
COH2026-4476;19;64,7 %;16,5;4;10;6;0;7;3;3;2;Assez bien;STAPS;Général
COH2026-4477;24;52,9 %;60,3;3;8;6;1;6;1;2;;Bien;Gestion;Général
COH2026-4478;17;84,2 %;35,7;1;10;10;5;5;4;3;3;Passable;STAPS;Professionnel
COH2026-4479;20;98,8 %;2,1;4;10;9;4;7;3;4;4;Passable;Gestion;Technologique
COH2026-4480;20;71,9 %;21,4;5;13;8;2;5;;4;1;Assez bien;Droit;Technologique
COH2026-4481;19;70,5 %;28,1;1;9;8;3;5;3;3;3;Très bien;Informatique;Technologique
COH2026-4482;21;84,4 %;82,9;0;13;13;6;5;4;4;4;Assez bien;Gestion;Général
COH2026-4483;18;72,1 %;51,0;6;13;12;6;5;4;2;4;Passable;Droit;Technologique
COH2026-4484;18;66,0 %;12,8;5;12;5;0;6;1;1;1;Assez bien;Gestion;Général
COH2026-4485;21;80,6 %;58,3;5;10;10;2;7;4;4;4;Passable;STAPS;Technologique
COH2026-4486;18;72,9 %;19,3;5;12;10;1;5;3;;2;Assez bien;Droit;Général
COH2026-4487;18;86,1 %;56,6;6;10;8;1;6;2;3;3;Passable;Gestion;Technologique
COH2026-4488;17;72,1 %;0,3;5;8;5;0;6;1;1;1;Passable;STAPS;Professionnel
COH2026-4489;23;93,3 %;77,4;1;12;12;4;6;3;5;5;Assez bien;Droit;Professionnel
COH2026-4490;19;84,9 %;11,4;6;8;6;2;7;3;4;2;Bien;Informatique;Technologique
COH2026-4491;17;83,1 %;73,5;3;13;12;5;7;4;5;2;Assez bien;Informatique;Général
COH2026-4492;22;67,0 %;6,6;5;11;8;1;5;1;1;4;Bien;Biologie;Professionnel
COH2026-4493;19;81,2 %;61,2;4;13;11;3;6;3;3;4;Passable;Biologie;Général
COH2026-4494;20;68,7 %;9,4;10;12;10;3;6;1;4;1;Assez bien;Informatique;Général
COH2026-4495;23;83,1 %;70,3;1;13;11;3;6;5;3;;Passable;Gestion;Général
COH2026-4496;19;65,6 %;107,0;6;10;6;1;7;3;2;1;;Psychologie;Général
COH2026-4497;18;87,3 %;74,4;0;13;13;6;7;5;5;5;Passable;Biologie;Technologique
COH2026-4498;21;76,3 %;32,8;2;9;7;5;5;2;2;;Assez bien;Lettres;Général
COH2026-4499;18;98,3 %;112,7;1;11;10;7;6;4;3;;Passable;Psychologie;Technologique
COH2026-4500;21;79,4 %;49,8;3;11;8;3;5;3;2;4;Passable;Informatique;Professionnel
COH2026-4501;17;93,9 %;81,1;4;9;8;4;7;3;5;4;Assez bien;STAPS;Général
COH2026-4502;22;94,5 %;13,2;1;11;10;8;6;5;5;2;Bien;Psychologie;Technologique
COH2026-4503;17;76,7 %;19,8;1;10;8;0;6;2;3;3;Assez bien;Mathématiques;Général
COH2026-4504;19;67,4 %;46,9;1;10;7;0;6;3;3;3;Passable;Droit;Technologique
COH2026-4505;20;56,8 %;5,9;6;10;6;1;7;1;2;1;Assez bien;Biologie;Technologique
COH2026-4506;18;69,6 %;27,7;5;13;10;0;7;2;5;;Passable;Gestion;Technologique
COH2026-4507;20;59,6 %;29,3;5;10;5;0;7;4;5;1;Bien;Gestion;Général
COH2026-4508;20;58,0 %;37,6;7;10;7;1;6;4;4;;Passable;STAPS;Professionnel
COH2026-4509;20;98,5 %;58,5;6;13;13;2;7;3;2;4;Assez bien;Psychologie;Technologique
COH2026-4510;23;76,4 %;59,2;3;10;9;4;5;4;5;3;Passable;Gestion;Général
COH2026-4511;19;87,5 %;23,5;2;9;9;6;6;4;5;;Bien;STAPS;Général
COH2026-4512;19;88,6 %;53,9;3;11;10;3;6;4;4;3;Passable;Mathématiques;Général
COH2026-4513;23;95,5 %;64,9;6;10;9;7;6;3;3;4;Très bien;Psychologie;Général
COH2026-4514;21;62,9 %;22,5;6;8;6;0;5;3;2;2;Passable;Droit;Général
COH2026-4515;19;66,5 %;32,9;1;10;7;0;7;2;3;1;Assez bien;Biologie;Général
COH2026-4516;20;86,9 %;78,1;0;13;12;3;5;4;5;5;Passable;STAPS;Technologique
COH2026-4517;18;85,8 %;95,8;0;13;13;7;6;4;5;3;Passable;Informatique;Général
COH2026-4518;20;84,7 %;48,2;3;11;11;2;6;3;3;3;Passable;Biologie;Professionnel
COH2026-4519;20;64,6 %;61,7;2;10;10;4;6;3;;3;Passable;Mathématiques;Général
COH2026-4520;17;90,2 %;22,1;4;8;7;2;6;3;5;3;Passable;Gestion;Technologique
COH2026-4521;18;86,8 %;103,2;4;13;12;8;6;4;3;4;Passable;Biologie;Technologique
COH2026-4522;19;88,1 %;38,7;2;11;10;3;6;2;4;3;Passable;Lettres;Technologique
COH2026-4523;19;96,5 %;68,6;4;11;11;3;6;5;2;;Bien;STAPS;Général
COH2026-4524;22;80,2 %;16,3;5;8;5;0;5;3;2;2;Assez bien;Informatique;Général
COH2026-4525;20;78,4 %;47,8;1;10;10;2;5;5;3;4;Très bien;Gestion;Technologique
COH2026-4526;23;94,0 %;36,7;1;11;10;6;6;5;5;4;Très bien;STAPS;Professionnel
COH2026-4527;18;63,3 %;30,3;5;10;9;2;7;3;4;3;Assez bien;Biologie;Général
COH2026-4528;18;96,2 %;51,4;0;13;13;8;7;5;5;4;Passable;Droit;Professionnel
COH2026-4529;18;83,1 %;32,2;3;12;8;4;6;3;3;4;Passable;Lettres;Professionnel
COH2026-4530;23;70,2 %;47,7;7;9;7;0;5;1;;;Assez bien;Droit;Technologique
COH2026-4531;21;70,8 %;84,6;4;13;11;1;6;3;3;3;Bien;Droit;Général
COH2026-4532;19;80,4 %;35,8;4;8;7;2;6;2;3;3;Très bien;STAPS;Professionnel
COH2026-4533;24;87,2 %;44,6;2;8;7;6;7;4;3;5;Passable;Gestion;Général
COH2026-4534;17;71,8 %;47,8;4;12;8;2;5;4;4;3;Bien;Informatique;Général
COH2026-4535;20;69,7 %;25,7;5;11;10;4;5;3;3;;Assez bien;Droit;Général
COH2026-4536;19;98,0 %;57,1;0;8;8;7;6;5;5;2;Passable;Biologie;Général
COH2026-4537;18;69,7 %;34,8;5;10;8;4;6;3;4;3;;Mathématiques;Général
COH2026-4538;22;70,2 %;17,5;6;12;8;0;7;2;1;1;Très bien;Psychologie;Technologique
COH2026-4539;20;79,2 %;63,5;1;12;12;4;6;5;4;2;;Mathématiques;Technologique
COH2026-4540;19;79,7 %;87,5;3;13;10;4;5;3;4;3;Assez bien;Informatique;Technologique
COH2026-4541;18;66,9 %;4,4;7;11;7;0;7;1;2;2;Passable;Mathématiques;Général
COH2026-4542;18;72,1 %;60,3;3;9;6;4;6;3;;3;Très bien;Lettres;Général
COH2026-4543;19;58,6 %;19,5;6;12;8;0;7;2;3;2;Bien;Gestion;Général
COH2026-4544;23;84,7 %;75,0;1;13;11;0;5;3;2;3;Passable;Lettres;Général
COH2026-4545;21;66,6 %;25,1;6;11;6;0;7;3;2;3;Passable;Mathématiques;Général
COH2026-4546;20;76,6 %;62,6;3;12;10;2;7;3;2;2;Assez bien;Informatique;Professionnel
COH2026-4547;19;78,4 %;36,8;7;11;8;2;5;4;4;;Très bien;Informatique;Général
COH2026-4548;18;75,8 %;52,2;2;12;11;0;6;4;3;3;Passable;Psychologie;Général
COH2026-4549;18;77,1 %;57,9;4;8;6;1;7;3;5;2;Assez bien;Droit;Technologique
COH2026-4550;20;56,5 %;48,5;5;8;6;0;6;2;3;2;;STAPS;Général
COH2026-4551;18;97,7 %;32,7;5;9;6;4;7;4;2;2;Très bien;Informatique;Général
COH2026-4552;20;91,4 %;49,6;0;13;13;8;5;4;3;4;Assez bien;Biologie;Général
COH2026-4553;19;78,1 %;31,3;4;9;7;1;5;1;3;;Bien;Gestion;Général
COH2026-4554;21;56,7 %;32,6;6;9;6;0;6;1;3;2;Passable;Gestion;Professionnel
COH2026-4555;19;98,7 %;51,9;2;12;9;4;5;3;3;2;Assez bien;Droit;Technologique
COH2026-4556;19;86,4 %;21,8;2;10;9;3;7;4;5;4;Passable;Informatique;Technologique
COH2026-4557;20;83,0 %;12,0;3;10;8;3;7;3;5;2;;STAPS;Technologique
COH2026-4558;18;96,9 %;80,0;1;13;13;7;6;;4;4;Bien;Droit;Technologique
COH2026-4559;20;83,4 %;43,5;4;9;9;3;5;4;4;3;Passable;Mathématiques;Technologique
COH2026-4560;22;55,2 %;22,2;5;9;8;0;7;3;4;2;Assez bien;Psychologie;Général
COH2026-4561;18;75,3 %;70,7;4;10;10;6;6;4;4;4;Passable;Mathématiques;Général
COH2026-4562;21;84,6 %;27,6;2;8;6;1;5;2;3;3;Passable;Psychologie;Général
COH2026-4563;20;71,9 %;21,4;5;13;8;2;5;;4;1;Assez bien;Droit;Technologique
COH2026-4564;19;75,1 %;2,7;5;8;5;0;7;2;3;4;Assez bien;Psychologie;Professionnel
COH2026-4565;22;99,3 %;103,2;2;11;8;6;5;4;5;4;Passable;Gestion;Général
COH2026-4566;21;90,5 %;62,4;0;13;13;6;6;3;4;4;Assez bien;Droit;Général
COH2026-4567;18;92,7 %;59,8;3;8;7;7;7;5;3;3;Passable;Lettres;Technologique
COH2026-4568;23;71,5 %;27,5;1;8;7;4;6;5;3;4;Bien;Informatique;Général
COH2026-4569;19;80,4 %;20,3;5;11;11;4;7;3;5;3;Bien;Informatique;Général
COH2026-4570;20;93,3 %;34,4;6;8;6;3;5;4;4;;Passable;STAPS;Général
COH2026-4571;21;79,3 %;66,7;5;11;8;5;7;5;;3;Passable;Biologie;Général
COH2026-4572;20;58,8 %;51,7;7;12;7;0;6;;2;3;Passable;Droit;Technologique
COH2026-4573;22;91,0 %;25,6;7;13;9;4;5;2;1;3;Assez bien;Informatique;Général
COH2026-4574;23;53,9 %;26,7;6;11;7;0;6;1;1;5;Passable;Psychologie;Général
COH2026-4575;20;70,6 %;30,4;7;12;10;1;5;3;3;2;Assez bien;Psychologie;Général
COH2026-4576;21;57,9 %;14,6;5;8;5;0;7;1;2;2;;Mathématiques;Professionnel
COH2026-4577;20;90,4 %;64,0;4;13;13;9;5;3;3;3;Bien;Droit;Technologique
COH2026-4578;19;55,9 %;14,0;5;8;5;0;5;4;2;;Très bien;Informatique;Technologique
COH2026-4579;19;76,2 %;37,9;7;12;8;1;6;3;3;3;Très bien;Psychologie;Général
COH2026-4580;20;61,3 %;55,5;6;13;12;2;6;3;1;4;Passable;Droit;Général
COH2026-4581;19;77,4 %;78,7;2;11;8;3;5;2;2;2;Assez bien;Psychologie;Général
COH2026-4582;19;73,5 %;2,8;6;12;10;4;6;2;4;3;Passable;Psychologie;Général
COH2026-4583;19;85,8 %;51,1;2;13;12;2;7;3;5;2;Passable;Gestion;Technologique
COH2026-4584;17;77,4 %;39,6;6;8;6;3;5;2;2;3;Passable;Informatique;Professionnel
COH2026-4585;18;79,2 %;34,5;1;8;7;3;7;3;4;2;Passable;Mathématiques;Professionnel
COH2026-4586;20;67,8 %;35,0;5;10;7;2;5;1;3;2;;Droit;Technologique
COH2026-4587;18;74,0 %;50,5;4;10;9;3;5;4;4;1;Très bien;Lettres;Technologique
COH2026-4588;20;74,0 %;59,7;2;10;9;3;6;1;3;4;Assez bien;Droit;Technologique
COH2026-4589;21;99,0 %;24,4;2;10;10;5;7;5;;4;Assez bien;Biologie;Général
COH2026-4590;20;79,5 %;12,3;1;8;7;5;7;2;3;2;Passable;Mathématiques;Général
COH2026-4591;21;50,8 %;35,5;1;10;6;1;6;2;2;2;Assez bien;Gestion;Général
COH2026-4592;18;88,8 %;80,4;3;9;9;5;7;3;4;3;Passable;Psychologie;Général
COH2026-4593;19;76,7 %;46,6;4;11;8;2;6;3;1;2;Assez bien;STAPS;Technologique
COH2026-4594;18;60,5 %;15,7;6;13;10;0;6;4;2;1;Assez bien;Gestion;Professionnel
COH2026-4595;19;97,9 %;105,1;0;11;11;14;6;4;5;4;Très bien;Informatique;Général
COH2026-4596;26;79,5 %;35,8;2;10;7;3;7;3;3;3;Passable;Biologie;Technologique
COH2026-4597;17;93,4 %;49,9;0;9;9;4;5;5;4;;Assez bien;Informatique;Technologique
COH2026-4598;19;63,6 %;32,1;7;11;7;0;6;1;2;1;Assez bien;Psychologie;Général
COH2026-4599;18;64,0 %;12,7;4;13;9;0;5;2;3;2;Passable;Lettres;Général
COH2026-4600;24;71,0 %;65,8;5;13;10;3;6;2;4;2;;Mathématiques;Général
COH2026-4601;23;86,7 %;38,4;6;8;7;4;7;3;3;3;Assez bien;Informatique;Général
COH2026-4602;19;77,4 %;48,1;3;11;7;0;7;2;4;3;Passable;Informatique;Technologique
COH2026-4603;20;91,7 %;26,3;2;13;12;5;5;4;5;3;Passable;Gestion;Général
COH2026-4604;20;77,9 %;76,1;2;12;11;8;6;4;3;1;Bien;Droit;Général
COH2026-4605;21;82,3 %;54,4;2;9;9;7;6;4;3;3;Passable;Informatique;Technologique
COH2026-4606;17;84,0 %;69,0;5;8;8;6;7;5;4;3;Passable;Lettres;Professionnel
COH2026-4607;20;71,9 %;59,7;8;9;8;6;6;5;;1;Assez bien;Informatique;Général
COH2026-4608;18;70,8 %;27,1;5;13;13;3;6;3;4;;Assez bien;STAPS;Technologique
COH2026-4609;19;98,6 %;40,8;5;10;8;0;5;3;3;2;Passable;Droit;Général
COH2026-4610;20;55,8 %;26,9;6;8;6;5;7;1;4;2;Passable;Informatique;Technologique
COH2026-4611;19;73,9 %;28,0;0;9;7;2;6;3;4;3;Bien;Gestion;Technologique
COH2026-4612;19;85,0 %;53,3;3;8;6;5;5;5;5;4;Assez bien;Mathématiques;Technologique
COH2026-4613;20;64,8 %;26,2;5;13;7;3;6;3;5;3;Assez bien;Gestion;Général
COH2026-4614;20;74,5 %;19,0;6;13;6;0;7;;1;2;Assez bien;Gestion;Général
COH2026-4615;17;80,6 %;80,5;2;9;8;5;6;5;4;4;Passable;Gestion;Général
COH2026-4616;20;79,8 %;46,4;2;12;11;8;5;3;5;1;Assez bien;Droit;Général
COH2026-4617;20;57,7 %;24,2;1;11;9;1;6;;2;2;Très bien;STAPS;Technologique
COH2026-4618;21;83,0 %;39,1;3;8;7;7;6;5;3;5;Assez bien;Biologie;Général
COH2026-4619;19;83,9 %;28,1;6;8;6;3;6;4;2;3;Assez bien;Mathématiques;Technologique
COH2026-4620;21;81,8 %;25,3;3;12;12;2;6;4;3;3;Passable;Psychologie;Professionnel
COH2026-4621;24;89,6 %;56,0;2;10;8;1;5;;4;3;Passable;Informatique;Général
COH2026-4622;17;98,9 %;43,9;4;9;8;2;5;4;4;3;Assez bien;Psychologie;Technologique
COH2026-4623;20;59,2 %;11,0;5;10;6;0;5;1;;2;Bien;Gestion;Général
COH2026-4624;19;92,8 %;90,0;0;9;8;4;5;5;4;4;Très bien;Droit;Général
COH2026-4625;18;73,1 %;52,2;5;8;5;1;7;2;3;;Passable;STAPS;Technologique
COH2026-4626;21;84,9 %;32,8;8;12;8;4;6;4;3;3;Passable;Droit;Général
COH2026-4627;17;87,3 %;68,2;2;13;13;1;5;3;4;1;Assez bien;Biologie;Général
COH2026-4628;21;80,2 %;51,7;3;8;6;3;7;3;3;4;Bien;Psychologie;Général
COH2026-4629;19;98,9 %;61,6;1;13;12;9;7;5;5;3;Passable;Informatique;Technologique
COH2026-4630;22;83,0 %;55,2;1;10;10;4;6;;5;;Assez bien;Biologie;Technologique
COH2026-4631;19;69,3 %;55,9;4;13;13;5;6;5;;3;Bien;Lettres;Général
COH2026-4632;21;90,7 %;51,6;4;13;13;5;5;4;;3;Assez bien;Gestion;Général
COH2026-4633;22;68,7 %;17,2;8;10;8;1;5;2;3;3;Assez bien;Informatique;Général
COH2026-4634;19;72,2 %;22,9;5;12;10;0;7;2;2;3;Bien;STAPS;Général
COH2026-4635;21;82,7 %;18,8;4;8;6;2;5;3;2;4;Passable;Psychologie;Professionnel
COH2026-4636;19;59,5 %;4,0;5;8;5;0;6;1;3;1;Passable;Droit;Technologique
COH2026-4637;18;77,0 %;65,4;4;9;7;7;5;5;4;3;Passable;Psychologie;Général
COH2026-4638;23;61,0 %;61,6;4;8;6;4;6;3;1;3;Assez bien;Lettres;Général
COH2026-4639;19;64,7 %;56,5;3;11;9;8;6;2;3;3;Passable;Biologie;Technologique
COH2026-4640;18;92,6 %;81,0;2;8;8;7;6;3;4;3;Assez bien;Psychologie;Général
COH2026-4641;18;97,7 %;95,5;2;8;8;10;6;5;5;2;Bien;Mathématiques;Général
COH2026-4642;18;90,1 %;84,8;4;10;8;6;6;5;4;4;Passable;STAPS;Technologique
COH2026-4643;17;89,8 %;109,6;2;12;10;6;6;5;5;4;Passable;Lettres;Général
COH2026-4644;19;95,9 %;36,2;5;9;9;5;6;5;3;5;Passable;Informatique;Général
COH2026-4645;19;77,2 %;17,7;4;12;9;2;6;3;1;;Passable;Psychologie;Général
COH2026-4646;17;89,6 %;26,8;7;10;9;7;6;5;2;4;Passable;Gestion;Général
COH2026-4647;18;74,4 %;68,8;2;11;7;0;6;4;2;3;Très bien;Gestion;Général
COH2026-4648;19;66,0 %;53,1;8;12;8;3;7;2;2;2;Passable;Informatique;Général
COH2026-4649;20;77,7 %;44,0;6;9;8;3;6;4;3;3;Passable;Informatique;Général
COH2026-4650;18;87,4 %;72,6;3;11;11;8;6;5;3;4;Passable;Droit;Général
COH2026-4651;18;66,9 %;4,4;7;11;7;0;7;1;2;2;Passable;Mathématiques;Général
COH2026-4652;22;76,4 %;27,3;1;8;6;4;5;3;1;4;Assez bien;Gestion;Général
COH2026-4653;20;76,8 %;60,5;3;9;7;3;6;3;3;2;Assez bien;Informatique;Général
COH2026-4654;18;76,5 %;71,1;4;12;9;5;6;;5;4;Passable;Informatique;Général
COH2026-4655;23;78,4 %;23,8;1;12;8;3;5;3;4;4;Bien;Informatique;Général
COH2026-4656;20;81,3 %;68,1;3;11;10;2;5;3;3;1;Passable;Informatique;Général
COH2026-4657;20;71,6 %;28,3;2;8;7;1;6;3;3;5;Assez bien;Biologie;Général
COH2026-4658;21;72,7 %;55,8;2;11;9;1;6;2;3;2;Assez bien;Droit;Général
COH2026-4659;21;65,7 %;19,8;5;9;5;0;6;2;2;;Assez bien;Psychologie;Général
COH2026-4660;18;83,9 %;32,7;1;13;10;6;5;5;4;1;Bien;Biologie;Général
COH2026-4661;21;96,6 %;30,9;0;13;13;6;6;5;4;;Passable;Biologie;Général
COH2026-4662;20;61,8 %;21,6;4;8;4;1;5;3;3;1;Assez bien;Biologie;Technologique
COH2026-4663;18;99,4 %;112,4;1;13;13;10;6;5;4;5;Assez bien;STAPS;Général
COH2026-4664;20;76,9 %;24,6;9;13;9;1;7;;3;;Très bien;Informatique;Général
COH2026-4665;17;89,4 %;99,2;1;9;8;6;6;4;2;5;Assez bien;Biologie;Général
COH2026-4666;21;96,7 %;49,1;1;13;13;13;6;5;5;5;Bien;Informatique;Professionnel
COH2026-4667;19;88,2 %;62,8;4;8;8;2;7;5;5;4;Passable;STAPS;Général
COH2026-4668;18;96,0 %;30,5;4;11;9;4;7;3;3;4;Passable;STAPS;Technologique
COH2026-4669;24;81,0 %;43,4;6;8;8;3;7;5;5;2;Passable;Mathématiques;Général
COH2026-4670;20;59,4 %;6,8;5;10;5;0;6;1;2;2;Assez bien;Droit;Professionnel
COH2026-4671;21;77,7 %;37,5;2;9;8;8;6;4;5;3;Très bien;Droit;Général
COH2026-4672;18;97,6 %;66,1;0;12;12;11;6;5;4;4;Passable;Lettres;Général
COH2026-4673;18;74,4 %;30,9;2;10;8;0;6;2;4;1;;Lettres;Technologique
COH2026-4674;17;75,1 %;14,5;6;10;8;2;6;2;3;1;Passable;STAPS;Général
COH2026-4675;19;94,0 %;107,2;1;10;8;6;6;4;4;2;;Droit;Général
COH2026-4676;18;81,2 %;71,1;4;9;8;2;7;3;3;1;Assez bien;STAPS;Technologique
COH2026-4677;21;74,8 %;31,6;3;10;7;0;6;2;3;2;Assez bien;Informatique;Général
COH2026-4678;18;83,0 %;35,6;7;12;11;4;7;4;4;2;Assez bien;Lettres;Général
COH2026-4679;24;78,7 %;61,8;4;10;10;3;5;4;4;2;Passable;Psychologie;Technologique
COH2026-4680;18;79,2 %;11,5;6;9;6;2;5;2;3;2;Passable;Informatique;Technologique
COH2026-4681;22;83,8 %;46,7;4;8;6;4;6;3;4;2;Assez bien;Mathématiques;Général
COH2026-4682;21;50,2 %;29,6;6;13;6;0;7;3;1;2;Assez bien;Lettres;Général
COH2026-4683;19;98,7 %;87,8;0;11;11;7;6;5;5;4;Passable;Psychologie;Technologique
COH2026-4684;21;49,2 %;1,4;4;10;5;0;7;2;3;1;Bien;Informatique;Technologique
COH2026-4685;18;87,8 %;34,8;1;9;7;6;6;4;3;5;Passable;STAPS;Général
COH2026-4686;19;78,1 %;27,4;2;10;8;3;7;3;;3;Passable;Biologie;Technologique
COH2026-4687;17;78,2 %;22,1;5;8;5;3;6;1;;4;Passable;Psychologie;Général
COH2026-4688;20;91,8 %;84,7;2;12;12;8;5;5;4;3;Passable;Mathématiques;Technologique
COH2026-4689;18;74,2 %;23,9;5;10;8;3;6;4;4;4;Passable;Gestion;Professionnel
COH2026-4690;18;83,3 %;31,0;4;9;6;0;7;3;3;2;Passable;Mathématiques;Professionnel
COH2026-4691;18;66,9 %;6,5;4;9;6;0;6;1;3;1;Passable;Droit;Général
COH2026-4692;21;95,4 %;45,0;1;12;12;5;6;;4;4;Passable;Droit;Général
COH2026-4693;20;78,0 %;20,9;3;13;12;1;6;4;4;3;Très bien;Lettres;Général
COH2026-4694;21;74,2 %;33,8;2;12;12;2;6;5;4;3;Assez bien;Gestion;Général
COH2026-4695;20;71,9 %;59,7;8;9;8;6;6;5;;1;Assez bien;Informatique;Général
COH2026-4696;22;77,6 %;27,8;1;9;6;2;5;2;3;3;Très bien;Psychologie;Général
COH2026-4697;24;77,0 %;17,3;1;13;8;1;5;2;3;;Passable;Informatique;Technologique
COH2026-4698;18;88,7 %;86,2;1;12;12;4;6;5;3;3;Bien;Mathématiques;Général
COH2026-4699;19;69,2 %;35,4;5;13;13;2;6;5;3;3;Bien;Biologie;Technologique
COH2026-4700;18;77,8 %;59,9;1;8;8;12;5;5;3;2;Passable;Informatique;Technologique
COH2026-4701;21;88,5 %;38,9;5;13;13;4;7;4;5;4;Assez bien;Droit;Général
COH2026-4702;18;97,3 %;112,2;2;11;10;4;5;;5;5;Bien;Biologie;Technologique
COH2026-4703;18;50,5 %;0,0;6;11;6;0;5;2;1;1;Assez bien;Gestion;Technologique
COH2026-4704;20;80,9 %;66,7;7;8;7;2;7;3;4;4;Bien;Mathématiques;Technologique
COH2026-4705;19;80,5 %;24,4;4;11;9;3;6;3;3;3;Assez bien;Biologie;Professionnel
COH2026-4706;19;92,0 %;66,3;0;8;8;5;6;4;;5;Très bien;Mathématiques;Général
COH2026-4707;19;88,6 %;23,2;5;11;11;6;6;3;4;3;Passable;Biologie;Général
COH2026-4708;20;70,5 %;33,7;3;12;12;2;6;1;3;3;Assez bien;Lettres;Général
COH2026-4709;20;84,3 %;107,8;1;11;11;8;6;5;3;2;Passable;Droit;Général
COH2026-4710;21;63,4 %;9,4;7;11;7;0;6;2;;1;Assez bien;Gestion;Technologique
COH2026-4711;19;93,3 %;49,8;4;11;11;5;6;5;3;5;;Psychologie;Général
COH2026-4712;21;78,7 %;55,8;6;8;7;6;6;4;3;4;Bien;Droit;Général
COH2026-4713;19;78,1 %;49,6;4;11;9;1;6;4;4;3;Très bien;Droit;Général
COH2026-4714;17;67,7 %;0,7;4;11;8;2;5;3;2;2;Passable;Gestion;Général
COH2026-4715;24;85,8 %;41,6;3;13;11;3;7;4;3;3;Passable;Mathématiques;Général
COH2026-4716;18;80,0 %;84,4;5;12;12;5;5;5;5;;;Psychologie;Général
COH2026-4717;19;79,4 %;24,6;2;10;8;0;6;3;2;3;Bien;Droit;Technologique
COH2026-4718;18;85,8 %;95,8;0;13;13;7;6;4;5;3;Passable;Informatique;Général
COH2026-4719;20;79,3 %;67,2;9;13;10;1;5;3;2;1;Assez bien;Informatique;Technologique
COH2026-4720;22;71,4 %;37,2;5;13;12;5;6;4;3;2;Assez bien;Psychologie;Général
COH2026-4721;19;63,4 %;13,4;3;8;5;0;7;3;4;3;Passable;Gestion;Professionnel
COH2026-4722;21;96,1 %;46,5;0;12;11;4;7;5;4;5;Passable;Psychologie;Professionnel
COH2026-4723;21;56,7 %;32,6;6;9;6;0;6;1;3;2;Passable;Gestion;Professionnel
COH2026-4724;18;48,8 %;0,0;5;11;5;0;7;1;2;1;Passable;Gestion;Général
COH2026-4725;21;73,7 %;29,1;1;13;11;6;5;4;3;4;Assez bien;Droit;Technologique
COH2026-4726;17;72,0 %;24,4;4;13;12;4;5;3;3;2;Assez bien;Biologie;Technologique
COH2026-4727;19;67,5 %;32,6;2;11;9;1;5;3;2;3;Assez bien;Psychologie;Général
COH2026-4728;20;61,8 %;17,5;7;11;9;0;6;3;2;1;Passable;Biologie;Technologique
COH2026-4729;20;75,3 %;21,8;3;9;8;3;5;2;;1;Bien;Psychologie;Général
COH2026-4730;23;78,4 %;23,8;1;12;8;3;5;3;4;4;Bien;Informatique;Général
COH2026-4731;19;84,3 %;56,2;5;10;7;0;6;5;5;1;Assez bien;Informatique;Professionnel
COH2026-4732;19;93,2 %;49,7;0;10;10;7;7;5;5;2;Passable;Droit;Général
COH2026-4733;18;75,2 %;33,9;5;11;7;2;6;3;2;3;Assez bien;Droit;Général
COH2026-4734;20;80,7 %;11,7;2;10;7;2;5;2;3;4;;Psychologie;Général
COH2026-4735;20;91,2 %;95,9;0;10;10;6;6;5;5;5;Bien;Psychologie;Général
COH2026-4736;20;83,2 %;33,2;4;9;8;3;6;3;2;2;Assez bien;Informatique;Général
COH2026-4737;20;77,3 %;47,8;3;8;6;3;6;2;4;3;Bien;Lettres;Général
COH2026-4738;18;70,0 %;14,4;5;13;7;0;6;2;2;3;Bien;Mathématiques;Général
COH2026-4739;20;84,4 %;32,4;3;10;10;3;5;3;4;3;Bien;Mathématiques;Général
COH2026-4740;19;71,5 %;6,7;6;10;6;0;6;2;4;2;Passable;Droit;Général
COH2026-4741;18;70,0 %;68,8;5;8;7;7;5;4;3;5;Assez bien;Gestion;Technologique
COH2026-4742;19;90,5 %;27,3;2;13;10;3;7;3;4;2;Bien;Informatique;Technologique
COH2026-4743;19;50,4 %;42,9;8;12;8;0;5;4;2;1;Passable;Lettres;Général
COH2026-4744;19;59,9 %;47,8;4;12;9;1;7;3;3;;Très bien;Droit;Général
COH2026-4745;21;84,2 %;60,4;2;10;8;0;5;4;3;2;Bien;Mathématiques;Général
COH2026-4746;21;93,6 %;62,3;2;12;10;7;7;4;4;1;Très bien;Lettres;Général
COH2026-4747;22;58,5 %;12,6;7;10;7;0;6;2;2;2;Bien;Mathématiques;Technologique
COH2026-4748;21;79,6 %;27,5;2;11;9;1;6;4;4;3;Passable;Psychologie;Général
COH2026-4749;18;65,7 %;50,7;2;8;6;3;5;4;2;3;Bien;Biologie;Général
COH2026-4750;19;69,3 %;38,4;5;8;6;2;5;;2;4;Assez bien;Mathématiques;Général
COH2026-4751;20;68,8 %;76,0;4;13;7;1;6;3;3;2;Très bien;Psychologie;Général
COH2026-4752;21;84,9 %;32,8;8;12;8;4;6;4;3;3;Passable;Droit;Général
COH2026-4753;22;68,9 %;35,0;7;8;7;0;6;;4;;Très bien;Gestion;Général
COH2026-4754;22;78,6 %;57,2;8;13;10;2;6;2;3;;Bien;Lettres;Général
COH2026-4755;17;99,6 %;87,4;4;10;10;9;5;4;4;5;Passable;Psychologie;Technologique
COH2026-4756;19;73,6 %;7,2;5;13;8;1;6;2;3;5;Bien;Informatique;Professionnel
COH2026-4757;20;78,0 %;20,9;3;13;12;1;6;4;4;3;Très bien;Lettres;Général
COH2026-4758;22;81,5 %;0,3;4;12;9;0;6;2;2;2;Passable;Droit;Technologique
COH2026-4759;20;58,7 %;3,7;6;13;7;0;6;2;4;1;Assez bien;Mathématiques;Général
COH2026-4760;21;66,8 %;42,8;8;9;8;3;6;2;5;2;Passable;Mathématiques;Général
COH2026-4761;22;90,6 %;42,3;4;11;9;9;5;5;5;3;Très bien;Droit;Général
COH2026-4762;19;80,5 %;43,6;3;9;6;2;6;3;2;3;Assez bien;Mathématiques;Général
COH2026-4763;19;60,8 %;20,1;6;12;6;0;6;2;4;1;Passable;Lettres;Professionnel
COH2026-4764;19;82,8 %;50,3;3;10;10;3;7;3;4;4;Assez bien;Lettres;Technologique
COH2026-4765;18;84,4 %;43,4;6;12;8;3;6;3;2;3;Assez bien;Psychologie;Général
COH2026-4766;18;84,6 %;60,0;2;13;13;2;6;5;4;4;Passable;Informatique;Technologique
COH2026-4767;19;61,4 %;59,3;6;10;6;2;6;2;4;3;Assez bien;STAPS;Professionnel
COH2026-4768;21;86,4 %;72,8;1;13;12;4;7;3;5;3;Passable;Mathématiques;Général
COH2026-4769;17;78,5 %;65,3;3;10;10;2;7;3;;4;Bien;Mathématiques;Professionnel
COH2026-4770;18;86,3 %;100,8;1;11;11;5;5;5;3;3;Assez bien;Informatique;Général
COH2026-4771;22;80,6 %;21,1;8;12;8;1;6;4;4;2;Passable;Biologie;Général
COH2026-4772;21;90,2 %;64,2;3;8;6;6;6;4;3;3;Assez bien;STAPS;Technologique
COH2026-4773;19;96,6 %;53,8;3;12;12;2;6;5;4;3;Bien;Gestion;Technologique
COH2026-4774;19;71,2 %;77,3;4;9;7;4;6;4;2;1;Passable;Psychologie;Technologique
COH2026-4775;20;82,6 %;38,3;4;8;6;2;6;4;4;3;Assez bien;Biologie;Général
COH2026-4776;20;71,6 %;28,3;2;8;7;1;6;3;3;5;Assez bien;Biologie;Général
COH2026-4777;18;89,1 %;64,4;2;12;12;4;6;;4;4;Passable;Gestion;Professionnel
COH2026-4778;18;83,9 %;46,8;3;13;12;2;6;3;3;3;Passable;Informatique;Général
COH2026-4779;24;57,8 %;11,6;7;12;7;3;6;1;3;3;Passable;Gestion;Général
COH2026-4780;19;90,5 %;49,9;4;11;9;2;5;3;5;2;Passable;Informatique;Professionnel
COH2026-4781;20;80,7 %;22,7;0;11;10;2;7;5;4;3;Assez bien;Biologie;Général
COH2026-4782;18;71,0 %;7,4;3;10;8;1;5;3;2;3;Assez bien;Gestion;Technologique
COH2026-4783;18;61,6 %;35,1;2;11;10;5;5;3;4;;Bien;Mathématiques;Général
COH2026-4784;20;46,1 %;5,6;9;13;9;0;6;1;1;2;;Psychologie;Général
COH2026-4785;23;64,1 %;10,1;4;11;9;2;6;2;3;3;Passable;Lettres;Professionnel
COH2026-4786;19;72,6 %;31,7;6;11;8;2;6;2;2;2;Bien;Droit;Technologique
COH2026-4787;17;87,2 %;44,0;4;9;8;2;6;3;3;;Passable;Lettres;Technologique
COH2026-4788;20;59,6 %;4,9;5;8;5;0;6;2;2;;Très bien;Droit;Général
COH2026-4789;18;80,7 %;88,7;6;10;9;5;6;4;5;4;Assez bien;STAPS;Technologique
COH2026-4790;19;86,9 %;33,9;3;11;11;5;6;3;3;3;Passable;Droit;Professionnel
COH2026-4791;19;81,0 %;47,1;5;11;9;3;7;2;4;4;Bien;Gestion;Général
COH2026-4792;18;95,9 %;28,4;1;9;9;4;5;5;3;5;Passable;Informatique;Général
COH2026-4793;21;61,1 %;14,9;3;13;9;2;6;4;2;3;Passable;STAPS;Professionnel
COH2026-4794;21;77,7 %;23,6;0;10;7;5;7;3;3;4;;Mathématiques;Général
COH2026-4795;19;69,5 %;37,8;4;9;7;2;6;5;2;;Passable;Gestion;Technologique
COH2026-4796;19;77,8 %;48,8;3;8;7;9;5;5;4;3;Assez bien;Psychologie;Général
COH2026-4797;20;72,1 %;43,5;2;13;12;3;6;2;3;3;Passable;Droit;Général
COH2026-4798;18;78,2 %;17,7;7;10;8;1;7;3;4;4;Assez bien;Gestion;Général
COH2026-4799;20;59,2 %;20,4;2;13;12;6;6;2;4;1;Assez bien;Gestion;Professionnel
COH2026-4800;20;73,5 %;2,4;0;10;7;1;7;2;2;2;Assez bien;Gestion;Technologique
COH2026-4801;20;69,3 %;21,4;8;12;9;1;5;3;1;5;Assez bien;Droit;Professionnel
COH2026-4802;20;86,0 %;70,0;4;12;8;6;6;3;3;2;Très bien;Informatique;Professionnel
COH2026-4803;21;84,6 %;27,6;2;8;6;1;5;2;3;3;Passable;Psychologie;Général
COH2026-4804;17;70,7 %;112,9;3;12;9;3;7;3;3;1;Passable;Droit;Technologique
COH2026-4805;19;91,3 %;70,7;0;12;12;3;6;5;4;5;Très bien;Psychologie;Général
COH2026-4806;26;62,9 %;81,8;3;12;9;1;6;;4;3;Passable;Biologie;Général
COH2026-4807;23;71,6 %;26,4;1;11;11;5;6;3;3;3;Bien;Mathématiques;Général
COH2026-4808;18;70,2 %;35,9;3;8;7;1;6;1;2;1;Passable;Gestion;Professionnel
COH2026-4809;17;98,1 %;56,5;3;12;11;3;7;3;5;1;Bien;Psychologie;Général
COH2026-4810;20;69,6 %;69,4;5;8;8;5;6;4;3;3;Passable;Lettres;Général
COH2026-4811;21;61,5 %;6,9;5;9;5;0;7;2;1;3;Passable;Lettres;Général
COH2026-4812;24;72,0 %;47,3;2;9;6;1;6;5;4;3;Assez bien;Lettres;Général
COH2026-4813;20;92,2 %;32,0;1;11;10;6;6;5;5;3;Passable;Biologie;Général
COH2026-4814;21;81,5 %;15,1;8;12;8;3;5;2;1;1;Assez bien;Mathématiques;Général
COH2026-4815;18;94,9 %;46,0;3;11;11;6;7;5;;2;Passable;Biologie;Technologique
COH2026-4816;24;89,5 %;3,3;5;8;5;0;5;3;4;1;Assez bien;Mathématiques;Général
COH2026-4817;20;91,5 %;83,5;1;11;11;10;5;5;5;4;Passable;Informatique;Professionnel
COH2026-4818;22;99,5 %;35,2;0;11;11;10;6;4;4;;Assez bien;STAPS;Général
COH2026-4819;19;80,5 %;24,4;4;11;9;3;6;3;3;3;Assez bien;Biologie;Professionnel
COH2026-4820;19;87,9 %;32,5;2;9;7;1;6;4;2;3;Passable;Informatique;Général
COH2026-4821;21;84,9 %;31,2;1;11;11;6;6;3;4;3;Très bien;Mathématiques;Technologique
COH2026-4822;19;83,9 %;14,3;7;11;8;0;6;3;3;4;Assez bien;Informatique;Général
COH2026-4823;24;97,9 %;97,1;0;9;9;11;7;5;3;4;Bien;Droit;Général
COH2026-4824;20;81,2 %;69,1;4;11;8;5;5;3;2;5;Passable;Informatique;Technologique
COH2026-4825;23;81,7 %;11,6;4;12;10;3;5;3;4;3;Passable;Psychologie;Professionnel
COH2026-4826;18;85,7 %;30,3;1;8;7;1;6;3;1;2;Bien;Biologie;Général
COH2026-4827;20;76,1 %;34,3;1;11;10;1;5;2;3;3;Passable;Droit;Général
COH2026-4828;23;79,0 %;22,8;2;9;6;1;5;3;;1;Passable;Droit;Général
COH2026-4829;20;92,9 %;42,2;0;13;13;11;5;4;4;3;Passable;Mathématiques;Général
COH2026-4830;19;52,4 %;0,0;7;13;7;0;7;3;1;;Passable;Droit;Général
COH2026-4831;22;75,2 %;39,3;7;9;8;0;5;4;5;1;Assez bien;Mathématiques;Technologique
COH2026-4832;19;81,5 %;45,7;5;12;9;4;6;3;5;4;Assez bien;Mathématiques;Général
COH2026-4833;18;70,3 %;11,9;4;8;5;0;6;2;1;1;Assez bien;Informatique;Général
COH2026-4834;20;52,8 %;22,5;6;13;11;0;7;;1;4;Passable;Lettres;Général
COH2026-4835;19;90,2 %;45,1;1;10;10;4;6;3;4;5;Assez bien;Lettres;Technologique
COH2026-4836;21;96,7 %;49,1;1;13;13;13;6;5;5;5;Bien;Informatique;Professionnel
COH2026-4837;22;77,6 %;49,8;4;8;8;5;5;3;4;1;Assez bien;Mathématiques;Général
COH2026-4838;18;83,1 %;40,1;7;11;7;1;5;3;3;3;Bien;Gestion;Général
COH2026-4839;17;87,1 %;68,0;1;11;11;9;6;5;3;2;Bien;Psychologie;Général
COH2026-4840;22;70,4 %;49,4;3;13;11;4;6;3;4;4;Très bien;Mathématiques;Technologique
COH2026-4841;21;96,7 %;27,7;2;8;8;7;7;5;4;4;Passable;Informatique;Général
COH2026-4842;17;78,8 %;35,0;5;8;8;9;6;;5;4;Bien;Gestion;Général
COH2026-4843;21;84,4 %;68,7;8;9;8;6;5;3;2;4;Passable;Psychologie;Général
COH2026-4844;18;88,7 %;64,6;6;13;10;3;7;3;4;4;Assez bien;Psychologie;Technologique
COH2026-4845;20;79,6 %;41,6;1;11;9;5;6;3;4;2;Passable;Droit;Général
COH2026-4846;21;56,1 %;3,9;4;10;6;0;6;3;3;2;Assez bien;Lettres;Technologique
COH2026-4847;19;87,7 %;51,3;1;10;9;9;6;4;5;4;Passable;Informatique;Général
COH2026-4848;20;82,2 %;41,2;2;12;12;12;7;5;2;2;Bien;Gestion;Technologique
COH2026-4849;19;79,5 %;52,9;2;9;9;5;6;3;2;3;Bien;Mathématiques;Général
COH2026-4850;19;84,9 %;33,0;2;12;9;2;7;4;5;2;Très bien;Biologie;Professionnel
COH2026-4851;19;70,3 %;13,9;3;11;7;1;7;2;2;5;Assez bien;Droit;Technologique
COH2026-4852;17;66,8 %;26,9;7;13;7;0;7;1;4;1;Passable;Mathématiques;Technologique
COH2026-4853;19;92,6 %;40,1;0;8;8;7;5;;4;3;Bien;Droit;Général
COH2026-4854;21;72,7 %;55,8;2;11;9;1;6;2;3;2;Assez bien;Droit;Général
COH2026-4855;24;94,1 %;39,9;1;10;10;5;5;3;4;4;Bien;Gestion;Technologique
COH2026-4856;19;62,1 %;79,4;3;11;10;0;7;3;4;3;Assez bien;Biologie;Technologique
COH2026-4857;23;56,9 %;5,3;3;9;3;0;6;3;2;1;Très bien;Droit;Général
COH2026-4858;21;62,9 %;32,1;3;10;8;4;6;3;2;2;Assez bien;Informatique;Professionnel
COH2026-4859;18;76,0 %;55,7;0;8;6;1;6;2;3;;Passable;Psychologie;Général
COH2026-4860;20;87,4 %;53,7;7;11;11;8;7;3;4;4;Assez bien;Psychologie;Technologique
COH2026-4861;19;66,0 %;53,1;8;12;8;3;7;2;2;2;Passable;Informatique;Général
COH2026-4862;19;75,1 %;25,2;3;9;7;4;6;3;4;1;Assez bien;Droit;Général
COH2026-4863;19;90,8 %;64,4;4;10;9;1;5;3;3;3;Bien;Biologie;Général
COH2026-4864;20;81,8 %;57,9;1;11;11;4;6;3;4;3;Passable;Mathématiques;Technologique
COH2026-4865;18;96,5 %;39,4;3;9;9;4;6;5;5;3;Bien;Droit;Technologique
COH2026-4866;18;74,2 %;23,9;5;10;8;3;6;4;4;4;Passable;Gestion;Professionnel
COH2026-4867;20;83,5 %;96,8;2;13;13;4;5;4;4;2;Assez bien;Droit;Général
COH2026-4868;19;72,2 %;28,3;6;13;8;2;7;4;5;1;Très bien;Informatique;Technologique
COH2026-4869;19;90,6 %;104,0;2;11;11;8;7;5;5;3;Bien;Droit;Général
COH2026-4870;20;97,0 %;60,9;0;12;12;11;6;5;4;4;Bien;Droit;Général
COH2026-4871;20;87,8 %;74,2;2;9;8;3;5;3;5;5;Passable;STAPS;Général
COH2026-4872;18;93,2 %;37,2;3;10;8;4;6;3;3;3;Très bien;Informatique;Général
COH2026-4873;23;88,9 %;49,7;4;12;9;4;6;4;4;3;Assez bien;Psychologie;Technologique
COH2026-4874;23;71,2 %;4,0;5;10;5;0;5;1;3;2;Passable;Lettres;Général
COH2026-4875;20;78,0 %;65,2;5;10;10;5;6;4;4;4;Passable;Informatique;Général
COH2026-4876;19;68,2 %;51,7;6;11;10;1;6;1;4;5;Assez bien;Mathématiques;Général
COH2026-4877;20;78,5 %;31,1;3;13;10;6;6;4;;2;Assez bien;Mathématiques;Général
COH2026-4878;20;64,6 %;33,4;2;11;8;2;7;4;3;3;Passable;Psychologie;Technologique
COH2026-4879;19;98,2 %;69,3;1;10;9;9;6;5;4;2;Passable;Mathématiques;Professionnel
COH2026-4880;20;74,9 %;49,5;4;8;6;2;5;4;2;;Bien;Informatique;Général
COH2026-4881;19;99,3 %;98,9;4;10;10;3;6;5;4;3;Passable;Informatique;Général
COH2026-4882;21;89,0 %;31,5;8;10;10;5;7;;3;5;Bien;Informatique;Général
COH2026-4883;22;86,3 %;35,4;2;12;11;4;6;;3;;Assez bien;Droit;Technologique
COH2026-4884;18;89,2 %;40,5;5;12;10;3;6;5;2;;Assez bien;STAPS;Général
COH2026-4885;19;83,9 %;44,7;6;10;7;1;6;3;;2;Passable;Gestion;Général
COH2026-4886;20;85,8 %;28,5;5;10;9;1;5;3;;3;Assez bien;Biologie;Professionnel
COH2026-4887;19;98,0 %;108,0;3;9;9;6;6;5;5;2;Passable;Informatique;Technologique
COH2026-4888;20;84,7 %;55,2;5;13;11;7;6;5;5;3;Passable;Lettres;Technologique
COH2026-4889;20;69,9 %;17,1;5;8;5;0;5;1;1;2;Passable;Lettres;Général
COH2026-4890;17;64,5 %;17,6;6;10;6;3;7;3;5;3;;Psychologie;Général
COH2026-4891;18;71,9 %;35,4;4;8;5;3;7;4;5;3;Passable;Psychologie;Technologique
COH2026-4892;17;90,8 %;26,1;6;13;12;1;5;4;4;5;Assez bien;Lettres;Général
COH2026-4893;19;98,1 %;82,9;1;9;9;7;7;5;5;5;Passable;Gestion;Général
COH2026-4894;20;90,0 %;39,8;2;12;10;6;6;4;3;3;Passable;Gestion;Technologique
COH2026-4895;18;86,1 %;30,6;4;9;7;1;6;;4;2;Passable;Informatique;Général
COH2026-4896;19;99,7 %;54,9;0;10;9;5;5;3;5;2;Passable;Psychologie;Professionnel
COH2026-4897;19;70,4 %;33,4;3;13;11;2;5;4;5;1;Assez bien;STAPS;Professionnel
COH2026-4898;19;66,9 %;25,7;4;10;9;1;6;3;2;3;Assez bien;Informatique;Général
COH2026-4899;19;52,2 %;37,8;3;11;8;0;6;2;3;3;Passable;Droit;Général
COH2026-4900;21;99,5 %;107,8;2;9;8;3;6;5;3;4;Assez bien;Droit;Professionnel
COH2026-4901;21;77,2 %;50,7;4;12;10;4;5;4;2;4;Passable;Gestion;Général
COH2026-4902;21;95,0 %;48,9;3;10;10;6;5;3;3;2;Assez bien;Psychologie;Général
COH2026-4903;21;81,1 %;57,8;5;10;8;0;6;3;3;3;Assez bien;Biologie;Général
COH2026-4904;18;81,0 %;16,7;6;8;6;2;6;2;3;4;Assez bien;Droit;Général
COH2026-4905;18;84,7 %;80,9;1;13;13;8;7;5;;4;Passable;Psychologie;Général
COH2026-4906;18;61,5 %;2,0;2;12;8;0;7;1;3;1;Passable;Droit;Général
COH2026-4907;24;90,7 %;74,3;2;10;10;6;5;4;4;4;Assez bien;Informatique;Général
COH2026-4908;22;98,1 %;83,2;1;13;10;5;6;4;4;5;Assez bien;Informatique;Professionnel
COH2026-4909;19;82,0 %;55,6;6;8;6;7;6;3;2;3;Passable;Psychologie;Général
COH2026-4910;20;86,1 %;38,8;6;12;10;1;5;5;3;2;Bien;Gestion;Général
COH2026-4911;19;53,2 %;34,8;7;10;7;0;6;2;4;2;Assez bien;Gestion;Général
COH2026-4912;17;86,3 %;22,7;3;13;11;1;7;4;3;1;Très bien;Biologie;Général
COH2026-4913;18;70,0 %;31,2;3;10;6;2;5;4;2;3;Assez bien;Gestion;Technologique
COH2026-4914;18;72,9 %;79,3;5;13;10;2;6;4;4;4;;STAPS;Technologique
COH2026-4915;21;90,5 %;8,1;8;12;9;0;7;3;4;3;Bien;Droit;Général
COH2026-4916;19;56,6 %;22,2;2;8;7;2;6;3;3;3;Assez bien;STAPS;Général
COH2026-4917;19;64,0 %;0,3;10;13;10;1;5;1;3;1;Passable;Droit;Technologique
COH2026-4918;17;95,6 %;59,4;3;10;10;6;6;4;2;5;Passable;Gestion;Général
COH2026-4919;18;97,0 %;80,4;2;11;11;6;7;5;5;5;Très bien;STAPS;Professionnel
COH2026-4920;18;76,2 %;17,3;4;13;12;3;6;4;4;2;Assez bien;Lettres;Général
COH2026-4921;19;76,4 %;51,5;4;9;6;1;6;5;2;;Passable;STAPS;Professionnel
COH2026-4922;21;38,2 %;0,0;4;13;4;0;7;1;1;1;Bien;STAPS;Général
COH2026-4923;19;88,1 %;72,8;4;13;13;3;6;5;3;;Bien;Informatique;Général
COH2026-4924;19;64,4 %;38,4;6;10;7;4;6;5;4;1;Assez bien;Mathématiques;Général
COH2026-4925;17;62,8 %;1,7;5;10;8;2;7;2;3;1;Très bien;STAPS;Technologique
COH2026-4926;20;74,8 %;28,7;2;13;8;0;6;;2;2;Passable;Lettres;Professionnel
COH2026-4927;21;84,0 %;69,4;2;8;8;9;5;4;4;5;Assez bien;Biologie;Général
COH2026-4928;22;73,9 %;7,0;4;9;5;2;6;4;;3;Assez bien;Gestion;Professionnel
COH2026-4929;19;77,2 %;18,0;4;13;10;2;6;2;4;1;Passable;STAPS;Général
COH2026-4930;20;86,2 %;55,2;2;13;13;6;6;4;3;2;Assez bien;Droit;Technologique
COH2026-4931;21;75,8 %;38,8;7;9;7;1;6;2;2;3;Assez bien;Lettres;Général
COH2026-4932;19;75,1 %;51,3;3;12;7;3;6;4;3;2;Passable;Gestion;Général
COH2026-4933;20;65,4 %;18,8;3;10;7;1;5;2;3;4;Très bien;Psychologie;Général
COH2026-4934;17;75,8 %;62,3;4;8;5;5;6;3;2;1;Assez bien;Droit;Général
COH2026-4935;23;78,0 %;97,7;3;10;10;4;6;;3;3;Assez bien;Biologie;Professionnel
COH2026-4936;18;64,4 %;5,8;4;10;4;0;5;1;3;2;Très bien;Gestion;Technologique
COH2026-4937;23;53,9 %;26,7;6;11;7;0;6;1;1;5;Passable;Psychologie;Général
COH2026-4938;20;92,7 %;65,4;4;9;7;4;7;3;3;2;Bien;STAPS;Général
COH2026-4939;19;75,8 %;36,7;2;9;7;2;6;1;1;3;Assez bien;Gestion;Technologique
COH2026-4940;20;61,0 %;21,3;7;10;7;0;5;;;1;Assez bien;Droit;Professionnel
COH2026-4941;18;99,4 %;52,7;1;12;11;12;6;5;4;5;Très bien;Psychologie;Général
COH2026-4942;18;62,0 %;7,5;5;11;5;0;5;1;3;3;Assez bien;STAPS;Général
COH2026-4943;21;80,0 %;78,9;5;9;9;1;6;3;;4;Passable;Biologie;Général
COH2026-4944;18;64,3 %;62,0;5;11;8;1;5;3;3;2;Passable;Droit;Technologique
COH2026-4945;23;65,7 %;55,2;6;13;10;4;5;2;4;4;Assez bien;Gestion;Professionnel
COH2026-4946;19;74,4 %;6,2;2;10;6;0;5;3;4;2;Passable;Biologie;Général
COH2026-4947;18;62,7 %;34,1;6;10;7;0;6;1;2;2;Assez bien;Psychologie;Professionnel
COH2026-4948;18;66,9 %;6,5;4;9;6;0;6;1;3;1;Passable;Droit;Général
COH2026-4949;20;76,2 %;94,5;3;12;10;4;6;3;4;2;Passable;STAPS;Professionnel
COH2026-4950;26;70,1 %;26,0;2;13;12;3;5;2;3;2;Très bien;Biologie;Professionnel
COH2026-4951;19;79,4 %;24,6;2;10;8;0;6;3;2;3;Bien;Droit;Technologique
COH2026-4952;20;68,3 %;65,1;4;12;9;0;6;3;4;3;Bien;Informatique;Professionnel
COH2026-4953;19;90,0 %;66,7;6;9;7;2;6;3;5;4;Assez bien;Psychologie;Général
COH2026-4954;18;87,5 %;98,4;0;10;7;3;6;3;;4;Bien;Informatique;Professionnel
COH2026-4955;21;82,7 %;18,8;4;8;6;2;5;3;2;4;Passable;Psychologie;Professionnel
COH2026-4956;18;78,5 %;53,6;2;9;9;4;5;5;;3;Assez bien;Biologie;Professionnel
COH2026-4957;20;84,4 %;32,4;3;10;10;3;5;3;4;3;Bien;Mathématiques;Général
COH2026-4958;17;82,6 %;25,4;4;13;11;1;7;3;;2;Passable;Informatique;Général
COH2026-4959;18;89,8 %;20,1;6;13;10;2;6;3;4;2;Passable;STAPS;Général
COH2026-4960;19;90,4 %;46,8;2;10;7;2;5;2;5;4;Passable;Lettres;Général
COH2026-4961;21;62,3 %;31,7;3;10;7;3;5;3;3;2;Bien;Mathématiques;Professionnel
COH2026-4962;19;47,8 %;0,3;5;11;5;0;6;1;1;1;Assez bien;Biologie;Technologique
COH2026-4963;22;66,6 %;55,0;3;10;8;1;7;4;;3;Bien;Psychologie;Général
COH2026-4964;20;89,1 %;44,6;2;10;10;3;7;3;4;3;Passable;Biologie;Technologique
COH2026-4965;18;80,9 %;64,3;2;10;8;3;6;3;2;2;Passable;Gestion;Technologique
COH2026-4966;19;62,8 %;25,2;4;9;4;0;6;2;3;1;Bien;Lettres;Général
COH2026-4967;18;79,2 %;4,2;6;9;6;0;7;1;2;2;Bien;Lettres;Général
COH2026-4968;20;79,2 %;63,5;1;12;12;4;6;5;4;2;;Mathématiques;Technologique
COH2026-4969;21;61,7 %;3,3;3;11;7;0;7;1;3;;Passable;Gestion;Général
COH2026-4970;20;69,7 %;35,2;0;13;11;0;6;2;3;3;Passable;Informatique;Professionnel
COH2026-4971;18;69,5 %;55,2;3;13;13;1;5;5;4;3;Bien;Gestion;Général
COH2026-4972;18;73,4 %;56,7;5;8;5;1;6;2;4;2;Passable;Droit;Général
COH2026-4973;18;99,9 %;72,1;1;8;8;3;7;5;4;4;Passable;Biologie;Général
COH2026-4974;19;66,9 %;19,1;3;12;11;3;6;3;4;2;Passable;Psychologie;Professionnel
COH2026-4975;19;77,2 %;18,0;4;13;10;2;6;2;4;1;Passable;STAPS;Général
COH2026-4976;22;42,3 %;31,3;7;13;9;0;5;1;1;;Bien;Gestion;Technologique
COH2026-4977;20;91,0 %;44,2;4;8;6;9;5;4;3;3;Assez bien;Informatique;Professionnel
COH2026-4978;18;81,0 %;74,4;4;13;12;3;5;3;5;3;Assez bien;STAPS;Général
COH2026-4979;22;99,3 %;103,2;2;11;8;6;5;4;5;4;Passable;Gestion;Général
COH2026-4980;20;91,8 %;16,8;2;11;11;3;7;4;;3;Assez bien;STAPS;Général
COH2026-4981;19;98,0 %;108,0;3;9;9;6;6;5;5;2;Passable;Informatique;Technologique
COH2026-4982;24;89,6 %;56,0;2;10;8;1;5;;4;3;Passable;Informatique;Général
COH2026-4983;19;96,6 %;53,8;3;12;12;2;6;5;4;3;Bien;Gestion;Technologique
COH2026-4984;17;75,7 %;37,6;2;9;7;1;6;3;4;3;Passable;Informatique;Général
COH2026-4985;19;92,7 %;79,2;5;8;6;2;5;;3;4;Bien;Gestion;Général
COH2026-4986;21;78,0 %;39,7;4;8;7;3;6;4;3;4;Très bien;Informatique;Général
COH2026-4987;26;82,5 %;47,7;4;8;6;1;7;3;3;4;Assez bien;Gestion;Général
COH2026-4988;19;87,4 %;31,8;6;11;8;2;7;3;4;3;Passable;Psychologie;Général
COH2026-4989;17;98,2 %;48,6;3;9;8;3;7;5;3;3;Assez bien;Droit;Général
COH2026-4990;17;65,4 %;73,5;3;8;7;5;5;1;4;3;Passable;Droit;Général
COH2026-4991;20;50,4 %;0,0;6;12;6;0;7;2;1;2;Assez bien;Droit;Technologique
COH2026-4992;21;66,8 %;42,8;8;9;8;3;6;2;5;2;Passable;Mathématiques;Général
COH2026-4993;22;62,9 %;10,1;5;11;5;0;6;1;2;2;Assez bien;Informatique;Professionnel
COH2026-4994;22;77,3 %;45,5;6;11;9;3;5;3;1;3;Passable;Mathématiques;Général
COH2026-4995;21;84,3 %;53,3;2;12;10;5;7;3;2;3;Passable;Psychologie;Général
COH2026-4996;18;54,8 %;34,2;5;11;7;0;7;4;1;2;Bien;Mathématiques;Technologique
COH2026-4997;21;76,4 %;77,9;3;10;9;8;5;4;2;4;Passable;Gestion;Général
COH2026-4998;23;75,9 %;25,5;3;10;7;1;6;1;2;1;Bien;Gestion;Général
COH2026-4999;18;96,5 %;39,4;3;9;9;4;6;5;5;3;Bien;Droit;Technologique
COH2026-5000;17;57,5 %;37,8;4;12;8;0;5;1;3;1;Passable;Lettres;Général
