reference_dossier;age;taux_presence_pct;heures_lms_total;retards_rendus;nb_devoirs_total;nb_devoirs_rendus;messages_forum;nb_ue_total;motivation;satisfaction;sentiment_appartenance;mention_bac;filiere;bac_type
COH2027-0001;20;52,2 %;11,2;3;8;6;0;5;1;1;1;Passable;Informatique;Technologique
COH2027-0002;22;52,9 %;13,3;10;13;11;3;6;1;2;2;Passable;Informatique;Général
COH2027-0003;19;70,0 %;33,4;7;9;7;2;6;2;4;3;Assez bien;Informatique;Général
COH2027-0004;20;68,6 %;14,9;5;12;11;4;5;;1;4;Passable;Mathématiques;Technologique
COH2027-0005;20;64,4 %;16,2;6;10;10;3;5;2;3;2;Bien;Mathématiques;Général
COH2027-0006;20;39,6 %;14,7;5;10;5;0;7;3;4;1;Bien;Informatique;Général
COH2027-0007;22;67,6 %;27,9;7;11;7;4;6;3;;;Passable;STAPS;Général
COH2027-0008;20;46,3 %;8,3;8;10;8;3;5;2;3;2;Assez bien;Lettres;Général
COH2027-0009;18;50,8 %;5,8;6;8;6;0;5;1;3;1;Bien;Informatique;Technologique
COH2027-0010;20;39,2 %;18,9;6;12;8;1;5;2;2;3;Passable;Informatique;Général
COH2027-0011;17;77,4 %;40,8;3;12;12;11;7;4;4;4;;Informatique;Technologique
COH2027-0012;17;60,9 %;22,6;3;12;11;0;6;3;3;2;Bien;Mathématiques;Général
COH2027-0013;18;50,6 %;13,2;7;11;10;3;5;1;2;3;Assez bien;Gestion;Professionnel
COH2027-0014;18;60,3 %;34,8;4;11;11;3;6;1;3;;Passable;Informatique;Technologique
COH2027-0015;19;63,9 %;24,1;5;9;9;6;5;3;3;4;Assez bien;Informatique;Général
COH2027-0016;20;77,1 %;67,8;4;10;10;2;6;4;4;4;Assez bien;Lettres;Général
COH2027-0017;21;79,4 %;35,6;4;10;10;2;5;4;2;3;Passable;Psychologie;Général
COH2027-0018;17;58,5 %;8,7;7;10;8;5;6;1;4;2;;Informatique;Professionnel
COH2027-0019;19;67,6 %;40,5;5;9;7;2;6;3;4;1;;Informatique;Technologique
COH2027-0020;20;65,5 %;40,4;8;13;11;6;5;;;2;Assez bien;Droit;Général
COH2027-0021;19;73,2 %;24,9;3;10;10;7;7;4;4;1;Passable;Informatique;Général
COH2027-0022;21;69,9 %;37,5;4;9;9;7;5;4;2;4;Passable;Biologie;Général
COH2027-0023;20;24,0 %;0,0;4;9;4;0;5;;1;1;Très bien;Gestion;Général
COH2027-0024;19;61,0 %;12,2;6;9;6;1;6;1;1;2;Assez bien;Mathématiques;Général
COH2027-0025;20;41,0 %;10,7;7;10;7;0;5;;;1;Assez bien;Informatique;Professionnel
COH2027-0026;19;71,6 %;29,8;7;11;11;7;6;4;3;3;Assez bien;STAPS;Général
COH2027-0027;21;76,5 %;8,6;10;12;11;2;7;1;3;1;Assez bien;Informatique;Général
COH2027-0028;20;45,2 %;18,2;9;12;9;0;6;1;4;1;Passable;Informatique;Général
COH2027-0029;21;79,7 %;51,5;4;11;11;8;6;4;4;4;Très bien;Informatique;Technologique
COH2027-0030;18;59,4 %;36,5;7;9;9;8;5;2;2;2;Passable;Mathématiques;Général
COH2027-0031;19;59,8 %;19,9;6;9;9;2;5;4;3;3;Passable;Informatique;Général
COH2027-0032;22;57,1 %;6,9;8;12;8;0;7;2;2;1;Très bien;Informatique;Général
COH2027-0033;19;56,8 %;21,6;6;10;6;2;5;2;3;2;Passable;Gestion;Général
COH2027-0034;22;56,7 %;11,3;8;9;8;4;7;1;4;2;Assez bien;Droit;Général
COH2027-0035;21;65,9 %;31,9;6;12;12;8;5;4;3;2;Très bien;Informatique;Technologique
COH2027-0036;20;72,8 %;17,6;5;9;8;1;6;3;1;2;Passable;Informatique;Général
COH2027-0037;19;33,1 %;10,6;8;12;8;0;6;1;1;1;Assez bien;Informatique;Technologique
COH2027-0038;22;51,0 %;11,4;6;8;6;2;6;4;1;3;Passable;Psychologie;Général
COH2027-0039;22;55,7 %;30,0;8;13;11;3;6;2;4;2;Passable;Gestion;Général
COH2027-0040;20;65,3 %;21,0;8;13;8;4;7;3;4;;Passable;Gestion;Général
COH2027-0041;21;41,5 %;3,5;5;9;5;0;7;1;1;2;Passable;Informatique;Général
COH2027-0042;23;76,9 %;13,0;3;10;10;8;6;4;3;4;Bien;Informatique;Général
COH2027-0043;17;37,4 %;6,5;7;8;7;0;6;2;1;;Passable;Informatique;Général
COH2027-0044;20;62,3 %;20,3;5;11;11;7;7;4;3;3;Très bien;Mathématiques;Technologique
COH2027-0045;18;55,4 %;17,8;7;11;8;7;6;3;3;1;Très bien;Informatique;Technologique
COH2027-0046;18;47,7 %;12,6;7;9;7;0;6;1;3;1;Assez bien;STAPS;Général
COH2027-0047;21;44,4 %;24,8;7;8;7;2;6;3;1;2;Passable;Informatique;Général
COH2027-0048;19;29,7 %;0,0;8;13;8;0;5;2;2;2;Passable;Mathématiques;Général
COH2027-0049;21;60,9 %;31,1;4;11;11;6;5;3;3;3;Passable;Biologie;Professionnel
COH2027-0050;20;59,8 %;17,1;10;13;10;5;5;;2;1;Bien;STAPS;Général
COH2027-0051;22;22,5 %;0,0;1;9;1;0;5;1;;1;Assez bien;Lettres;Général
COH2027-0052;19;73,7 %;22,1;7;9;7;4;6;1;2;4;Passable;Droit;Général
COH2027-0053;18;55,1 %;27,3;7;12;9;5;6;4;;3;Passable;Gestion;Général
COH2027-0054;20;61,6 %;25,1;6;13;12;1;6;3;1;1;Bien;Informatique;Général
COH2027-0055;17;50,9 %;8,7;7;10;7;1;6;1;1;1;Bien;Informatique;Technologique
COH2027-0056;18;60,9 %;10,9;7;13;7;0;5;;3;1;Passable;Gestion;Technologique
COH2027-0057;20;67,6 %;54,3;5;12;12;7;5;2;3;3;Assez bien;Informatique;Technologique
COH2027-0058;20;52,8 %;21,4;6;10;6;0;6;1;2;1;Passable;Informatique;Général
COH2027-0059;20;67,2 %;26,4;5;8;7;4;7;2;3;3;Assez bien;Mathématiques;Technologique
COH2027-0060;19;54,0 %;13,8;8;10;10;3;6;3;3;2;Très bien;Gestion;Technologique
COH2027-0061;17;69,6 %;48,8;4;13;11;6;5;4;1;3;Très bien;Lettres;Technologique
COH2027-0062;22;67,6 %;15,1;5;9;8;6;5;4;3;3;Bien;Gestion;Général
COH2027-0063;19;59,1 %;23,1;7;9;8;2;5;;1;2;Très bien;Psychologie;Général
COH2027-0064;21;53,4 %;12,9;9;10;9;5;6;3;2;2;Assez bien;Informatique;Général
COH2027-0065;19;56,8 %;35,9;6;13;13;4;7;4;3;4;Assez bien;STAPS;Général
COH2027-0066;17;62,5 %;42,5;7;8;7;6;6;1;;2;Passable;Droit;Technologique
COH2027-0067;17;58,8 %;17,5;8;8;8;9;6;;4;3;Bien;Informatique;Général
COH2027-0068;20;40,7 %;16,1;7;13;7;0;6;1;1;3;Passable;Mathématiques;Général
COH2027-0069;18;67,4 %;35,7;8;10;8;0;6;3;1;1;Bien;Informatique;Général
COH2027-0070;21;61,5 %;7,0;7;11;7;0;6;1;2;1;;Informatique;Technologique
COH2027-0071;18;67,1 %;50,1;5;11;11;1;6;3;3;3;Assez bien;Psychologie;Général
COH2027-0072;21;56,9 %;25,7;7;9;7;4;5;2;3;1;Très bien;Gestion;Général
COH2027-0073;18;57,8 %;29,9;4;8;8;12;5;4;2;1;Passable;Informatique;Technologique
COH2027-0074;21;30,8 %;12,6;7;9;8;2;6;3;1;1;Passable;Informatique;Général
COH2027-0075;19;68,9 %;34,4;5;8;8;6;7;3;2;2;Assez bien;Informatique;Général
COH2027-0076;21;62,2 %;3,5;6;9;8;0;6;2;3;1;Très bien;Informatique;Technologique
COH2027-0077;21;63,1 %;27,6;5;11;10;2;6;3;3;1;Passable;Informatique;Général
COH2027-0078;18;47,4 %;27,5;7;11;11;4;6;2;1;3;Assez bien;STAPS;Général
COH2027-0079;19;52,9 %;15,3;7;9;7;1;7;3;1;1;Bien;Psychologie;Technologique
COH2027-0080;20;65,1 %;57,4;5;8;7;8;6;2;4;3;Bien;Droit;Général
COH2027-0081;17;66,9 %;23,1;7;11;10;7;6;4;4;;Passable;Droit;Général
COH2027-0082;22;42,9 %;5,0;5;11;5;0;6;1;1;1;Assez bien;Informatique;Professionnel
COH2027-0083;21;44,9 %;5,2;6;9;6;0;5;2;2;2;Passable;Gestion;Technologique
COH2027-0084;18;72,7 %;24,2;5;12;12;4;5;4;2;2;Assez bien;Informatique;Général
COH2027-0085;19;52,8 %;21,4;6;9;6;3;6;2;2;2;Bien;Informatique;Général
COH2027-0086;17;78,4 %;45,3;4;10;10;7;7;4;;3;Bien;Informatique;Général
COH2027-0087;19;78,3 %;35,4;5;8;7;5;7;4;;1;Passable;Informatique;Général
COH2027-0088;18;74,7 %;32,5;4;8;8;7;5;4;4;2;Passable;Lettres;Technologique
COH2027-0089;17;75,2 %;30,4;6;11;11;7;5;4;3;2;Bien;Informatique;Général
COH2027-0090;19;73,7 %;28,2;7;8;7;5;6;4;4;1;Assez bien;Psychologie;Général
COH2027-0091;17;67,2 %;22,0;7;9;8;2;6;2;2;;Passable;Informatique;Technologique
COH2027-0092;19;48,7 %;23,1;9;11;9;5;6;3;;3;Passable;Informatique;Général
COH2027-0093;20;67,0 %;11,7;8;10;8;3;6;1;4;1;Assez bien;Informatique;Général
COH2027-0094;21;57,4 %;16,2;3;9;8;10;6;4;4;2;Assez bien;Informatique;Général
COH2027-0095;18;61,9 %;12,6;3;13;13;8;5;4;3;1;Passable;Informatique;Général
COH2027-0096;18;69,0 %;15,7;8;13;9;3;6;1;1;2;Passable;Informatique;Général
COH2027-0097;18;45,6 %;13,2;7;12;10;0;6;1;2;2;Passable;Informatique;Général
COH2027-0098;20;76,4 %;15,6;4;12;12;8;6;4;4;3;Assez bien;Gestion;Professionnel
COH2027-0099;21;45,3 %;5,3;5;10;5;0;6;2;2;2;Passable;Psychologie;Général
COH2027-0100;18;77,3 %;18,9;6;8;8;6;6;2;3;4;Passable;Lettres;Général
COH2027-0101;20;61,6 %;17,4;4;10;9;5;6;4;4;2;Assez bien;STAPS;Technologique
COH2027-0102;21;49,3 %;24,7;9;11;11;3;7;4;2;1;Assez bien;Informatique;Général
COH2027-0103;21;56,1 %;13,8;8;13;8;2;6;2;3;1;Assez bien;Informatique;Général
COH2027-0104;20;47,2 %;22,4;9;12;10;0;5;;;1;Assez bien;Droit;Général
COH2027-0105;21;59,4 %;24,9;6;11;8;3;5;2;1;3;Passable;Informatique;Professionnel
COH2027-0106;21;41,9 %;17,4;8;10;8;3;6;2;2;2;Passable;Informatique;Général
COH2027-0107;18;47,5 %;30,1;7;9;7;1;6;1;1;1;Assez bien;Informatique;Professionnel
COH2027-0108;24;48,7 %;33,3;7;13;10;1;6;3;2;2;Passable;Gestion;Général
COH2027-0109;21;64,4 %;24,6;3;12;12;2;6;4;1;3;Très bien;Gestion;Général
COH2027-0110;17;78,1 %;28,2;6;12;11;3;7;2;4;1;Bien;Psychologie;Général
COH2027-0111;21;61,5 %;15,9;5;12;11;4;7;3;2;3;Assez bien;Informatique;Technologique
COH2027-0112;19;51,5 %;3,4;6;10;6;0;6;1;3;1;Passable;Informatique;Général
COH2027-0113;20;53,2 %;24,8;7;10;7;0;7;3;2;3;Bien;Informatique;Technologique
COH2027-0114;17;66,4 %;30,9;7;11;7;6;6;4;4;4;Bien;Informatique;Professionnel
COH2027-0115;17;46,8 %;13,4;7;13;7;0;7;1;3;1;Passable;Mathématiques;Technologique
COH2027-0116;19;44,9 %;15,1;6;9;6;0;6;2;1;1;Très bien;Psychologie;Général
COH2027-0117;23;54,9 %;6,8;7;12;9;0;6;2;1;2;Passable;Gestion;Technologique
COH2027-0118;22;70,3 %;35,6;5;12;12;10;6;4;4;4;Passable;Informatique;Général
COH2027-0119;21;54,4 %;13,8;5;8;5;0;6;3;;1;Bien;Mathématiques;Général
COH2027-0120;22;79,2 %;46,0;4;11;11;8;5;3;2;1;Assez bien;Droit;Général
COH2027-0121;22;74,4 %;23,6;7;13;11;4;5;2;4;2;Bien;STAPS;Général
COH2027-0122;18;49,0 %;25,2;5;8;5;0;5;1;1;1;Passable;Informatique;Général
COH2027-0123;19;39,8 %;8,4;9;12;9;2;7;2;1;1;Bien;Informatique;Général
COH2027-0124;18;77,2 %;27,6;4;13;13;5;5;4;2;1;Bien;Gestion;Technologique
COH2027-0125;19;57,5 %;18,9;7;8;7;7;5;4;;2;Assez bien;Informatique;Professionnel
COH2027-0126;19;49,6 %;22,6;4;8;6;4;5;1;1;4;Passable;Informatique;Technologique
COH2027-0127;18;58,7 %;17,5;6;10;6;0;6;1;;1;Assez bien;Droit;Général
COH2027-0128;18;54,0 %;18,8;7;9;7;1;6;1;2;;Assez bien;Psychologie;Général
COH2027-0129;18;78,3 %;56,4;4;11;10;7;6;3;2;;Passable;Informatique;Technologique
COH2027-0130;20;73,5 %;15,6;6;9;8;2;7;1;4;2;Bien;Informatique;Technologique
COH2027-0131;19;49,5 %;6,2;7;10;7;0;7;1;1;1;Assez bien;Informatique;Général
COH2027-0132;23;74,3 %;29,6;4;13;12;3;5;3;1;4;Passable;Psychologie;Général
COH2027-0133;21;77,8 %;26,4;5;10;10;3;6;4;1;4;Passable;STAPS;Général
COH2027-0134;19;35,1 %;6,7;9;13;9;0;6;1;1;2;Passable;Biologie;Technologique
COH2027-0135;23;54,9 %;6,8;7;12;9;0;6;2;1;2;Passable;Informatique;Technologique
COH2027-0136;19;49,4 %;3,7;6;9;6;1;7;2;4;;Passable;Informatique;Général
COH2027-0137;20;64,0 %;51,0;3;8;8;7;7;3;3;2;Passable;Informatique;Général
COH2027-0138;20;55,6 %;27,6;7;10;7;0;6;3;4;2;Passable;Informatique;Technologique
COH2027-0139;20;39,9 %;4,3;6;8;6;0;6;1;3;2;Passable;Lettres;Technologique
COH2027-0140;18;41,4 %;4,3;8;11;8;0;6;1;2;1;Passable;Informatique;Général
COH2027-0141;18;63,3 %;15,7;5;8;8;5;7;3;3;4;Bien;Informatique;Général
COH2027-0142;19;33,1 %;10,6;8;12;8;0;6;1;1;1;Assez bien;Informatique;Technologique
COH2027-0143;23;43,4 %;3,6;6;11;7;1;6;1;3;2;Assez bien;STAPS;Général
COH2027-0144;20;56,6 %;31,3;6;12;10;2;7;2;1;1;Assez bien;Informatique;Professionnel
COH2027-0145;19;57,9 %;19,9;7;9;7;5;5;2;1;2;Passable;Psychologie;Technologique
COH2027-0146;19;62,0 %;32,3;9;12;10;6;6;1;2;2;Assez bien;Gestion;Technologique
COH2027-0147;18;54,0 %;9,6;6;8;6;1;7;1;2;1;Passable;Biologie;Général
COH2027-0148;24;50,0 %;1,8;8;13;8;3;6;1;1;3;Très bien;Lettres;Général
COH2027-0149;18;66,0 %;10,6;5;9;8;6;5;1;2;1;Passable;Biologie;Technologique
COH2027-0150;22;64,9 %;25,3;7;9;9;3;6;3;3;2;;Informatique;Général
COH2027-0151;22;69,3 %;17,6;4;8;7;4;5;2;3;2;Assez bien;Informatique;Général
COH2027-0152;21;54,5 %;32,5;7;8;7;2;5;4;2;1;Bien;STAPS;Général
COH2027-0153;18;34,9 %;12,2;6;12;6;0;6;1;1;1;Passable;Informatique;Général
COH2027-0154;19;28,8 %;4,9;5;8;5;0;6;1;1;1;Assez bien;Gestion;Général
COH2027-0155;18;67,4 %;36,3;6;11;11;8;6;4;2;3;Passable;Informatique;Général
COH2027-0156;23;56,5 %;22,8;8;11;8;4;5;1;3;2;Très bien;Lettres;Général
COH2027-0157;20;54,6 %;21,6;7;9;7;1;6;1;2;3;Passable;Informatique;Général
COH2027-0158;23;60,3 %;23,6;5;13;11;3;7;3;3;3;Assez bien;Informatique;Professionnel
COH2027-0159;20;36,6 %;15,8;6;8;6;2;7;3;;2;Passable;Informatique;Général
COH2027-0160;21;50,2 %;18,7;5;9;5;0;6;1;3;1;Passable;Informatique;Général
COH2027-0161;19;43,9 %;11,2;6;11;6;0;6;1;2;1;Bien;Mathématiques;Général
COH2027-0162;17;64,7 %;21,2;8;11;9;1;5;;1;3;Passable;Gestion;Général
COH2027-0163;19;49,9 %;30,1;9;13;10;5;7;2;2;4;Assez bien;Droit;Général
COH2027-0164;21;54,3 %;17,5;8;11;8;3;6;3;1;2;Assez bien;Gestion;Technologique
COH2027-0165;23;36,0 %;0,1;5;10;5;0;6;1;2;1;Passable;Informatique;Général
COH2027-0166;17;62,3 %;5,8;8;12;11;1;5;1;1;3;Assez bien;Informatique;Professionnel
COH2027-0167;18;54,3 %;18,1;9;12;11;2;7;1;3;1;;Informatique;Professionnel
COH2027-0168;21;43,4 %;34,1;7;8;7;4;6;3;1;2;;Psychologie;Technologique
COH2027-0169;20;39,2 %;5,5;6;10;6;0;5;1;;1;Bien;Gestion;Général
COH2027-0170;22;53,9 %;15,8;7;10;8;0;6;1;2;2;Assez bien;Biologie;Technologique
COH2027-0171;18;77,0 %;40,2;5;11;11;6;7;4;4;4;Très bien;STAPS;Professionnel
COH2027-0172;18;62,1 %;28,0;6;8;6;2;6;1;2;;Assez bien;Psychologie;Professionnel
COH2027-0173;20;42,5 %;1,9;8;10;8;0;5;1;2;4;Assez bien;Gestion;Général
COH2027-0174;22;35,2 %;1,6;6;9;6;0;5;1;1;1;Passable;Psychologie;Technologique
COH2027-0175;23;36,0 %;8,7;6;11;6;0;6;2;3;;Assez bien;Lettres;Professionnel
COH2027-0176;20;33,7 %;6,5;7;11;7;0;7;1;3;2;Très bien;STAPS;Technologique
COH2027-0177;22;48,9 %;10,2;6;11;8;4;7;1;2;1;Assez bien;Informatique;Technologique
COH2027-0178;20;44,8 %;13,1;7;13;7;3;6;2;4;2;Assez bien;Gestion;Général
COH2027-0179;19;60,2 %;31,6;6;11;8;1;5;2;2;1;Passable;Informatique;Général
COH2027-0180;19;42,4 %;34,0;7;11;10;6;6;3;4;3;Assez bien;Informatique;Général
COH2027-0181;19;68,4 %;19,8;6;9;9;7;5;4;3;2;Bien;STAPS;Technologique
COH2027-0182;22;60,3 %;29,6;5;12;12;8;6;3;2;;Bien;Informatique;Général
COH2027-0183;21;75,0 %;24,4;6;10;10;6;5;2;2;1;Assez bien;Psychologie;Général
COH2027-0184;19;64,2 %;11,2;8;11;9;3;5;2;2;3;Passable;Droit;Professionnel
COH2027-0185;19;59,0 %;15,5;7;10;10;2;6;2;1;1;Passable;Informatique;Général
COH2027-0186;18;54,5 %;9,8;8;12;10;3;5;3;2;3;Bien;Informatique;Technologique
COH2027-0187;22;55,8 %;10,3;8;9;8;1;6;2;1;1;Bien;Droit;Technologique
COH2027-0188;20;54,6 %;13,1;7;9;7;3;6;2;1;1;Bien;STAPS;Général
COH2027-0189;19;78,2 %;29,4;3;11;11;5;6;4;4;1;Assez bien;Droit;Technologique
COH2027-0190;22;76,7 %;33,0;5;12;12;4;6;;2;4;Passable;Biologie;Général
COH2027-0191;22;66,3 %;17,7;5;12;11;4;6;;2;;Assez bien;Droit;Technologique
COH2027-0192;21;70,6 %;40,6;4;13;13;6;7;3;4;3;Passable;Informatique;Technologique
COH2027-0193;19;58,6 %;14,0;6;9;6;1;6;3;1;1;Passable;Informatique;Professionnel
COH2027-0194;20;61,0 %;42,1;6;10;6;1;6;;2;;Très bien;Informatique;Technologique
COH2027-0195;18;56,6 %;16,4;8;12;9;3;5;2;1;3;Très bien;Biologie;Général
COH2027-0196;26;50,1 %;13,0;5;13;12;3;5;1;2;1;Très bien;Informatique;Professionnel
COH2027-0197;19;77,6 %;17,0;5;9;9;9;5;4;4;2;Assez bien;STAPS;Technologique
COH2027-0198;20;61,9 %;26,8;7;9;9;5;6;4;4;1;Passable;Gestion;Général
COH2027-0199;20;70,8 %;23,6;6;10;7;1;5;3;2;1;Passable;Lettres;Général
COH2027-0200;22;71,4 %;26,3;4;10;9;7;6;4;4;;Assez bien;Droit;Général
COH2027-0201;17;38,1 %;1,4;6;12;9;0;7;1;3;1;Assez bien;Mathématiques;Général
COH2027-0202;24;57,2 %;3,8;4;12;11;2;5;2;1;2;;Mathématiques;Technologique
COH2027-0203;22;35,2 %;11,1;8;9;8;0;7;2;3;1;Assez bien;Informatique;Général
COH2027-0204;21;71,5 %;16,9;4;10;9;8;6;4;3;4;Très bien;Informatique;Technologique
COH2027-0205;23;68,5 %;33,1;4;11;10;6;5;4;3;4;Bien;Informatique;Général
COH2027-0206;23;77,1 %;21,1;6;8;7;8;6;4;2;3;Passable;Informatique;Général
COH2027-0207;20;47,8 %;17,5;7;10;7;2;5;1;2;1;;Droit;Technologique
COH2027-0208;20;54,9 %;16,4;8;10;8;0;6;2;2;1;Bien;Informatique;Professionnel
COH2027-0209;18;79,6 %;41,9;4;10;8;8;6;4;2;3;Assez bien;Informatique;Général
COH2027-0210;20;50,5 %;3,0;6;11;7;0;6;1;3;1;Passable;Informatique;Professionnel
COH2027-0211;23;51,3 %;25,5;8;11;8;2;6;2;2;2;Passable;Biologie;Technologique
COH2027-0212;21;56,7 %;25,1;8;13;10;3;5;;2;1;Assez bien;STAPS;Technologique
COH2027-0213;20;48,9 %;14,2;9;10;9;0;5;2;2;2;Bien;Informatique;Général
COH2027-0214;18;63,0 %;10,2;9;13;10;0;6;;2;2;Assez bien;Informatique;Général
COH2027-0215;21;50,8 %;10,8;7;10;7;1;5;1;1;1;Passable;Droit;Général
COH2027-0216;18;64,8 %;27,2;5;9;8;3;6;1;2;1;;STAPS;Général
COH2027-0217;24;74,5 %;24,8;7;8;7;6;5;2;2;4;Assez bien;Informatique;Technologique
COH2027-0218;21;55,4 %;17,6;6;9;8;4;7;1;2;3;Passable;Mathématiques;Technologique
COH2027-0219;20;40,0 %;4,9;6;8;6;1;7;1;3;1;Très bien;Informatique;Général
COH2027-0220;18;78,3 %;56,4;4;11;10;7;6;3;2;;Passable;Psychologie;Technologique
COH2027-0221;19;68,8 %;27,2;6;11;9;13;6;4;2;4;Assez bien;Gestion;Général
COH2027-0222;17;46,8 %;13,4;7;13;7;0;7;1;3;1;Passable;Mathématiques;Technologique
COH2027-0223;19;49,3 %;10,9;6;13;8;0;7;3;1;1;Assez bien;Droit;Général
COH2027-0224;20;35,7 %;24,9;8;12;8;4;5;;2;2;Passable;Lettres;Professionnel
COH2027-0225;20;50,1 %;28,9;6;10;6;1;6;1;2;1;Assez bien;Informatique;Général
COH2027-0226;18;76,0 %;15,2;7;11;9;4;7;2;2;3;Passable;Informatique;Technologique
COH2027-0227;20;52,7 %;23,6;6;11;10;6;6;1;3;4;;Informatique;Général
COH2027-0228;22;73,0 %;26,6;4;8;7;7;6;2;2;1;Assez bien;Psychologie;Professionnel
COH2027-0229;21;58,3 %;18,8;6;8;6;3;7;3;3;2;Bien;Droit;Technologique
COH2027-0230;18;56,1 %;6,2;4;12;11;6;6;3;1;1;Passable;Droit;Technologique
COH2027-0231;22;59,6 %;29,6;7;11;8;2;7;4;1;1;Bien;Informatique;Général
COH2027-0232;21;64,2 %;30,2;5;10;8;0;5;3;2;1;Bien;Mathématiques;Général
COH2027-0233;21;60,3 %;21,4;6;8;6;2;6;3;3;2;Assez bien;Mathématiques;Technologique
COH2027-0234;20;72,6 %;9,9;4;12;11;5;7;2;4;1;;Informatique;Technologique
COH2027-0235;17;62,4 %;15,8;8;11;8;3;5;2;2;2;Assez bien;Psychologie;Technologique
COH2027-0236;20;65,4 %;37,1;4;13;11;3;7;1;2;1;Très bien;Informatique;Général
COH2027-0237;17;59,3 %;11,2;9;11;9;6;6;3;4;2;Assez bien;Informatique;Général
COH2027-0238;18;48,6 %;39,5;6;9;6;2;5;1;1;;Assez bien;Lettres;Technologique
COH2027-0239;18;50,9 %;21,0;7;10;7;2;5;2;4;1;Passable;Informatique;Général
COH2027-0240;18;78,1 %;44,5;3;8;8;13;7;4;4;4;Assez bien;Lettres;Général
COH2027-0241;17;62,4 %;34,6;3;11;11;5;6;4;4;4;Bien;Informatique;Technologique
COH2027-0242;17;47,1 %;11,2;4;8;4;0;6;2;1;1;Assez bien;Droit;Général
COH2027-0243;22;73,6 %;41,6;4;12;12;6;5;4;2;3;Passable;Informatique;Général
COH2027-0244;18;54,0 %;9,6;6;8;6;1;7;1;2;1;Passable;Informatique;Général
COH2027-0245;19;53,7 %;18,9;5;10;7;3;5;2;;4;Assez bien;Psychologie;Technologique
COH2027-0246;18;59,7 %;15,4;8;12;11;3;6;2;2;1;Assez bien;Informatique;Technologique
COH2027-0247;18;59,5 %;36,5;5;8;8;5;6;2;3;2;Assez bien;Gestion;Technologique
COH2027-0248;18;54,7 %;15,4;9;12;10;5;6;4;3;4;Bien;Informatique;Général
COH2027-0249;18;57,2 %;14,0;6;11;10;4;6;4;3;1;Passable;Informatique;Technologique
COH2027-0250;23;40,6 %;17,9;8;9;8;1;7;2;2;1;;Gestion;Général
COH2027-0251;19;43,5 %;9,2;8;13;8;0;5;2;1;1;Très bien;Informatique;Général
COH2027-0252;20;48,9 %;14,6;6;11;6;1;6;1;1;;Passable;Biologie;Général
COH2027-0253;20;42,8 %;11,4;6;10;6;0;5;1;1;1;;Psychologie;Technologique
COH2027-0254;17;63,9 %;16,1;6;9;7;1;6;2;2;2;Bien;STAPS;Général
COH2027-0255;18;28,3 %;3,1;10;12;10;0;6;3;3;1;Passable;Informatique;Général
COH2027-0256;17;58,5 %;8,7;7;10;8;5;6;1;4;2;;Informatique;Professionnel
COH2027-0257;22;69,3 %;17,6;4;8;7;4;5;2;3;2;Assez bien;Informatique;Général
COH2027-0258;18;53,7 %;14,8;5;8;7;7;5;1;;1;Passable;Mathématiques;Général
COH2027-0259;19;56,9 %;28,4;5;12;9;3;6;3;2;2;Bien;STAPS;Professionnel
COH2027-0260;21;59,3 %;45,6;3;9;7;4;7;4;3;4;Bien;Biologie;Général
COH2027-0261;18;55,7 %;11,9;6;8;6;1;5;;2;1;Bien;Droit;Général
COH2027-0262;21;69,8 %;36,5;3;12;11;8;6;3;;1;Assez bien;Informatique;Général
COH2027-0263;21;69,5 %;33,6;4;12;10;6;5;3;2;2;Bien;Informatique;Technologique
COH2027-0264;18;45,1 %;13,9;6;12;11;1;6;2;3;;Passable;Informatique;Général
COH2027-0265;18;50,0 %;28,1;7;8;7;4;7;1;2;2;Assez bien;Informatique;Général
COH2027-0266;17;46,1 %;12,1;9;11;10;2;6;1;3;1;Très bien;Biologie;Général
COH2027-0267;20;66,3 %;36,0;5;11;10;2;7;4;3;2;Assez bien;Informatique;Général
COH2027-0268;18;62,8 %;37,0;4;8;7;6;6;3;3;3;Bien;Informatique;Général
COH2027-0269;21;72,6 %;33,8;6;8;7;6;6;4;4;2;Assez bien;Informatique;Technologique
COH2027-0270;22;63,4 %;17,9;5;12;11;4;6;2;3;1;Bien;Biologie;Général
COH2027-0271;19;65,4 %;14,8;6;8;6;0;6;3;1;1;Passable;Informatique;Général
COH2027-0272;17;68,2 %;34,8;4;8;6;5;7;4;3;4;Assez bien;Informatique;Technologique
COH2027-0273;19;56,3 %;16,2;7;13;9;0;6;3;1;;Bien;Informatique;Technologique
COH2027-0274;17;64,0 %;33,2;4;13;13;4;6;3;3;4;Assez bien;Biologie;Général
COH2027-0275;19;78,8 %;19,2;6;10;9;7;5;2;4;2;Passable;Informatique;Général
COH2027-0276;19;59,6 %;40,6;7;10;9;1;5;2;3;1;Assez bien;Droit;Technologique
COH2027-0277;18;50,7 %;1,4;9;12;9;2;6;2;1;1;Passable;Informatique;Professionnel
COH2027-0278;20;71,0 %;35,9;5;9;9;6;6;4;2;4;Bien;Informatique;Technologique
COH2027-0279;19;66,3 %;19,1;7;11;7;2;7;2;2;1;Passable;Informatique;Technologique
COH2027-0280;18;56,3 %;12,3;5;8;7;3;6;2;1;1;Très bien;Psychologie;Général
COH2027-0281;21;60,6 %;16,4;5;12;11;6;6;2;2;2;Bien;Lettres;Technologique
COH2027-0282;20;61,5 %;24,4;4;11;9;3;6;4;3;3;Passable;Informatique;Général
COH2027-0283;18;64,1 %;39,5;5;13;12;1;6;4;2;3;Passable;Informatique;Général
COH2027-0284;21;62,6 %;42,3;7;10;9;5;7;4;3;2;Passable;Informatique;Général
COH2027-0285;21;32,3 %;7,9;8;13;11;2;7;2;2;2;Passable;Droit;Général
COH2027-0286;20;61,8 %;23,2;5;10;10;4;6;;;2;Bien;Informatique;Général
COH2027-0287;19;71,9 %;21,2;5;10;10;2;6;4;3;3;Passable;Biologie;Général
COH2027-0288;18;62,2 %;15,2;3;10;9;1;5;2;3;3;Passable;Gestion;Général
COH2027-0289;18;64,6 %;30,0;5;13;13;2;6;4;3;3;Passable;Informatique;Technologique
COH2027-0290;21;61,5 %;15,9;5;12;11;4;7;3;2;3;Assez bien;Mathématiques;Technologique
COH2027-0291;19;44,4 %;37,1;5;9;6;0;5;2;3;1;Bien;Informatique;Technologique
COH2027-0292;17;56,9 %;1,2;7;12;10;3;5;2;3;2;Bien;Lettres;Technologique
COH2027-0293;20;57,1 %;18,8;5;8;6;2;6;4;4;2;Assez bien;Informatique;Général
COH2027-0294;18;41,6 %;17,6;5;11;10;5;5;2;3;;Bien;Mathématiques;Général
COH2027-0295;23;48,7 %;12,2;6;8;6;0;5;1;;3;Assez bien;Droit;Technologique
COH2027-0296;23;64,1 %;22,8;5;13;11;2;5;2;;4;Passable;Droit;Général
COH2027-0297;19;48,1 %;24,7;7;12;10;6;6;4;1;1;Assez bien;Mathématiques;Général
COH2027-0298;20;58,8 %;11,4;5;10;7;3;7;2;1;2;Bien;Informatique;Général
COH2027-0299;19;69,9 %;22,8;8;10;8;3;6;2;4;2;Très bien;Psychologie;Général
COH2027-0300;23;63,6 %;21,8;7;9;9;3;7;2;2;2;Passable;Gestion;Technologique
COH2027-0301;17;41,4 %;1,7;4;13;8;0;6;3;1;2;Bien;Psychologie;Général
COH2027-0302;18;35,2 %;8,1;7;12;8;0;6;;3;1;Passable;Informatique;Général
COH2027-0303;18;26,8 %;8,8;7;12;7;0;5;2;3;2;;Informatique;Général
COH2027-0304;20;63,7 %;9,2;6;10;8;2;7;3;3;1;Très bien;Informatique;Général
COH2027-0305;19;49,0 %;3,6;3;11;9;1;5;1;3;3;Assez bien;STAPS;Général
COH2027-0306;18;77,3 %;56,1;5;11;10;4;5;;4;4;Bien;Biologie;Technologique
COH2027-0307;20;63,2 %;38,2;5;12;12;6;6;4;;4;Bien;Droit;Général
COH2027-0308;17;51,6 %;30,6;9;11;9;2;7;1;3;2;Assez bien;Informatique;Général
COH2027-0309;21;68,6 %;24,6;6;12;10;1;5;3;3;3;Assez bien;Psychologie;Général
COH2027-0310;18;64,6 %;30,0;5;13;13;2;6;4;3;3;Passable;Informatique;Technologique
COH2027-0311;20;62,0 %;18,5;5;13;12;1;6;1;2;2;Passable;Informatique;Général
COH2027-0312;20;54,0 %;19,8;7;13;10;4;6;1;1;3;Assez bien;Informatique;Professionnel
COH2027-0313;17;75,3 %;32,1;5;11;11;7;7;;4;3;Passable;Mathématiques;Général
COH2027-0314;18;52,1 %;30,1;6;9;6;4;6;2;;2;Très bien;Lettres;Général
COH2027-0315;18;77,7 %;16,4;6;9;6;4;7;3;1;1;Très bien;Informatique;Général
COH2027-0316;21;58,0 %;6,8;7;13;12;1;6;3;3;1;Bien;Informatique;Général
COH2027-0317;19;66,7 %;21,8;5;8;6;4;5;4;2;;Très bien;Informatique;Technologique
COH2027-0318;18;37,6 %;14,8;8;13;8;0;6;3;;4;Très bien;Psychologie;Général
COH2027-0319;20;38,5 %;13,8;6;9;6;1;6;2;2;1;Passable;STAPS;Général
COH2027-0320;21;42,4 %;14,9;5;13;11;4;7;3;1;1;Assez bien;Gestion;Général
COH2027-0321;18;44,5 %;14,8;5;10;5;2;5;2;2;1;Bien;Informatique;Général
COH2027-0322;21;41,5 %;3,5;5;9;5;0;7;1;1;2;Passable;Informatique;Général
COH2027-0323;17;67,3 %;34,2;5;8;8;11;6;3;2;4;Passable;Informatique;Général
COH2027-0324;20;64,4 %;16,9;3;11;8;5;6;3;;3;Passable;Informatique;Général
COH2027-0325;20;78,8 %;48,4;3;10;10;10;6;4;4;4;Passable;Informatique;Général
COH2027-0326;19;63,0 %;28,4;4;9;9;1;6;3;4;2;Assez bien;STAPS;Général
COH2027-0327;18;64,0 %;18,0;4;12;11;7;5;4;3;2;Passable;Informatique;Technologique
COH2027-0328;20;55,0 %;17,4;7;9;7;3;6;2;1;;Assez bien;Informatique;Général
COH2027-0329;27;67,4 %;13,6;7;9;7;4;6;2;2;1;Bien;Informatique;Général
COH2027-0330;19;78,0 %;54,0;6;9;9;6;6;4;4;1;Passable;Informatique;Technologique
COH2027-0331;17;74,5 %;23,1;3;13;11;3;5;4;2;2;Passable;Biologie;Technologique
COH2027-0332;19;60,4 %;25,9;6;13;13;6;6;4;4;1;Passable;Informatique;Technologique
COH2027-0333;20;64,7 %;24,1;6;11;11;2;6;2;2;2;Passable;Biologie;Professionnel
COH2027-0334;19;65,3 %;37,2;8;10;8;8;5;3;3;2;Assez bien;Biologie;Technologique
COH2027-0335;20;42,5 %;30,9;4;13;13;4;7;3;3;1;Bien;Informatique;Général
COH2027-0336;20;47,6 %;21,4;9;10;9;1;5;1;;3;Passable;Informatique;Général
COH2027-0337;22;67,6 %;27,9;7;11;7;4;6;3;;;Passable;STAPS;Général
COH2027-0338;22;74,4 %;23,6;7;13;11;4;5;2;4;2;Bien;Informatique;Général
COH2027-0339;20;46,5 %;3,5;7;12;8;2;6;2;1;3;Très bien;Informatique;Technologique
COH2027-0340;17;71,0 %;35,4;5;9;9;0;6;2;3;4;Assez bien;Informatique;Professionnel
COH2027-0341;20;72,9 %;21,1;3;13;13;11;5;3;3;2;Passable;Informatique;Général
COH2027-0342;19;66,3 %;19,1;7;11;7;2;7;2;2;1;Passable;Gestion;Technologique
COH2027-0343;21;67,3 %;21,6;4;9;5;7;5;1;1;1;Bien;Biologie;Technologique
COH2027-0344;20;72,2 %;16,0;4;11;10;6;6;4;4;2;Passable;Biologie;Général
COH2027-0345;17;47,3 %;18,3;6;8;6;4;5;2;2;1;Assez bien;Informatique;Général
COH2027-0346;20;38,0 %;18,8;7;10;7;1;6;3;3;;Passable;STAPS;Professionnel
COH2027-0347;18;64,1 %;21,9;6;13;10;3;7;4;4;;Passable;Psychologie;Général
COH2027-0348;22;71,0 %;12,8;9;13;9;4;5;1;1;2;Assez bien;Informatique;Général
COH2027-0349;18;54,9 %;18,2;7;12;9;0;6;1;1;1;Passable;Informatique;Général
COH2027-0350;21;53,8 %;18,5;6;12;10;2;6;4;2;1;Assez bien;Informatique;Technologique
COH2027-0351;21;64,0 %;30,6;9;10;9;5;5;;1;;Bien;Biologie;Professionnel
COH2027-0352;18;74,6 %;19,0;8;9;8;0;5;1;3;2;Bien;Lettres;Général
COH2027-0353;20;78,5 %;29,2;9;13;13;2;7;2;1;3;Assez bien;Informatique;Technologique
COH2027-0354;22;67,2 %;13,8;3;12;10;3;7;2;2;2;Passable;Informatique;Technologique
COH2027-0355;20;54,9 %;16,4;8;10;8;0;6;2;2;1;Bien;Informatique;Professionnel
COH2027-0356;17;65,4 %;9,7;6;13;11;6;6;3;2;2;Très bien;Mathématiques;Général
COH2027-0357;19;60,1 %;8,2;7;10;7;0;6;1;2;1;Assez bien;Informatique;Professionnel
COH2027-0358;23;52,2 %;10,2;7;13;10;1;6;2;1;2;Assez bien;Informatique;Professionnel
COH2027-0359;20;62,3 %;22,0;7;10;7;3;7;2;2;4;Bien;Droit;Professionnel
COH2027-0360;19;52,7 %;8,3;5;10;8;3;7;1;4;2;Assez bien;Informatique;Général
COH2027-0361;18;52,7 %;26,7;6;10;8;2;6;2;2;1;Très bien;Informatique;Professionnel
COH2027-0362;22;69,1 %;27,8;8;12;10;3;7;3;2;3;Bien;Gestion;Général
COH2027-0363;17;47,2 %;20,1;10;11;10;0;6;1;1;1;Passable;Mathématiques;Général
COH2027-0364;18;49,3 %;4,5;7;8;8;0;5;2;2;1;Passable;Informatique;Général
COH2027-0365;20;59,3 %;33,6;10;13;10;1;5;2;1;1;Assez bien;Informatique;Technologique
COH2027-0366;20;52,1 %;21,8;5;13;12;3;6;1;2;2;Passable;Droit;Général
COH2027-0367;17;49,8 %;11,4;6;9;7;2;7;1;1;1;Passable;Informatique;Général
COH2027-0368;19;70,9 %;47,0;3;10;10;6;6;4;4;1;Passable;Informatique;Général
COH2027-0369;17;57,2 %;18,4;7;10;7;2;5;2;2;1;Très bien;Droit;Général
COH2027-0370;17;63,7 %;29,9;5;10;10;8;6;4;;1;;STAPS;Technologique
COH2027-0371;20;47,0 %;26,8;8;11;8;2;6;2;2;1;Bien;Lettres;Technologique
COH2027-0372;19;52,1 %;41,0;3;12;9;4;5;1;3;2;Passable;Gestion;Général
COH2027-0373;21;32,3 %;7,9;8;13;11;2;7;2;2;2;Passable;Informatique;Général
COH2027-0374;18;46,8 %;28,6;6;13;9;5;6;4;3;3;Passable;Informatique;Général
COH2027-0375;18;54,6 %;20,6;7;12;9;3;5;3;3;3;Bien;Informatique;Général
COH2027-0376;18;70,4 %;29,2;6;11;9;6;6;;4;3;Bien;Informatique;Général
COH2027-0377;19;55,8 %;18,4;5;9;7;2;6;1;1;2;Assez bien;Gestion;Technologique
COH2027-0378;26;50,2 %;18,3;8;11;8;1;7;1;1;3;Assez bien;Psychologie;Général
COH2027-0379;22;67,8 %;19,1;5;8;7;6;5;4;3;1;Assez bien;STAPS;Technologique
COH2027-0380;19;34,9 %;9,1;5;11;8;2;5;1;1;1;Passable;Informatique;Général
COH2027-0381;21;69,0 %;15,8;10;10;10;5;7;;2;4;Bien;Informatique;Général
COH2027-0382;23;42,5 %;18,1;7;9;7;3;6;4;3;2;Passable;Informatique;Général
COH2027-0383;21;69,8 %;36,5;3;12;11;8;6;3;;1;Assez bien;Informatique;Général
COH2027-0384;22;58,1 %;5,5;5;8;5;1;5;1;1;1;Assez bien;Informatique;Général
COH2027-0385;19;32,8 %;0,0;6;13;6;0;6;2;1;1;Assez bien;Gestion;Technologique
COH2027-0386;20;71,5 %;31,0;4;11;10;6;7;4;3;4;Bien;Informatique;Général
COH2027-0387;22;46,1 %;40,8;7;9;7;1;7;1;1;1;Assez bien;Informatique;Technologique
COH2027-0388;21;48,6 %;38,1;7;8;7;2;5;3;4;1;Bien;Droit;Général
COH2027-0389;21;66,5 %;45,5;5;12;11;5;7;4;3;1;Assez bien;Informatique;Général
COH2027-0390;18;63,3 %;15,7;5;8;8;5;7;3;3;4;Bien;Gestion;Général
COH2027-0391;21;55,6 %;16,9;8;13;8;1;6;1;3;2;Assez bien;Informatique;Général
COH2027-0392;21;44,4 %;24,8;7;8;7;2;6;3;1;2;Passable;Droit;Général
COH2027-0393;21;53,4 %;12,9;9;10;9;5;6;3;2;2;Assez bien;Gestion;Général
COH2027-0394;20;50,2 %;2,2;5;12;10;1;6;2;1;1;Passable;STAPS;Technologique
COH2027-0395;20;47,9 %;7,2;9;12;9;3;6;2;2;1;Assez bien;Informatique;Général
COH2027-0396;18;66,4 %;29,5;6;11;11;7;5;1;4;1;Passable;Gestion;Professionnel
COH2027-0397;21;67,6 %;15,1;5;8;7;1;6;;3;2;Très bien;Informatique;Professionnel
COH2027-0398;18;68,7 %;24,6;3;10;10;7;6;2;4;2;Passable;Droit;Technologique
COH2027-0399;18;69,8 %;10,1;9;13;10;2;6;2;3;1;Passable;STAPS;Général
COH2027-0400;19;57,5 %;18,9;7;8;7;7;5;4;;2;Assez bien;Informatique;Professionnel
COH2027-0401;21;62,0 %;55,7;7;9;8;10;6;3;1;4;Assez bien;Informatique;Technologique
COH2027-0402;19;56,3 %;16,2;7;13;9;0;6;3;1;;Bien;Informatique;Technologique
COH2027-0403;18;69,1 %;32,2;5;12;12;4;6;;3;3;Passable;Gestion;Professionnel
COH2027-0404;20;66,2 %;27,6;5;13;13;6;6;3;2;1;Assez bien;Droit;Technologique
COH2027-0405;18;73,6 %;67,1;4;9;9;9;6;3;3;3;Passable;Psychologie;Général
COH2027-0406;21;60,0 %;12,2;8;12;9;1;7;1;1;1;Passable;Informatique;Général
COH2027-0407;19;78,7 %;25,9;5;12;9;4;5;2;2;1;Assez bien;Droit;Technologique
COH2027-0408;21;74,8 %;28,8;7;10;7;5;5;2;2;4;Passable;Lettres;Professionnel
COH2027-0409;22;60,2 %;34,9;9;13;11;4;5;3;2;;Passable;Droit;Technologique
COH2027-0410;17;47,7 %;0,3;7;11;8;2;5;2;1;1;Passable;Informatique;Général
COH2027-0411;21;36,4 %;13,7;8;11;8;3;5;2;1;4;Très bien;Gestion;Technologique
COH2027-0412;21;60,2 %;11,2;6;9;6;3;7;2;3;1;Assez bien;Informatique;Général
COH2027-0413;21;67,0 %;15,1;9;11;9;4;6;;4;2;Passable;Lettres;Technologique
COH2027-0414;19;75,3 %;19,1;4;11;11;9;6;4;4;4;Bien;Droit;Technologique
COH2027-0415;19;49,0 %;3,6;3;11;9;1;5;1;3;3;Assez bien;STAPS;Général
COH2027-0416;18;48,3 %;18,1;5;8;5;0;6;1;1;3;Passable;Informatique;Général
COH2027-0417;17;64,5 %;21,1;10;12;10;1;5;1;3;1;Assez bien;Informatique;Technologique
COH2027-0418;20;62,2 %;20,6;5;12;12;12;7;4;1;1;Bien;Informatique;Technologique
COH2027-0419;21;42,4 %;14,9;5;13;11;4;7;3;1;1;Assez bien;Informatique;Général
COH2027-0420;20;64,0 %;18,8;4;11;8;3;6;3;3;2;Assez bien;Psychologie;Professionnel
COH2027-0421;17;53,3 %;33,0;9;12;12;1;5;1;3;1;Bien;Gestion;Général
COH2027-0422;21;43,9 %;18,3;4;10;4;0;5;;3;1;Passable;Gestion;Général
COH2027-0423;18;61,8 %;21,2;6;12;8;4;6;2;3;2;Bien;Informatique;Général
COH2027-0424;21;58,0 %;0,1;8;12;8;0;7;2;1;1;Assez bien;Informatique;Technologique
COH2027-0425;20;65,7 %;15,4;6;9;6;6;6;2;2;1;Assez bien;Mathématiques;Général
COH2027-0426;18;59,1 %;12,8;7;10;7;1;6;1;1;;Passable;Informatique;Général
COH2027-0427;18;62,3 %;35,0;7;9;7;2;5;3;4;1;Bien;Informatique;Général
COH2027-0428;19;61,2 %;47,4;6;13;13;1;7;4;3;4;Très bien;Informatique;Général
COH2027-0429;24;62,3 %;31,8;7;13;9;1;6;2;1;1;Bien;Mathématiques;Général
COH2027-0430;18;72,4 %;25,3;4;10;9;7;6;;4;2;Assez bien;Droit;Professionnel
COH2027-0431;18;54,5 %;27,0;4;11;11;2;5;2;2;2;Passable;Gestion;Technologique
COH2027-0432;18;70,7 %;25,9;5;9;7;1;6;1;4;1;Bien;Informatique;Général
COH2027-0433;22;65,2 %;33,2;7;8;7;5;7;2;2;3;Passable;Informatique;Général
COH2027-0434;19;59,6 %;40,6;7;10;9;1;5;2;3;1;Assez bien;Informatique;Technologique
COH2027-0435;20;79,4 %;38,9;6;8;8;7;6;3;2;;Assez bien;Gestion;Général
COH2027-0436;19;78,1 %;41,5;4;9;9;7;7;4;4;4;Passable;Gestion;Général
COH2027-0437;19;60,1 %;12,0;7;8;7;1;5;1;3;2;Assez bien;Mathématiques;Technologique
COH2027-0438;19;33,9 %;6,8;6;10;6;0;5;1;1;1;Passable;Mathématiques;Général
COH2027-0439;18;52,6 %;7,9;4;8;6;1;6;2;;1;Passable;Informatique;Professionnel
COH2027-0440;21;60,2 %;3,0;7;11;7;0;7;1;1;1;Assez bien;Informatique;Général
COH2027-0441;18;64,7 %;40,5;4;13;13;8;7;4;;3;Passable;Informatique;Général
COH2027-0442;25;52,3 %;10,5;5;8;5;4;5;2;2;1;Bien;Informatique;Général
COH2027-0443;21;73,9 %;18,6;4;10;9;3;7;3;2;;Bien;STAPS;Général
COH2027-0444;17;51,7 %;24,9;6;11;11;4;6;4;2;2;Assez bien;Informatique;Général
COH2027-0445;19;53,5 %;1,4;9;12;10;4;6;1;3;2;Passable;Informatique;Général
COH2027-0446;22;47,7 %;15,8;6;12;9;1;6;4;2;3;Assez bien;Informatique;Technologique
COH2027-0447;21;60,0 %;12,5;7;13;10;2;6;;1;1;Passable;Informatique;Général
COH2027-0448;19;64,4 %;25,1;6;9;6;5;5;4;3;4;Assez bien;Informatique;Technologique
COH2027-0449;22;47,7 %;16,2;5;11;9;3;5;4;2;1;Assez bien;Informatique;Général
COH2027-0450;18;37,5 %;19,2;8;9;8;4;7;4;3;2;Assez bien;Psychologie;Général
COH2027-0451;18;60,3 %;22,6;6;13;12;1;5;4;2;1;Passable;Informatique;Général
COH2027-0452;20;24,0 %;0,0;4;9;4;0;5;;1;1;Très bien;Informatique;Général
COH2027-0453;20;59,3 %;10,2;7;13;10;7;6;2;1;3;Bien;Psychologie;Général
COH2027-0454;20;67,3 %;26,2;5;13;10;3;6;3;3;2;Assez bien;Droit;Général
COH2027-0455;20;58,4 %;23,9;4;10;10;2;5;4;2;3;Très bien;Informatique;Technologique
COH2027-0456;23;30,2 %;0,0;5;12;5;0;6;1;;1;Passable;Gestion;Général
COH2027-0457;17;54,8 %;20,0;8;12;8;2;6;3;1;1;Assez bien;Mathématiques;Général
COH2027-0458;20;59,1 %;23,6;6;11;11;4;6;3;3;3;Assez bien;Psychologie;Général
COH2027-0459;18;44,6 %;11,4;6;9;7;2;5;4;1;4;Passable;Mathématiques;Technologique
COH2027-0460;20;40,7 %;14,6;8;12;8;1;6;1;1;3;Passable;Informatique;Général
COH2027-0461;19;61,0 %;20,9;7;10;10;3;6;2;3;3;;Gestion;Professionnel
COH2027-0462;20;49,5 %;22,5;5;8;5;0;5;1;1;2;Passable;STAPS;Général
COH2027-0463;19;72,3 %;8,2;6;11;8;2;6;2;3;1;Bien;Informatique;Général
COH2027-0464;20;49,5 %;16,6;6;8;6;0;6;1;2;1;Bien;Psychologie;Technologique
COH2027-0465;21;60,0 %;12,2;8;12;9;1;7;1;1;1;Passable;Informatique;Général
COH2027-0466;18;41,4 %;4,2;7;10;7;0;5;1;1;1;Assez bien;Gestion;Technologique
COH2027-0467;22;65,9 %;30,1;6;12;10;8;7;1;4;2;Assez bien;Informatique;Général
COH2027-0468;22;77,3 %;43,1;5;13;13;9;6;4;2;4;Passable;Droit;Général
COH2027-0469;19;42,1 %;8,9;7;10;9;1;7;1;;1;Assez bien;Informatique;Général
COH2027-0470;19;62,4 %;16,1;6;9;7;2;5;3;4;2;Assez bien;Droit;Général
COH2027-0471;17;67,3 %;34,1;5;13;13;1;5;2;3;1;Assez bien;Biologie;Général
COH2027-0472;18;45,4 %;40,5;6;9;8;1;6;3;;4;Assez bien;Gestion;Général
COH2027-0473;22;42,2 %;17,2;11;13;13;4;6;2;4;1;Bien;Informatique;Professionnel
COH2027-0474;21;79,7 %;31,9;4;9;7;6;6;3;1;4;Passable;Informatique;Général
COH2027-0475;19;72,0 %;33,1;3;8;8;5;6;3;;4;Très bien;Informatique;Général
COH2027-0476;19;60,7 %;5,7;7;13;11;4;6;3;3;2;Assez bien;Informatique;Général
COH2027-0477;19;45,0 %;31,6;7;11;7;0;7;2;2;1;Passable;Informatique;Technologique
COH2027-0478;22;67,2 %;13,8;3;12;10;3;7;2;2;2;Passable;Informatique;Technologique
COH2027-0479;19;76,9 %;19,1;4;8;8;2;5;4;3;4;Très bien;Informatique;Général
COH2027-0480;17;41,3 %;16,6;5;8;5;0;6;1;1;1;Passable;Informatique;Technologique
COH2027-0481;21;64,3 %;43,9;5;10;8;2;6;2;4;1;Assez bien;Gestion;Technologique
COH2027-0482;21;77,2 %;39,0;7;11;11;4;7;4;3;3;Assez bien;Psychologie;Général
COH2027-0483;23;53,0 %;10,9;7;12;7;3;6;1;1;1;Passable;Mathématiques;Technologique
COH2027-0484;21;60,4 %;12,7;6;13;12;5;7;4;4;2;Assez bien;Informatique;Général
COH2027-0485;20;49,5 %;17,6;7;9;7;3;6;2;1;1;Passable;Informatique;Général
COH2027-0486;22;45,7 %;8,7;9;12;9;0;5;2;1;1;Passable;Biologie;Général
COH2027-0487;17;60,9 %;22,6;3;12;11;0;6;3;3;2;Bien;Mathématiques;Général
COH2027-0488;19;50,8 %;59,2;5;9;7;7;7;2;2;3;Passable;Informatique;Général
COH2027-0489;19;79,1 %;50,5;3;8;8;7;6;4;4;3;Assez bien;Informatique;Technologique
COH2027-0490;19;54,9 %;35,4;3;9;8;2;5;4;2;1;Passable;Informatique;Général
COH2027-0491;18;62,8 %;33,0;7;9;7;6;5;2;3;2;Passable;Psychologie;Technologique
COH2027-0492;19;79,8 %;23,4;4;8;8;3;5;4;4;3;Très bien;STAPS;Général
COH2027-0493;18;51,4 %;21,6;9;11;10;1;7;1;3;2;Très bien;Informatique;Professionnel
COH2027-0494;19;75,5 %;58,2;6;13;13;7;7;;2;3;Passable;Psychologie;Général
COH2027-0495;21;54,2 %;16,9;5;12;12;2;6;4;3;2;Assez bien;Informatique;Général
COH2027-0496;19;40,6 %;1,2;9;12;9;2;6;1;1;1;Bien;Informatique;Technologique
COH2027-0497;20;70,8 %;23,6;6;10;7;1;5;3;2;1;Passable;Informatique;Général
COH2027-0498;19;52,8 %;32,2;4;11;7;3;5;1;4;;;Mathématiques;Général
COH2027-0499;21;55,2 %;28,1;8;11;8;1;6;4;1;2;Assez bien;Droit;Général
COH2027-0500;20;66,3 %;36,0;5;11;10;2;7;4;3;2;Assez bien;Informatique;Général
COH2027-0501;21;41,0 %;18,0;7;11;7;0;6;1;;1;Assez bien;Lettres;Technologique
COH2027-0502;20;65,0 %;22,8;4;10;9;1;7;1;2;1;Passable;Informatique;Général
COH2027-0503;23;51,2 %;13,9;4;9;4;0;5;2;3;3;Passable;Informatique;Professionnel
COH2027-0504;23;51,8 %;4,8;6;10;6;0;6;1;3;2;Passable;Mathématiques;Professionnel
COH2027-0505;20;47,0 %;26,8;8;11;8;2;6;2;2;1;Bien;Informatique;Technologique
COH2027-0506;23;49,3 %;17,3;11;13;11;0;5;2;2;1;Très bien;Informatique;Général
COH2027-0507;17;47,3 %;18,3;6;8;6;4;5;2;2;1;Assez bien;Mathématiques;Général
COH2027-0508;21;75,2 %;53,7;3;8;7;7;7;4;4;4;Très bien;STAPS;Général
COH2027-0509;17;59,0 %;13,2;7;12;7;0;6;1;1;1;Assez bien;Lettres;Professionnel
COH2027-0510;21;63,0 %;26,4;5;9;8;4;5;3;;1;Très bien;Informatique;Général
COH2027-0511;21;57,7 %;11,8;3;10;7;5;7;2;2;3;;Informatique;Général
COH2027-0512;18;62,4 %;12,7;7;11;9;1;7;3;3;;Très bien;Gestion;Technologique
COH2027-0513;22;78,4 %;51,0;6;9;9;5;6;4;3;4;Assez bien;Informatique;Général
COH2027-0514;19;53,1 %;18,2;9;12;11;3;6;1;2;2;Assez bien;Informatique;Technologique
COH2027-0515;19;49,1 %;7,2;5;10;6;1;6;2;2;1;Assez bien;Biologie;Général
COH2027-0516;23;48,4 %;23,6;8;13;8;2;7;1;2;;Passable;Psychologie;Général
COH2027-0517;20;47,2 %;22,4;9;12;10;0;5;;;1;Assez bien;Informatique;Général
COH2027-0518;19;49,5 %;1,1;7;8;7;1;7;3;3;1;Assez bien;Informatique;Technologique
COH2027-0519;18;60,7 %;44,4;9;10;9;5;6;3;4;3;Assez bien;Informatique;Technologique
COH2027-0520;23;56,4 %;11,8;6;11;9;3;6;2;3;3;Assez bien;Gestion;Général
COH2027-0521;21;44,7 %;30,1;4;12;10;5;5;2;3;1;Bien;Biologie;Général
COH2027-0522;21;67,3 %;13,8;6;8;7;6;7;3;4;1;Assez bien;Psychologie;Technologique
COH2027-0523;20;54,3 %;17,9;6;12;8;1;7;2;1;4;Passable;Gestion;Général
COH2027-0524;19;52,7 %;19,2;6;9;6;1;5;1;3;1;Passable;Informatique;Professionnel
COH2027-0525;20;65,1 %;57,4;5;8;7;8;6;2;4;3;Bien;Droit;Général
COH2027-0526;19;70,5 %;13,7;5;13;10;3;7;2;3;1;Bien;Informatique;Technologique
COH2027-0527;20;60,7 %;5,8;5;10;7;2;5;1;2;3;;Informatique;Général
COH2027-0528;20;57,3 %;23,9;6;8;6;3;6;1;3;2;Bien;Lettres;Général
COH2027-0529;19;49,7 %;0,7;6;11;6;0;5;1;2;1;Assez bien;Informatique;Général
COH2027-0530;19;64,7 %;16,4;8;13;13;2;5;3;4;3;;Gestion;Général
COH2027-0531;17;64,8 %;14,9;8;13;11;3;5;1;2;2;Très bien;Psychologie;Technologique
COH2027-0532;18;76,9 %;31,8;4;11;11;6;6;4;4;3;Assez bien;Informatique;Technologique
COH2027-0533;18;57,0 %;19,6;6;9;7;4;5;2;;2;Passable;Informatique;Professionnel
COH2027-0534;19;53,0 %;16,1;5;12;11;1;6;1;3;2;Assez bien;Gestion;Technologique
COH2027-0535;24;38,9 %;5,8;6;9;6;0;5;1;3;1;Passable;Informatique;Professionnel
COH2027-0536;21;62,5 %;39,1;7;13;12;9;6;4;3;1;Assez bien;Droit;Général
COH2027-0537;20;53,5 %;1,2;3;10;7;1;7;1;1;1;Assez bien;Informatique;Technologique
COH2027-0538;19;51,8 %;20,6;6;10;9;2;7;2;1;;Passable;Informatique;Professionnel
COH2027-0539;19;78,9 %;57,8;3;9;9;9;6;4;;3;Bien;Biologie;Général
COH2027-0540;17;53,2 %;28,8;6;10;10;2;6;3;1;1;Assez bien;Informatique;Général
COH2027-0541;17;61,4 %;13,4;4;13;12;2;7;1;4;2;Assez bien;Informatique;Général
COH2027-0542;20;54,5 %;18,4;9;10;9;5;5;4;2;1;Passable;Lettres;Technologique
COH2027-0543;19;69,4 %;14,9;7;8;8;5;7;3;2;2;Bien;Informatique;Général
COH2027-0544;18;64,8 %;41,6;5;9;9;6;5;4;3;3;Très bien;Lettres;Général
COH2027-0545;18;77,5 %;25,9;5;8;7;9;6;4;;3;Assez bien;Droit;Technologique
COH2027-0546;21;48,3 %;39,6;6;10;8;1;6;3;2;2;Bien;Mathématiques;Général
COH2027-0547;18;58,9 %;15,8;7;8;7;0;6;;3;2;Assez bien;Droit;Professionnel
COH2027-0548;21;67,9 %;18,4;8;12;10;4;7;4;4;4;Assez bien;Psychologie;Général
COH2027-0549;20;73,5 %;35,2;3;12;12;1;5;3;4;3;Assez bien;Biologie;Professionnel
COH2027-0550;22;57,3 %;22,8;9;11;9;3;5;2;1;2;Passable;Mathématiques;Général
COH2027-0551;23;35,6 %;7,3;9;11;9;2;5;1;3;1;;Informatique;Technologique
COH2027-0552;20;79,4 %;44,5;4;10;10;9;6;4;4;3;Passable;Psychologie;Professionnel
COH2027-0553;22;59,9 %;10,9;7;10;8;7;6;2;1;1;Bien;Informatique;Technologique
COH2027-0554;18;51,6 %;9,7;6;9;6;0;7;2;1;1;Passable;Gestion;Général
COH2027-0555;19;52,6 %;19,0;6;11;9;3;6;;1;1;Bien;Biologie;Général
COH2027-0556;19;57,4 %;39,4;5;11;8;3;5;1;1;1;Assez bien;Informatique;Général
COH2027-0557;20;58,5 %;21,1;6;8;6;6;6;1;2;1;Passable;Gestion;Général
COH2027-0558;19;65,2 %;20,4;4;11;9;3;6;2;3;2;Assez bien;STAPS;Général
COH2027-0559;18;42,9 %;22,6;9;12;9;2;5;2;2;1;Assez bien;Gestion;Général
COH2027-0560;22;47,7 %;15,8;6;12;9;1;6;4;2;3;Assez bien;Droit;Technologique
COH2027-0561;20;79,2 %;28,8;3;13;13;9;7;4;4;2;Passable;Gestion;Général
COH2027-0562;18;71,7 %;14,1;7;11;7;1;6;2;1;1;Passable;Informatique;Professionnel
COH2027-0563;19;66,4 %;40,9;5;11;11;3;5;4;3;2;Passable;Gestion;Général
COH2027-0564;18;36,7 %;2,5;7;13;7;1;6;1;2;1;Passable;Informatique;Général
COH2027-0565;17;54,0 %;36,9;8;12;11;2;5;4;1;2;Très bien;Biologie;Général
COH2027-0566;23;79,6 %;48,2;5;11;11;3;5;4;;3;Assez bien;Psychologie;Technologique
COH2027-0567;18;66,4 %;11,2;7;8;7;4;7;2;4;1;Très bien;Informatique;Professionnel
COH2027-0568;19;58,7 %;38,6;5;10;9;2;6;2;3;2;Bien;Gestion;Général
COH2027-0569;18;77,5 %;38,8;3;8;8;7;5;4;2;4;Assez bien;Lettres;Général
COH2027-0570;21;68,1 %;27,7;3;12;10;7;5;4;3;1;Assez bien;Mathématiques;Général
COH2027-0571;22;75,9 %;43,6;7;9;8;6;6;2;2;4;Passable;Gestion;Technologique
COH2027-0572;19;40,1 %;38,9;5;9;5;0;5;1;1;;Bien;Biologie;Technologique
COH2027-0573;23;79,6 %;48,2;5;11;11;3;5;4;;3;Assez bien;Informatique;Technologique
COH2027-0574;19;54,6 %;11,6;7;8;7;2;6;2;4;1;Bien;Informatique;Général
COH2027-0575;21;33,6 %;35,8;7;12;9;1;5;3;2;1;Assez bien;STAPS;Général
COH2027-0576;19;60,7 %;5,7;7;13;11;4;6;3;3;2;Assez bien;Psychologie;Général
COH2027-0577;20;75,4 %;37,0;5;12;12;9;7;4;4;4;Passable;Informatique;Général
COH2027-0578;18;52,8 %;18,4;5;8;5;0;6;3;1;1;Passable;Biologie;Général
COH2027-0579;20;60,0 %;13,1;6;12;9;2;7;1;1;1;Passable;Informatique;Général
COH2027-0580;17;43,3 %;18,1;9;10;9;0;7;2;1;1;Très bien;Informatique;Technologique
COH2027-0581;18;66,4 %;29,5;6;11;11;7;5;1;4;1;Passable;Informatique;Professionnel
COH2027-0582;20;48,4 %;54,5;5;10;10;7;5;3;3;;Bien;Informatique;Général
COH2027-0583;21;41,0 %;3,0;6;11;11;0;6;;2;1;Très bien;Gestion;Technologique
COH2027-0584;22;38,0 %;13,2;7;13;9;1;7;1;1;2;Assez bien;Gestion;Général
COH2027-0585;25;58,5 %;25,3;4;10;10;3;6;3;2;3;Passable;Psychologie;Général
COH2027-0586;17;59,8 %;10,3;6;11;9;2;6;2;2;1;;Informatique;Général
COH2027-0587;24;61,8 %;38,4;6;8;8;2;5;3;;1;Assez bien;Gestion;Technologique
COH2027-0588;18;73,8 %;35,0;5;12;12;6;6;4;4;4;Très bien;Informatique;Général
COH2027-0589;17;77,4 %;40,8;3;12;12;11;7;4;4;4;;Biologie;Technologique
COH2027-0590;20;70,4 %;32,0;7;13;13;9;5;2;2;2;Bien;Droit;Technologique
COH2027-0591;17;73,1 %;22,9;7;11;11;4;6;2;4;3;Bien;Gestion;Général
COH2027-0592;18;49,9 %;18,3;4;8;4;0;5;2;4;1;Assez bien;Informatique;Technologique
COH2027-0593;17;60,9 %;2,8;8;12;9;0;7;1;2;3;Passable;Gestion;Général
COH2027-0594;21;50,5 %;22,1;9;13;9;3;7;3;1;;Passable;Mathématiques;Technologique
COH2027-0595;18;79,2 %;57,7;3;13;13;10;7;4;3;4;Passable;STAPS;Technologique
COH2027-0596;20;73,5 %;18,6;6;10;10;4;6;3;3;2;Assez bien;Lettres;Général
COH2027-0597;23;56,5 %;12,2;7;9;7;0;5;1;1;1;Passable;Informatique;Général
COH2027-0598;17;60,7 %;23,1;7;13;10;3;7;3;3;2;Passable;Lettres;Général
COH2027-0599;23;43,7 %;7,9;9;11;9;0;5;2;2;1;Très bien;Droit;Général
COH2027-0600;19;47,7 %;8,2;7;8;7;0;7;1;1;3;Assez bien;Lettres;Général
COH2027-0601;20;71,2 %;25,9;7;8;8;8;6;3;4;2;Passable;Informatique;Professionnel
COH2027-0602;22;70,6 %;21,1;7;11;9;9;5;4;4;2;Très bien;Droit;Général
COH2027-0603;19;78,5 %;23,6;6;11;11;5;7;2;3;2;Passable;STAPS;Général
COH2027-0604;20;42,5 %;30,9;4;13;13;4;7;3;3;1;Bien;Psychologie;Général
COH2027-0605;20;53,3 %;28,6;8;10;8;1;6;2;1;3;Assez bien;Informatique;Général
COH2027-0606;19;67,6 %;10,3;8;8;8;7;7;3;1;1;Assez bien;Informatique;Général
COH2027-0607;20;54,4 %;18,3;7;11;9;6;6;3;4;1;Très bien;Informatique;Général
COH2027-0608;19;69,4 %;58,5;6;9;7;9;7;3;3;2;Assez bien;Biologie;Général
COH2027-0609;20;78,8 %;1,1;7;10;9;4;7;2;3;3;Passable;Gestion;Technologique
COH2027-0610;18;54,1 %;21,6;8;10;8;1;6;2;1;3;Passable;STAPS;Technologique
COH2027-0611;19;54,4 %;3,1;5;10;6;0;5;2;3;1;Passable;Informatique;Général
COH2027-0612;22;58,3 %;14,3;7;9;7;1;6;2;3;2;Passable;Informatique;Technologique
COH2027-0613;17;77,4 %;40,8;3;12;12;11;7;4;4;4;;Biologie;Technologique
COH2027-0614;20;71,0 %;35,9;5;9;9;6;6;4;2;4;Bien;Informatique;Technologique
COH2027-0615;20;53,0 %;5,5;7;11;7;1;7;1;1;1;Assez bien;Informatique;Technologique
COH2027-0616;17;46,8 %;13,4;7;13;7;0;7;1;3;1;Passable;Mathématiques;Technologique
COH2027-0617;18;62,9 %;16,4;6;10;10;4;7;4;3;3;Assez bien;Biologie;Général
COH2027-0618;21;67,4 %;18,6;6;8;6;3;6;1;;1;Passable;Informatique;Général
COH2027-0619;19;55,5 %;19,2;4;8;8;6;6;3;4;3;Bien;Gestion;Général
COH2027-0620;19;63,9 %;45,0;5;9;7;9;6;3;4;4;;Informatique;Général
COH2027-0621;22;35,2 %;1,6;6;9;6;0;5;1;1;1;Passable;Informatique;Technologique
COH2027-0622;20;51,5 %;39,0;6;9;6;3;6;1;1;1;Passable;Psychologie;Général
COH2027-0623;20;75,5 %;0,1;5;8;5;2;7;2;2;2;Passable;Biologie;Technologique
COH2027-0624;22;60,2 %;34,9;9;13;11;4;5;3;2;;Passable;Droit;Technologique
COH2027-0625;25;61,9 %;22,9;8;10;8;2;6;;2;2;Bien;Informatique;Professionnel
COH2027-0626;18;49,1 %;43,4;8;12;9;3;6;1;2;1;Assez bien;Informatique;Technologique
COH2027-0627;18;54,2 %;20,4;6;9;6;2;6;2;3;3;;Droit;Général
COH2027-0628;17;41,3 %;6,0;8;11;8;1;7;4;2;1;Bien;Informatique;Général
COH2027-0629;20;53,9 %;3,1;5;10;7;2;5;2;3;;Très bien;Informatique;Général
COH2027-0630;19;68,2 %;20,9;5;12;10;4;6;3;2;2;Assez bien;Droit;Technologique
COH2027-0631;18;49,0 %;17,7;7;11;7;0;7;1;2;1;Assez bien;Lettres;Général
COH2027-0632;20;78,4 %;41,0;3;13;13;4;6;4;4;2;Passable;Informatique;Technologique
COH2027-0633;20;47,6 %;21,4;9;10;9;1;5;1;;3;Passable;Mathématiques;Général
COH2027-0634;17;41,3 %;6,0;8;11;8;1;7;4;2;1;Bien;Informatique;Général
COH2027-0635;20;79,8 %;22,4;4;12;12;8;7;4;4;1;;Gestion;Technologique
COH2027-0636;20;71,8 %;40,6;6;13;13;5;5;3;3;1;Passable;Informatique;Général
COH2027-0637;24;61,9 %;7,4;5;8;5;3;5;2;2;3;Assez bien;Informatique;Professionnel
COH2027-0638;22;65,4 %;19,6;11;11;11;5;6;;2;;Assez bien;Informatique;Technologique
COH2027-0639;20;72,5 %;20,2;9;11;9;4;6;1;1;1;Passable;Informatique;Technologique
COH2027-0640;18;51,5 %;1,4;6;9;6;0;7;2;2;1;Bien;Informatique;Général
COH2027-0641;18;56,7 %;36,6;6;11;11;7;6;4;3;2;Très bien;Gestion;Général
COH2027-0642;19;75,3 %;19,1;4;11;11;9;6;4;4;4;Bien;Droit;Technologique
COH2027-0643;19;58,1 %;24,8;7;11;9;1;6;3;3;2;Très bien;Droit;Général
COH2027-0644;22;44,2 %;9,1;6;13;10;1;7;2;2;1;Bien;Droit;Général
COH2027-0645;18;49,9 %;18,3;4;8;4;0;5;2;4;1;Assez bien;Informatique;Technologique
COH2027-0646;23;71,5 %;22,1;9;13;10;4;6;1;3;2;Assez bien;Informatique;Général
COH2027-0647;18;49,6 %;23,8;5;13;11;1;5;2;2;2;Assez bien;Informatique;Général
COH2027-0648;18;49,0 %;4,5;6;11;7;1;7;1;2;2;Très bien;Droit;Général
COH2027-0649;19;23,9 %;18,8;3;8;3;0;7;2;2;1;Assez bien;Informatique;Général
COH2027-0650;21;60,1 %;31,4;7;9;8;3;5;3;;3;Assez bien;Informatique;Général
COH2027-0651;19;69,7 %;26,8;4;11;10;9;7;3;2;3;Assez bien;Informatique;Technologique
COH2027-0652;17;59,1 %;53,2;4;9;8;3;6;2;3;;Passable;Informatique;Général
COH2027-0653;17;47,3 %;12,1;7;9;7;1;5;3;1;2;Assez bien;Informatique;Général
COH2027-0654;18;61,5 %;12,8;8;13;8;0;5;1;1;1;Passable;Mathématiques;Général
COH2027-0655;18;51,7 %;4,8;7;11;7;2;5;3;2;3;Passable;Informatique;Général
COH2027-0656;21;34,1 %;6,0;4;8;4;0;6;1;1;1;Assez bien;Informatique;Général
COH2027-0657;20;36,5 %;24,2;6;8;6;0;6;1;2;1;;STAPS;Général
COH2027-0658;17;76,4 %;44,3;3;13;13;6;7;3;4;4;Bien;Mathématiques;Général
COH2027-0659;18;49,2 %;19,2;9;13;11;0;6;4;;1;Bien;Informatique;Technologique
COH2027-0660;21;79,8 %;45,3;3;10;9;12;6;4;1;4;Passable;STAPS;Général
COH2027-0661;23;68,5 %;33,1;4;11;10;6;5;4;3;4;Bien;Droit;Général
COH2027-0662;19;37,8 %;0,9;5;11;5;0;6;;4;1;Passable;Droit;Technologique
COH2027-0663;19;55,4 %;16,1;6;9;6;3;6;2;;3;Assez bien;Informatique;Général
COH2027-0664;24;58,1 %;14,9;4;8;6;5;5;1;3;2;Passable;Informatique;Général
COH2027-0665;21;39,8 %;9,8;7;13;10;1;6;1;3;1;Assez bien;Informatique;Technologique
COH2027-0666;23;77,1 %;21,1;6;8;7;8;6;4;2;3;Passable;Informatique;Général
COH2027-0667;19;53,3 %;18,2;6;8;7;0;6;1;3;1;Assez bien;Psychologie;Général
COH2027-0668;18;53,3 %;32,6;5;8;7;2;7;4;2;1;Passable;Gestion;Technologique
COH2027-0669;18;41,5 %;1,0;5;12;8;0;7;1;2;1;Passable;Informatique;Général
COH2027-0670;21;79,2 %;50,8;3;8;8;12;6;4;4;3;Passable;Informatique;Général
COH2027-0671;20;49,3 %;10,7;9;12;9;1;5;2;1;4;Assez bien;Droit;Professionnel
COH2027-0672;20;50,7 %;1,6;6;9;6;0;7;1;1;1;Très bien;Biologie;Technologique
COH2027-0673;24;55,8 %;19,9;4;10;9;2;6;2;;2;Très bien;Informatique;Général
COH2027-0674;22;68,3 %;31,4;7;10;8;8;6;4;2;4;Passable;Psychologie;Général
COH2027-0675;20;50,2 %;2,2;5;12;10;1;6;2;1;1;Passable;STAPS;Technologique
COH2027-0676;20;69,3 %;22,6;4;10;10;7;6;;4;3;Assez bien;Informatique;Général
COH2027-0677;19;51,7 %;0,4;5;11;9;2;5;2;1;;Assez bien;Mathématiques;Technologique
COH2027-0678;21;67,3 %;27,1;5;8;8;5;5;3;4;3;Passable;Psychologie;Général
COH2027-0679;21;58,0 %;6,8;7;13;12;1;6;3;3;1;Bien;Droit;Général
COH2027-0680;19;50,0 %;23,9;8;9;8;4;6;2;3;2;Bien;Lettres;Général
COH2027-0681;18;49,9 %;7,0;5;8;5;0;6;2;1;1;Assez bien;Informatique;Général
COH2027-0682;22;41,4 %;1,7;8;13;9;1;7;3;3;2;Passable;STAPS;Général
COH2027-0683;20;57,4 %;28,5;10;13;11;4;6;4;3;2;Passable;Gestion;Général
COH2027-0684;18;39,2 %;20,8;7;11;7;0;5;3;3;1;Bien;Informatique;Général
COH2027-0685;19;57,9 %;2,2;7;8;7;1;6;2;2;2;Passable;Informatique;Général
COH2027-0686;19;40,6 %;1,2;9;12;9;2;6;1;1;1;Bien;Informatique;Technologique
COH2027-0687;20;42,9 %;17,6;6;10;7;0;5;1;1;1;Passable;Droit;Général
COH2027-0688;21;57,8 %;19,9;5;13;12;7;6;2;4;2;Bien;Informatique;Professionnel
COH2027-0689;22;57,0 %;44,9;5;10;7;4;6;3;3;2;Passable;Psychologie;Professionnel
COH2027-0690;19;52,4 %;38,5;6;8;6;4;5;3;2;1;Passable;STAPS;Général
COH2027-0691;19;61,3 %;12,5;8;10;8;3;6;;4;3;Bien;Psychologie;Technologique
COH2027-0692;18;70,1 %;42,4;7;10;8;6;6;4;3;3;Passable;STAPS;Technologique
COH2027-0693;21;66,0 %;45,4;9;12;10;4;6;2;2;1;Passable;Droit;Général
COH2027-0694;18;76,3 %;43,6;3;9;9;3;7;4;4;4;Assez bien;Gestion;Technologique
COH2027-0695;18;54,8 %;4,7;8;13;8;0;5;1;2;1;Assez bien;Informatique;Général
COH2027-0696;18;50,6 %;21,1;6;13;9;3;5;2;2;;;Gestion;Professionnel
COH2027-0697;20;49,9 %;25,1;7;10;7;3;6;1;3;1;Très bien;Psychologie;Général
COH2027-0698;19;49,8 %;11,3;7;11;7;0;6;2;1;1;Bien;Droit;Général
COH2027-0699;19;58,6 %;5,5;7;10;7;0;7;2;;;Bien;Mathématiques;Général
COH2027-0700;22;39,4 %;36,5;6;8;7;5;7;2;4;3;Bien;Lettres;Général
COH2027-0701;17;65,6 %;19,8;6;10;6;2;5;1;1;1;;Gestion;Général
COH2027-0702;23;45,6 %;22,5;6;12;8;3;7;3;2;;Passable;Informatique;Technologique
COH2027-0703;21;56,7 %;25,1;8;13;10;3;5;;2;1;Assez bien;STAPS;Technologique
COH2027-0704;17;62,8 %;27,6;7;11;10;4;5;2;3;1;Passable;Informatique;Général
COH2027-0705;20;28,1 %;6,2;9;12;9;1;6;1;1;1;;Droit;Technologique
COH2027-0706;18;55,9 %;1,9;7;12;7;0;5;1;1;2;Bien;Gestion;Technologique
COH2027-0707;20;61,6 %;21,3;6;10;9;4;6;2;3;3;Passable;Informatique;Technologique
COH2027-0708;17;52,4 %;24,5;5;13;13;7;5;3;3;4;Assez bien;Informatique;Général
COH2027-0709;22;61,3 %;15,6;7;11;11;5;5;3;2;4;Assez bien;Informatique;Général
COH2027-0710;23;51,0 %;2,4;8;8;8;1;5;1;1;1;Passable;Informatique;Professionnel
COH2027-0711;19;38,5 %;2,8;6;10;6;0;6;1;2;1;Passable;Informatique;Général
COH2027-0712;23;60,4 %;30,8;5;8;7;4;5;3;2;2;Bien;Droit;Général
COH2027-0713;17;52,1 %;0,1;5;8;5;0;6;1;1;1;Passable;STAPS;Professionnel
COH2027-0714;19;62,7 %;17,7;4;12;8;1;5;2;;2;Assez bien;Informatique;Technologique
COH2027-0715;17;53,0 %;13,8;3;13;10;0;5;3;1;1;Bien;Informatique;Général
COH2027-0716;20;44,8 %;9,6;7;11;8;1;6;1;;2;Passable;Informatique;Technologique
COH2027-0717;18;45,8 %;11,1;5;10;5;0;7;1;2;2;Passable;Informatique;Général
COH2027-0718;22;67,6 %;49,3;4;13;13;7;5;4;3;3;Passable;Informatique;Général
COH2027-0719;18;57,8 %;29,9;4;8;8;12;5;4;2;1;Passable;Informatique;Technologique
COH2027-0720;20;53,7 %;8,6;6;12;6;1;6;3;1;1;Passable;Mathématiques;Général
COH2027-0721;19;64,9 %;5,7;6;8;6;2;7;2;3;1;Bien;Informatique;Technologique
COH2027-0722;19;62,4 %;16,5;8;11;9;6;5;4;3;2;Passable;Informatique;Général
COH2027-0723;19;64,3 %;28,1;7;10;7;0;6;4;4;1;Assez bien;Informatique;Professionnel
COH2027-0724;17;49,6 %;9,1;6;10;10;3;6;1;2;2;Assez bien;Informatique;Professionnel
COH2027-0725;21;59,3 %;33,4;8;11;8;5;7;4;;2;Passable;Biologie;Général
COH2027-0726;25;48,8 %;14,9;6;8;6;1;7;3;3;1;Passable;Informatique;Général
COH2027-0727;22;61,9 %;18,8;5;13;12;4;6;4;2;2;Bien;Informatique;Général
COH2027-0728;18;65,8 %;47,9;3;13;13;7;6;3;4;2;Passable;Informatique;Général
COH2027-0729;22;50,1 %;22,6;7;8;7;4;5;3;2;;Passable;Informatique;Technologique
COH2027-0730;19;52,7 %;5,7;8;13;8;0;5;1;2;1;Passable;Lettres;Technologique
COH2027-0731;19;77,3 %;44,0;6;13;12;4;5;4;4;4;Assez bien;Informatique;Technologique
COH2027-0732;18;44,4 %;16,6;7;10;7;0;7;1;2;3;Passable;Mathématiques;Technologique
COH2027-0733;22;66,9 %;48,9;5;8;7;9;5;3;3;3;Assez bien;Biologie;Général
COH2027-0734;21;38,4 %;3,4;7;12;7;0;7;1;1;1;;STAPS;Général
COH2027-0735;21;32,4 %;3,2;4;9;4;1;6;;1;1;Bien;Informatique;Technologique
COH2027-0736;21;50,8 %;10,8;7;10;7;1;5;1;1;1;Passable;Informatique;Général
COH2027-0737;18;44,5 %;7,5;7;13;7;1;6;;2;1;Très bien;Informatique;Professionnel
COH2027-0738;20;70,1 %;50,0;4;12;12;5;7;3;2;1;Bien;Informatique;Technologique
COH2027-0739;20;54,5 %;9,5;6;13;6;0;7;;1;1;Assez bien;Gestion;Général
COH2027-0740;20;62,7 %;27,9;6;8;8;5;5;1;3;2;Passable;Psychologie;Général
COH2027-0741;20;51,8 %;29,1;5;12;11;8;7;4;1;3;Bien;Psychologie;Général
COH2027-0742;18;59,2 %;32,5;5;11;11;6;7;4;3;1;Passable;Informatique;Général
COH2027-0743;18;49,6 %;23,8;5;13;11;1;5;2;2;2;Assez bien;Gestion;Général
COH2027-0744;24;51,0 %;32,9;8;13;10;3;6;1;3;1;;Informatique;Général
COH2027-0745;19;68,6 %;11,6;8;11;11;6;6;2;3;2;Passable;Biologie;Général
COH2027-0746;21;65,8 %;8,0;7;8;7;6;6;3;4;1;;Informatique;Technologique
COH2027-0747;20;46,8 %;20,6;9;10;9;5;6;2;1;2;Bien;STAPS;Général
COH2027-0748;18;58,8 %;53,5;7;8;8;5;6;2;3;2;Passable;Lettres;Général
COH2027-0749;24;61,1 %;14,9;7;12;9;0;6;3;1;1;Très bien;Lettres;Général
COH2027-0750;18;68,6 %;26,3;6;8;8;0;6;1;1;1;Passable;Informatique;Général
COH2027-0751;18;35,1 %;7,6;6;8;6;0;6;2;;2;Passable;Informatique;Technologique
COH2027-0752;19;56,3 %;15,1;7;9;7;0;6;2;3;2;Très bien;Informatique;Général
COH2027-0753;19;60,0 %;21,9;4;9;8;3;7;3;3;4;Bien;Informatique;Technologique
COH2027-0754;20;70,1 %;50,0;4;12;12;5;7;3;2;1;Bien;Lettres;Technologique
COH2027-0755;21;59,1 %;13,8;7;12;10;2;6;2;1;1;Assez bien;Gestion;Général
COH2027-0756;19;56,0 %;35,2;10;12;10;4;6;2;4;1;Assez bien;Informatique;Général
COH2027-0757;22;42,2 %;17,2;11;13;13;4;6;2;4;1;Bien;Informatique;Professionnel
COH2027-0758;21;78,9 %;29,6;4;10;10;10;6;4;2;4;Assez bien;Droit;Général
COH2027-0759;18;59,2 %;5,8;6;9;6;2;5;1;2;1;Passable;Informatique;Technologique
COH2027-0760;23;38,5 %;3,2;6;10;8;1;7;2;2;2;Bien;Informatique;Technologique
COH2027-0761;18;62,2 %;15,2;3;10;9;1;5;2;3;3;Passable;Informatique;Général
COH2027-0762;22;70,5 %;35,4;5;11;10;4;6;4;4;3;Assez bien;Psychologie;Général
COH2027-0763;18;74,8 %;26,9;7;9;8;5;6;4;2;3;Bien;Lettres;Technologique
COH2027-0764;19;64,7 %;16,4;8;13;13;2;5;3;4;3;;Gestion;Général
COH2027-0765;21;35,1 %;13,5;7;12;7;0;6;2;1;1;Bien;Informatique;Général
COH2027-0766;19;50,3 %;10,8;9;13;12;0;6;2;1;3;Passable;Informatique;Technologique
COH2027-0767;21;62,8 %;27,7;3;12;12;1;6;2;4;4;Passable;Gestion;Professionnel
COH2027-0768;20;57,5 %;18,9;6;8;6;3;6;3;;4;Assez bien;Psychologie;Général
COH2027-0769;20;67,1 %;33,3;5;8;5;3;5;3;4;3;Passable;Biologie;Technologique
COH2027-0770;17;64,0 %;34,5;8;8;8;6;7;4;3;2;Passable;Lettres;Professionnel
COH2027-0771;20;74,1 %;30,4;9;10;9;3;6;4;2;2;Passable;Informatique;Professionnel
COH2027-0772;22;54,2 %;29,1;6;13;11;6;5;1;;3;Passable;Informatique;Général
COH2027-0773;19;57,6 %;6,3;6;10;6;0;5;1;1;1;Assez bien;Informatique;Technologique
COH2027-0774;20;63,6 %;29,2;4;13;13;3;6;4;3;2;Bien;Gestion;Technologique
COH2027-0775;23;60,3 %;23,6;5;13;11;3;7;3;3;3;Assez bien;Informatique;Professionnel
COH2027-0776;20;62,2 %;8,1;5;8;5;3;5;4;2;1;Bien;Gestion;Général
COH2027-0777;22;46,1 %;4,0;8;12;8;0;7;;2;2;Bien;Informatique;Général
COH2027-0778;20;69,9 %;22,7;4;13;12;1;6;3;1;2;Très bien;STAPS;Général
COH2027-0779;19;66,7 %;21,8;5;8;6;4;5;4;2;;Très bien;Informatique;Technologique
COH2027-0780;21;29,1 %;4,2;5;8;5;0;5;1;1;1;Très bien;STAPS;Professionnel
COH2027-0781;19;54,0 %;42,6;7;8;7;3;6;2;1;2;Passable;Informatique;Technologique
COH2027-0782;19;60,7 %;21,9;7;9;9;6;5;4;3;3;Passable;Informatique;Professionnel
COH2027-0783;19;47,3 %;0,5;5;11;10;1;7;1;2;1;Passable;Informatique;Technologique
COH2027-0784;19;65,2 %;20,4;4;11;9;3;6;2;3;2;Assez bien;Informatique;Général
COH2027-0785;23;62,3 %;24,0;5;10;9;4;7;1;3;2;Bien;Informatique;Professionnel
COH2027-0786;20;63,7 %;26,4;7;12;12;3;5;4;2;3;Assez bien;Biologie;Général
COH2027-0787;18;61,1 %;13,5;5;8;5;1;7;3;2;1;Bien;Biologie;Technologique
COH2027-0788;23;61,9 %;21,2;4;12;7;4;6;;;1;Passable;Informatique;Général
COH2027-0789;20;44,8 %;10,8;5;13;10;0;5;1;;2;Assez bien;Informatique;Général
COH2027-0790;17;41,4 %;21,4;6;11;10;3;5;1;2;3;Assez bien;Biologie;Technologique
COH2027-0791;17;75,6 %;29,7;6;10;10;6;6;3;1;4;Passable;Informatique;Général
COH2027-0792;18;70,9 %;63,4;3;12;11;6;7;;4;3;Passable;Informatique;Technologique
COH2027-0793;20;53,2 %;24,8;7;10;7;0;7;3;2;3;Bien;Informatique;Technologique
COH2027-0794;23;44,4 %;14,0;6;11;6;0;6;1;3;3;Assez bien;Droit;Technologique
COH2027-0795;23;43,7 %;7,9;9;11;9;0;5;2;2;1;Très bien;Droit;Général
COH2027-0796;24;61,5 %;17,4;7;13;12;2;6;1;2;1;Passable;Droit;Général
COH2027-0797;18;69,4 %;41,4;6;9;9;4;5;2;3;3;Passable;Informatique;Professionnel
COH2027-0798;26;71,9 %;40,4;3;8;8;7;5;4;3;2;Passable;Droit;Général
COH2027-0799;21;47,9 %;0,2;10;13;10;0;6;1;1;1;Passable;Informatique;Général
COH2027-0800;19;75,1 %;47,1;4;10;10;9;7;4;3;3;Bien;Droit;Général
COH2027-0801;20;54,1 %;2,1;6;10;7;0;6;1;1;1;Assez bien;Informatique;Technologique
COH2027-0802;20;41,8 %;17,4;5;11;5;0;6;1;3;2;Très bien;Informatique;Technologique
COH2027-0803;18;55,2 %;10,4;4;8;4;2;6;2;1;1;Assez bien;Informatique;Technologique
COH2027-0804;23;42,5 %;18,1;7;9;7;3;6;4;3;2;Passable;Informatique;Général
COH2027-0805;25;69,2 %;22,9;7;9;7;2;7;1;;1;Bien;Psychologie;Général
COH2027-0806;24;50,9 %;24,1;8;13;8;0;5;3;3;1;Passable;Psychologie;Général
COH2027-0807;21;78,3 %;34,2;5;11;11;9;6;2;;2;Assez bien;Gestion;Général
COH2027-0808;20;70,8 %;23,6;6;10;7;1;5;3;2;1;Passable;Lettres;Général
COH2027-0809;19;39,5 %;2,0;5;8;5;0;6;1;2;1;Passable;Informatique;Technologique
COH2027-0810;22;78,7 %;44,9;3;13;13;7;7;3;2;2;Assez bien;Informatique;Général
COH2027-0811;19;66,5 %;18,5;10;13;10;4;7;4;1;1;Passable;STAPS;Technologique
COH2027-0812;19;66,2 %;20,2;4;8;6;8;6;;3;2;Assez bien;Informatique;Général
COH2027-0813;19;44,5 %;25,9;9;11;9;2;6;2;;1;Bien;Informatique;Général
COH2027-0814;22;58,6 %;28,6;10;13;10;2;6;1;2;;Bien;Lettres;Général
COH2027-0815;21;76,6 %;15,4;3;13;13;6;6;4;3;;Passable;Informatique;Général
COH2027-0816;22;43,4 %;11,7;7;9;7;3;6;2;1;1;Bien;Lettres;Général
COH2027-0817;18;61,2 %;24,8;5;12;11;1;6;4;2;1;Assez bien;Informatique;Général
COH2027-0818;18;58,8 %;14,8;9;12;10;7;5;4;3;2;Passable;Informatique;Général
COH2027-0819;20;71,2 %;25,9;7;8;8;8;6;3;4;2;Passable;Informatique;Professionnel
COH2027-0820;18;70,7 %;24,2;8;13;8;3;7;2;3;1;Passable;Droit;Général
COH2027-0821;17;51,7 %;16,4;7;12;11;2;6;2;2;4;Assez bien;Informatique;Professionnel
COH2027-0822;19;32,2 %;18,9;6;11;8;0;6;1;2;2;Passable;Droit;Général
COH2027-0823;19;55,7 %;29,2;7;9;8;3;7;1;2;2;Bien;Informatique;Général
COH2027-0824;21;78,9 %;29,6;4;10;10;10;6;4;2;4;Assez bien;Informatique;Général
COH2027-0825;22;61,5 %;0,1;7;12;9;0;6;1;1;1;Passable;Droit;Technologique
COH2027-0826;20;71,3 %;21,9;4;13;12;4;5;2;3;2;Passable;Informatique;Général
COH2027-0827;20;59,7 %;41,0;3;10;9;0;6;4;4;2;Bien;Informatique;Général
COH2027-0828;17;55,4 %;14,9;6;12;12;3;6;1;3;;;Droit;Technologique
COH2027-0829;23;68,9 %;24,9;7;12;9;4;6;3;3;2;Assez bien;Informatique;Technologique
COH2027-0830;18;50,0 %;15,2;4;10;9;2;5;3;1;3;Bien;Informatique;Général
COH2027-0831;18;79,9 %;29,8;7;13;12;2;6;1;3;1;Passable;Informatique;Professionnel
COH2027-0832;23;59,3 %;16,7;8;8;8;8;6;3;2;4;Très bien;Informatique;Général
COH2027-0833;17;45,0 %;8,1;6;8;6;1;6;4;;1;Très bien;Psychologie;Technologique
COH2027-0834;24;61,0 %;11,0;7;11;9;3;5;4;2;1;Bien;STAPS;Général
COH2027-0835;17;76,0 %;39,9;3;8;8;11;6;4;3;3;Passable;Informatique;Général
COH2027-0836;17;60,5 %;29,6;5;12;10;4;6;3;2;2;Assez bien;Informatique;Technologique
COH2027-0837;23;48,4 %;8,6;7;12;7;0;5;1;1;1;Passable;Informatique;Général
COH2027-0838;18;56,5 %;6,8;8;13;8;1;6;1;1;2;Passable;Informatique;Général
COH2027-0839;21;66,7 %;19,9;3;9;9;1;5;2;4;3;;Informatique;Général
COH2027-0840;26;54,7 %;15,2;6;9;7;6;6;3;2;1;Passable;Informatique;Technologique
COH2027-0841;21;70,1 %;30,6;6;9;9;5;6;3;4;3;Bien;Biologie;Général
COH2027-0842;20;45,6 %;4,8;5;9;5;0;6;1;1;1;Assez bien;Gestion;Général
COH2027-0843;21;74,2 %;33,0;4;9;8;4;6;3;3;1;Bien;Informatique;Technologique
COH2027-0844;19;48,7 %;23,1;9;11;9;5;6;3;;3;Passable;Gestion;Général
COH2027-0845;19;73,7 %;28,2;7;8;7;5;6;4;4;1;Assez bien;Informatique;Général
COH2027-0846;24;53,5 %;24,6;8;9;8;2;7;2;1;3;Très bien;Gestion;Général
COH2027-0847;21;67,0 %;17,9;9;9;9;2;5;4;1;1;Passable;Psychologie;Général
COH2027-0848;19;50,2 %;33,6;5;8;7;2;5;3;3;1;Passable;Gestion;Général
COH2027-0849;21;76,7 %;13,8;5;8;8;7;7;4;3;3;Passable;Informatique;Général
COH2027-0850;22;48,4 %;11,6;7;10;7;3;6;1;2;1;Passable;Informatique;Technologique
COH2027-0851;20;35,7 %;24,9;8;12;8;4;5;;2;2;Passable;Lettres;Professionnel
COH2027-0852;19;70,2 %;22,6;4;10;10;4;6;2;3;4;Assez bien;Lettres;Technologique
COH2027-0853;19;52,4 %;38,5;6;8;6;4;5;3;2;1;Passable;STAPS;Général
COH2027-0854;20;44,2 %;14,6;7;8;7;2;7;2;4;1;Assez bien;Biologie;Général
COH2027-0855;18;56,0 %;26,6;8;9;8;3;5;1;3;2;Bien;Informatique;Général
COH2027-0856;22;67,5 %;35,9;4;13;12;2;7;3;2;3;Assez bien;Mathématiques;Technologique
COH2027-0857;21;52,1 %;15,6;9;10;9;3;5;3;1;;Passable;Informatique;Général
COH2027-0858;18;76,3 %;27,6;5;9;8;7;6;2;2;1;Passable;Informatique;Professionnel
COH2027-0859;20;44,8 %;12,9;6;11;10;2;6;2;4;2;Assez bien;Psychologie;Professionnel
COH2027-0860;20;54,5 %;11,2;8;12;9;3;6;1;1;1;Bien;Informatique;Professionnel
COH2027-0861;23;69,1 %;28,0;3;8;8;8;6;3;2;3;Bien;Psychologie;Technologique
COH2027-0862;22;49,6 %;21,8;5;8;5;1;6;3;2;3;;Informatique;Technologique
COH2027-0863;19;70,7 %;16,8;7;13;13;6;5;4;4;1;Très bien;Informatique;Technologique
COH2027-0864;22;52,1 %;14,1;7;12;11;4;6;2;2;;Assez bien;Informatique;Technologique
COH2027-0865;20;54,4 %;26,8;5;13;10;0;5;3;3;1;Passable;Gestion;Technologique
COH2027-0866;19;49,7 %;7,0;8;13;10;1;6;2;2;1;Passable;Informatique;Technologique
COH2027-0867;20;26,5 %;0,0;4;8;4;0;5;1;1;1;Passable;Informatique;Professionnel
COH2027-0868;24;74,1 %;19,9;4;10;10;5;5;2;3;3;Bien;Gestion;Technologique
COH2027-0869;24;61,0 %;18,3;7;10;9;2;6;2;2;2;Passable;Informatique;Général
COH2027-0870;21;60,2 %;25,9;6;8;6;3;7;2;2;3;Bien;Informatique;Général
COH2027-0871;22;50,2 %;8,8;8;12;8;0;7;1;1;1;Très bien;Psychologie;Technologique
COH2027-0872;20;66,6 %;37,8;7;8;7;6;6;4;2;2;Bien;Droit;Général
COH2027-0873;18;58,1 %;13,2;7;11;7;2;6;2;1;2;Passable;Informatique;Général
COH2027-0874;24;73,4 %;46,1;3;8;8;2;5;4;3;4;Assez bien;Biologie;Général
COH2027-0875;19;52,2 %;32,5;8;11;8;6;6;2;2;2;Bien;Informatique;Général
COH2027-0876;19;58,4 %;5,6;9;11;9;1;6;1;1;2;Assez bien;Gestion;Général
COH2027-0877;18;56,7 %;6,2;5;11;10;1;6;1;2;2;Assez bien;Informatique;Technologique
COH2027-0878;17;76,4 %;44,3;3;13;13;6;7;3;4;4;Bien;Informatique;Général
COH2027-0879;22;57,3 %;22,8;9;11;9;3;5;2;1;2;Passable;Informatique;Général
COH2027-0880;20;44,5 %;15,2;9;12;10;1;5;2;1;1;Bien;STAPS;Technologique
COH2027-0881;20;40,0 %;4,9;6;8;6;1;7;1;3;1;Très bien;Biologie;Général
COH2027-0882;19;39,8 %;8,4;9;12;9;2;7;2;1;1;Bien;Informatique;Général
COH2027-0883;19;52,7 %;34,1;9;12;11;1;7;4;4;2;Très bien;Mathématiques;Général
COH2027-0884;24;43,2 %;33,2;6;8;7;2;7;2;2;2;Passable;Informatique;Professionnel
COH2027-0885;22;58,6 %;28,6;10;13;10;2;6;1;2;;Bien;Lettres;Général
COH2027-0886;19;70,6 %;52,0;5;11;11;8;7;4;4;2;Bien;Droit;Général
COH2027-0887;20;53,4 %;16,4;7;13;9;2;6;4;1;1;Bien;Informatique;Général
COH2027-0888;19;59,8 %;19,9;6;9;9;2;5;4;3;3;Passable;Psychologie;Général
COH2027-0889;19;69,4 %;14,9;7;8;8;5;7;3;2;2;Bien;Gestion;Général
COH2027-0890;21;47,9 %;0,2;10;13;10;0;6;1;1;1;Passable;Informatique;Général
COH2027-0891;25;60,2 %;30,4;7;9;7;1;6;1;3;2;Passable;Mathématiques;Professionnel
COH2027-0892;20;47,6 %;21,4;9;10;9;1;5;1;;3;Passable;Informatique;Général
COH2027-0893;19;62,8 %;25,1;6;10;10;3;7;2;3;3;Assez bien;Informatique;Technologique
COH2027-0894;19;51,8 %;20,6;6;10;9;2;7;2;1;;Passable;Informatique;Professionnel
COH2027-0895;24;61,9 %;7,4;5;8;5;3;5;2;2;3;Assez bien;Gestion;Professionnel
COH2027-0896;21;57,6 %;29,0;11;13;11;5;6;3;1;1;Passable;Droit;Général
COH2027-0897;22;75,1 %;25,1;4;10;10;9;5;3;3;;Assez bien;Droit;Général
COH2027-0898;20;61,9 %;26,8;7;9;9;5;6;4;4;1;Passable;Gestion;Général
COH2027-0899;18;49,0 %;4,5;6;11;7;1;7;1;2;2;Très bien;Informatique;Général
COH2027-0900;19;50,8 %;21,1;7;12;10;3;6;2;2;3;;Psychologie;Général
COH2027-0901;19;41,4 %;36,4;9;13;12;2;7;;1;2;Passable;Informatique;Général
COH2027-0902;23;54,4 %;19,6;6;10;8;2;6;2;;1;Assez bien;Lettres;Général
COH2027-0903;20;36,8 %;3,0;6;10;6;1;7;1;1;1;Assez bien;Informatique;Technologique
COH2027-0904;18;79,3 %;33,9;7;12;12;4;6;4;4;4;Très bien;Droit;Technologique
COH2027-0905;22;63,6 %;24,1;7;11;7;2;5;2;2;1;Très bien;Droit;Professionnel
COH2027-0906;18;65,7 %;57,8;5;10;10;4;6;3;4;2;Bien;Informatique;Technologique
COH2027-0907;19;75,6 %;51,7;4;13;13;6;6;4;2;2;Assez bien;Informatique;Général
COH2027-0908;20;78,6 %;23,4;4;11;10;6;6;;3;3;Passable;Informatique;Général
COH2027-0909;18;41,4 %;4,3;8;11;8;0;6;1;2;1;Passable;Informatique;Général
COH2027-0910;18;73,2 %;40,0;4;9;7;9;6;3;3;2;Très bien;Informatique;Général
COH2027-0911;21;54,8 %;21,8;4;9;6;4;5;3;3;4;Passable;Informatique;Professionnel
COH2027-0912;23;25,6 %;0,0;7;13;7;0;5;1;1;1;Assez bien;Informatique;Général
COH2027-0913;19;66,3 %;38,1;4;11;9;2;5;1;2;1;Assez bien;Mathématiques;Général
COH2027-0914;21;50,3 %;8,2;5;8;7;3;5;1;1;1;Bien;Informatique;Professionnel
COH2027-0915;17;49,9 %;18,9;7;9;7;2;6;2;4;2;Bien;Biologie;Général
COH2027-0916;20;66,1 %;19,4;9;12;10;1;5;4;2;1;Bien;Gestion;Général
COH2027-0917;18;68,5 %;32,1;4;8;7;7;5;3;2;1;;Droit;Général
COH2027-0918;18;52,1 %;27,6;7;9;7;1;5;2;2;1;Passable;Informatique;Technologique
COH2027-0919;18;54,0 %;9,6;6;8;6;1;7;1;2;1;Passable;Informatique;Général
COH2027-0920;19;79,9 %;21,1;3;12;10;9;6;4;2;2;Bien;STAPS;Général
COH2027-0921;20;75,4 %;37,0;5;12;12;9;7;4;4;4;Passable;Informatique;Général
COH2027-0922;17;47,0 %;11,5;5;8;5;0;7;1;1;1;Bien;Informatique;Général
COH2027-0923;19;48,8 %;15,8;5;9;5;0;5;2;1;1;Assez bien;Gestion;Général
COH2027-0924;19;78,0 %;50,5;4;11;11;12;6;3;4;4;Assez bien;Informatique;Technologique
COH2027-0925;24;60,4 %;2,8;7;10;7;0;6;2;1;1;Passable;Biologie;Professionnel
COH2027-0926;18;61,2 %;25,2;4;11;8;1;6;2;2;2;Passable;Informatique;Général
COH2027-0927;21;57,2 %;14,3;7;11;7;0;6;1;1;2;Assez bien;Mathématiques;Général
COH2027-0928;20;46,5 %;10,3;7;10;7;1;6;2;1;3;Passable;Gestion;Général
COH2027-0929;20;37,7 %;14,5;7;11;9;0;7;1;2;1;Assez bien;Informatique;Général
COH2027-0930;18;39,6 %;4,8;6;13;6;1;6;1;2;1;Bien;Droit;Technologique
COH2027-0931;17;66,0 %;23,6;7;12;10;8;6;4;1;2;Très bien;Informatique;Général
COH2027-0932;21;61,2 %;23,9;7;8;7;3;5;3;3;2;Assez bien;Gestion;Général
COH2027-0933;19;41,6 %;9,4;4;8;4;0;7;1;;1;Passable;Informatique;Professionnel
COH2027-0934;24;46,0 %;9,4;6;8;6;0;5;1;1;3;Assez bien;Gestion;Général
COH2027-0935;21;77,2 %;6,8;7;12;12;3;5;1;;2;Passable;Informatique;Général
COH2027-0936;20;54,7 %;19,4;7;10;8;1;7;1;3;1;Assez bien;Biologie;Général
COH2027-0937;19;38,9 %;4,8;6;12;9;3;6;3;1;1;;Informatique;Général
COH2027-0938;21;77,8 %;26,4;5;10;10;3;6;4;1;4;Passable;STAPS;Général
COH2027-0939;20;36,6 %;15,8;6;8;6;2;7;3;;2;Passable;Informatique;Général
COH2027-0940;20;72,7 %;39,5;4;13;13;12;6;4;3;;Assez bien;Biologie;Général
COH2027-0941;20;53,9 %;17,1;10;12;10;0;5;2;2;1;Passable;Biologie;Général
COH2027-0942;19;42,1 %;39,7;6;11;10;0;7;2;3;2;Assez bien;Biologie;Technologique
COH2027-0943;20;44,7 %;9,4;8;11;8;0;5;2;1;1;Passable;Informatique;Général
COH2027-0944;19;39,9 %;23,9;7;12;9;1;7;2;2;;Très bien;Droit;Général
COH2027-0945;20;44,0 %;18,6;7;8;7;4;7;;1;2;Bien;Informatique;Professionnel
COH2027-0946;19;76,1 %;19,1;5;12;12;4;5;4;4;3;Passable;Informatique;Technologique
COH2027-0947;18;55,5 %;11,6;5;9;5;2;5;3;1;2;Passable;Biologie;Technologique
COH2027-0948;20;31,6 %;4,5;6;9;6;0;7;1;;1;Très bien;Informatique;Professionnel
COH2027-0949;20;54,7 %;19,4;7;10;8;1;7;1;3;1;Assez bien;Biologie;Général
COH2027-0950;23;36,0 %;8,7;6;11;6;0;6;2;3;;Assez bien;Lettres;Professionnel
COH2027-0951;21;71,0 %;12,8;6;10;8;6;5;3;1;2;Passable;STAPS;Général
COH2027-0952;18;77,3 %;18,9;6;8;8;6;6;2;3;4;Passable;Lettres;Général
COH2027-0953;19;53,0 %;5,5;5;11;9;4;6;3;4;1;Passable;Informatique;Général
COH2027-0954;18;67,9 %;39,9;6;13;11;8;7;3;3;4;Passable;Psychologie;Technologique
COH2027-0955;18;65,3 %;20,4;3;13;13;2;6;2;3;2;Passable;Informatique;Général
COH2027-0956;24;51,5 %;31,8;5;10;8;3;6;2;1;4;Bien;Psychologie;Général
COH2027-0957;18;57,7 %;18,8;4;11;8;4;5;1;3;;Passable;Droit;Technologique
COH2027-0958;18;56,6 %;16,4;8;12;9;3;5;2;1;3;Très bien;Biologie;Général
COH2027-0959;18;56,7 %;15,9;8;10;8;1;5;2;1;3;Passable;Informatique;Technologique
COH2027-0960;22;62,7 %;10,6;6;8;6;3;5;2;4;2;Très bien;Informatique;Technologique
COH2027-0961;18;69,2 %;20,2;8;12;10;3;6;4;1;;Assez bien;Informatique;Général
COH2027-0962;21;70,2 %;32,1;6;8;6;6;6;3;2;2;Assez bien;STAPS;Technologique
COH2027-0963;21;77,7 %;33,4;5;11;11;12;6;4;3;4;Bien;Informatique;Technologique
COH2027-0964;19;66,6 %;15,3;7;13;10;6;5;4;4;;Passable;Informatique;Technologique
COH2027-0965;20;66,2 %;8,4;7;9;7;4;6;3;2;3;Assez bien;STAPS;Général
COH2027-0966;23;79,2 %;33,3;4;11;11;5;5;3;4;4;Très bien;Informatique;Général
COH2027-0967;21;42,1 %;21,4;7;9;7;0;6;2;1;1;Bien;Informatique;Général
COH2027-0968;19;55,4 %;31,8;7;12;11;1;6;3;1;2;Très bien;Biologie;Général
COH2027-0969;20;51,3 %;13,4;5;10;5;4;5;2;2;1;Assez bien;Informatique;Général
COH2027-0970;21;64,4 %;41,5;3;13;13;6;5;3;3;3;Assez bien;Informatique;Général
COH2027-0971;20;77,9 %;30,2;9;9;9;4;6;3;3;2;;STAPS;Général
COH2027-0972;22;54,2 %;29,1;6;13;11;6;5;1;;3;Passable;Gestion;Général
COH2027-0973;19;52,7 %;34,1;9;12;11;1;7;4;4;2;Très bien;Mathématiques;Général
COH2027-0974;19;58,8 %;14,8;4;11;9;1;7;4;2;2;Passable;Mathématiques;Général
COH2027-0975;24;65,6 %;14,3;5;12;9;3;6;;4;1;Passable;STAPS;Général
COH2027-0976;23;53,7 %;20,6;7;10;7;0;6;2;2;1;Passable;Informatique;Technologique
COH2027-0977;21;61,5 %;7,0;7;11;7;0;6;1;2;1;;Gestion;Technologique
COH2027-0978;18;50,3 %;10,0;6;8;7;0;7;1;;1;Passable;Lettres;Technologique
COH2027-0979;20;53,3 %;28,6;8;10;8;1;6;2;1;3;Assez bien;Lettres;Général
COH2027-0980;23;74,5 %;15,7;8;8;8;8;6;3;3;3;Assez bien;Informatique;Général
COH2027-0981;19;79,9 %;21,1;3;12;10;9;6;4;2;2;Bien;STAPS;Général
COH2027-0982;17;63,1 %;17,4;9;12;10;7;6;3;;2;Très bien;Gestion;Technologique
COH2027-0983;19;65,4 %;29,9;4;8;8;4;7;4;3;4;Assez bien;Droit;Général
COH2027-0984;20;74,3 %;27,9;6;9;8;3;7;4;3;2;Très bien;Informatique;Général
COH2027-0985;21;67,0 %;17,9;9;9;9;2;5;4;1;1;Passable;Psychologie;Général
COH2027-0986;18;63,0 %;10,2;9;13;10;0;6;;2;2;Assez bien;Biologie;Général
COH2027-0987;17;64,2 %;17,9;4;10;10;5;5;3;2;2;Passable;STAPS;Professionnel
COH2027-0988;18;69,0 %;53,8;4;10;10;6;6;3;4;2;Assez bien;Psychologie;Général
COH2027-0989;18;64,6 %;6,1;10;12;10;0;7;1;1;1;Passable;Psychologie;Professionnel
COH2027-0990;19;63,2 %;31,9;4;9;8;4;6;2;3;3;Assez bien;Mathématiques;Général
COH2027-0991;20;48,2 %;23,4;5;10;5;4;6;3;2;3;Bien;Gestion;Technologique
COH2027-0992;21;61,4 %;14,9;8;13;11;1;6;1;1;;Passable;Informatique;Général
COH2027-0993;21;59,7 %;19,7;7;11;9;3;5;;2;2;Assez bien;Informatique;Professionnel
COH2027-0994;19;77,8 %;32,7;3;8;7;2;6;1;2;2;Bien;Mathématiques;Général
COH2027-0995;17;71,0 %;35,4;5;9;9;0;6;2;3;4;Assez bien;Informatique;Professionnel
COH2027-0996;25;60,2 %;30,4;7;9;7;1;6;1;3;2;Passable;Mathématiques;Professionnel
COH2027-0997;20;59,4 %;22,6;7;13;10;6;5;2;3;2;Passable;Droit;Général
COH2027-0998;21;45,6 %;12,3;8;11;8;0;7;1;2;1;Passable;Psychologie;Technologique
COH2027-0999;20;52,8 %;21,4;6;10;6;0;6;1;2;1;Passable;Informatique;Général
COH2027-1000;21;58,4 %;23,4;3;8;8;8;6;3;4;2;Passable;Informatique;Général
COH2027-1001;22;55,2 %;19,6;8;9;8;0;5;3;4;1;Assez bien;Informatique;Technologique
COH2027-1002;21;64,6 %;18,4;7;11;11;9;6;3;4;2;Passable;Lettres;Général
COH2027-1003;19;64,3 %;30,1;7;8;7;1;5;1;3;2;Bien;Informatique;Technologique
COH2027-1004;18;69,8 %;10,1;9;13;10;2;6;2;3;1;Passable;STAPS;Général
COH2027-1005;22;74,4 %;23,6;7;13;11;4;5;2;4;2;Bien;STAPS;Général
COH2027-1006;19;64,8 %;22,5;8;8;8;2;6;3;2;4;Assez bien;Psychologie;Général
COH2027-1007;22;53,5 %;11,8;4;8;5;3;7;1;3;2;Passable;Informatique;Général
COH2027-1008;17;50,6 %;23,5;7;8;7;3;5;3;1;2;Passable;STAPS;Professionnel
COH2027-1009;18;57,3 %;14,5;8;10;8;4;6;3;3;1;Assez bien;STAPS;Technologique
COH2027-1010;20;55,8 %;22,1;4;10;9;7;5;4;2;1;Assez bien;Informatique;Professionnel
COH2027-1011;20;59,8 %;17,1;10;13;10;5;5;;2;1;Bien;Informatique;Général
COH2027-1012;19;66,8 %;11,8;6;9;6;0;6;1;2;1;Bien;Informatique;Technologique
COH2027-1013;20;44,8 %;12,9;6;11;10;2;6;2;4;2;Assez bien;Informatique;Professionnel
COH2027-1014;20;32,8 %;9,3;5;8;5;0;6;2;2;1;Assez bien;Gestion;Général
COH2027-1015;19;72,6 %;35,5;8;9;8;3;5;3;2;1;Bien;Informatique;Général
COH2027-1016;20;54,5 %;11,2;8;12;9;3;6;1;1;1;Bien;Informatique;Professionnel
COH2027-1017;22;70,5 %;35,4;5;11;10;4;6;4;4;3;Assez bien;Psychologie;Général
COH2027-1018;17;73,3 %;39,9;7;12;10;10;6;4;2;4;Assez bien;Mathématiques;Général
COH2027-1019;19;67,5 %;11,8;5;9;9;6;6;3;4;;Bien;STAPS;Général
COH2027-1020;19;50,2 %;33,6;5;8;7;2;5;3;3;1;Passable;Informatique;Général
COH2027-1021;19;47,6 %;34,9;7;10;8;1;6;2;2;3;Passable;Psychologie;Général
COH2027-1022;21;34,0 %;13,8;7;12;7;0;6;1;2;1;;Informatique;Général
COH2027-1023;21;45,6 %;11,8;7;11;7;2;7;1;1;2;Passable;STAPS;Professionnel
COH2027-1024;21;47,8 %;14,7;9;10;9;0;6;1;4;1;Passable;STAPS;Général
COH2027-1025;23;42,8 %;24,6;6;12;9;0;5;1;1;4;Passable;Informatique;Technologique
COH2027-1026;21;48,0 %;5,1;7;13;8;0;7;1;1;2;Assez bien;Psychologie;Professionnel
COH2027-1027;20;57,6 %;10,3;8;9;8;1;7;2;1;3;Passable;Informatique;Général
COH2027-1028;21;41,9 %;17,4;8;10;8;3;6;2;2;2;Passable;Informatique;Général
COH2027-1029;18;73,2 %;18,6;6;10;8;4;6;2;2;2;Très bien;Informatique;Général
COH2027-1030;22;53,7 %;22,0;7;10;7;3;7;2;1;2;Très bien;Biologie;Général
COH2027-1031;17;52,7 %;17,2;7;10;7;4;6;2;2;1;Bien;Lettres;Général
COH2027-1032;19;51,6 %;20,1;5;11;8;0;6;2;2;;Passable;Biologie;Général
COH2027-1033;20;58,2 %;13,1;6;13;9;2;7;3;3;2;Très bien;Informatique;Général
COH2027-1034;18;79,6 %;41,9;4;10;8;8;6;4;2;3;Assez bien;Biologie;Général
COH2027-1035;22;74,4 %;49,0;3;12;12;12;7;4;3;2;Très bien;Informatique;Général
COH2027-1036;20;66,0 %;35,0;7;12;8;6;6;2;2;1;Très bien;Informatique;Professionnel
COH2027-1037;21;52,0 %;16,4;5;9;5;0;5;1;3;1;Bien;Mathématiques;Général
COH2027-1038;18;48,3 %;27,2;9;12;12;3;6;3;2;1;Assez bien;Droit;Technologique
COH2027-1039;18;32,4 %;0,0;4;8;4;0;7;2;1;;Assez bien;Informatique;Technologique
COH2027-1040;21;63,4 %;23,9;9;12;10;2;6;4;2;2;Assez bien;Gestion;Général
COH2027-1041;19;78,0 %;54,0;6;9;9;6;6;4;4;1;Passable;Informatique;Technologique
COH2027-1042;24;70,4 %;17,2;5;11;10;6;6;4;4;4;Passable;Droit;Général
COH2027-1043;20;66,6 %;5,2;8;11;8;3;6;4;2;1;;Gestion;Général
COH2027-1044;19;62,8 %;24,9;6;10;6;2;6;1;3;3;Très bien;Informatique;Technologique
COH2027-1045;21;53,4 %;12,9;9;10;9;5;6;3;2;2;Assez bien;Informatique;Général
COH2027-1046;18;59,4 %;22,8;6;8;6;1;6;2;2;1;Passable;Informatique;Général
COH2027-1047;21;75,2 %;29,2;6;11;10;5;6;4;4;1;Assez bien;Informatique;Général
COH2027-1048;22;79,2 %;46,0;4;11;11;8;5;3;2;1;Assez bien;Droit;Général
COH2027-1049;19;47,1 %;11,8;5;12;5;0;6;1;2;2;Passable;STAPS;Technologique
COH2027-1050;21;51,4 %;12,6;6;8;6;5;7;4;1;3;Passable;Informatique;Général
COH2027-1051;17;74,6 %;21,6;4;12;11;4;5;3;2;3;Assez bien;Informatique;Technologique
COH2027-1052;17;62,9 %;27,4;7;9;7;2;6;1;1;1;Passable;Informatique;Technologique
COH2027-1053;21;79,8 %;23,1;5;9;8;10;6;4;3;3;Bien;Lettres;Général
COH2027-1054;23;58,4 %;11,9;4;12;8;3;5;2;3;3;Bien;Informatique;Général
COH2027-1055;20;66,9 %;39,0;3;13;12;3;5;3;4;4;Passable;Informatique;Technologique
COH2027-1056;20;75,1 %;8,1;8;11;8;2;7;2;4;1;Passable;Gestion;Général
COH2027-1057;18;34,1 %;0,0;7;11;7;0;6;2;1;1;Bien;Psychologie;Général
COH2027-1058;19;31,2 %;4,8;5;9;5;0;5;1;1;2;Passable;Gestion;Général
COH2027-1059;18;57,0 %;32,7;7;9;7;7;5;4;3;2;Passable;Psychologie;Général
COH2027-1060;20;49,2 %;7,2;6;9;6;0;6;2;1;1;Bien;Informatique;Technologique
COH2027-1061;20;37,1 %;10,8;7;9;7;1;6;1;1;1;Bien;STAPS;Technologique
COH2027-1062;21;67,6 %;10,6;7;13;11;6;7;3;4;;Assez bien;Informatique;Général
COH2027-1063;18;64,4 %;32,5;3;9;8;6;7;2;3;2;Très bien;Informatique;Technologique
COH2027-1064;19;71,1 %;30,6;4;10;9;7;6;1;3;4;Passable;Informatique;Général
COH2027-1065;17;58,5 %;8,7;7;10;8;5;6;1;4;2;;Mathématiques;Professionnel
COH2027-1066;18;50,6 %;13,2;7;11;10;3;5;1;2;3;Assez bien;Informatique;Professionnel
COH2027-1067;23;43,7 %;7,9;9;11;9;0;5;2;2;1;Très bien;Droit;Général
COH2027-1068;23;59,8 %;26,9;6;9;6;1;6;2;1;3;Passable;Biologie;Général
COH2027-1069;21;67,8 %;7,8;5;10;7;1;6;1;2;2;Assez bien;Psychologie;Professionnel
COH2027-1070;18;47,5 %;10,1;10;12;11;1;6;3;2;1;Passable;STAPS;Général
COH2027-1071;21;36,7 %;16,3;6;9;6;0;6;1;2;1;Passable;Gestion;Professionnel
COH2027-1072;19;49,4 %;3,7;6;9;6;1;7;2;4;;Passable;STAPS;Général
COH2027-1073;20;72,2 %;16,0;4;11;10;6;6;4;4;2;Passable;Biologie;Général
COH2027-1074;18;56,3 %;28,3;7;10;10;2;6;3;4;1;Assez bien;Informatique;Général
COH2027-1075;19;60,6 %;27,7;3;13;13;9;6;3;;4;Assez bien;Informatique;Technologique
COH2027-1076;23;48,4 %;8,6;7;12;7;0;5;1;1;1;Passable;Informatique;Général
COH2027-1077;24;54,9 %;2,9;9;11;9;0;7;1;3;1;Passable;Lettres;Général
COH2027-1078;19;64,5 %;29,1;5;13;13;5;5;4;4;3;Très bien;Mathématiques;Technologique
COH2027-1079;19;53,6 %;3,6;8;13;8;1;6;1;2;4;Bien;Informatique;Professionnel
COH2027-1080;21;59,6 %;13,8;5;11;9;1;6;3;3;2;Passable;Psychologie;Général
COH2027-1081;19;39,7 %;6,3;8;12;8;1;6;1;4;;Passable;Informatique;Technologique
COH2027-1082;18;59,0 %;27,5;6;9;9;3;6;2;4;2;Passable;Informatique;Général
COH2027-1083;20;29,5 %;2,1;7;10;7;0;7;1;1;1;Passable;Droit;Général
COH2027-1084;18;57,1 %;19,1;3;8;7;5;6;3;3;3;Assez bien;Psychologie;Général
COH2027-1085;18;78,0 %;44,5;3;13;12;12;6;3;2;3;Passable;Gestion;Technologique
COH2027-1086;17;25,2 %;6,5;7;10;7;0;6;2;1;1;;Gestion;Général
COH2027-1087;18;55,5 %;28,4;8;8;8;2;7;3;1;1;Bien;Lettres;Technologique
COH2027-1088;17;51,6 %;30,6;9;11;9;2;7;1;3;2;Assez bien;Informatique;Général
COH2027-1089;18;60,3 %;22,6;6;13;12;1;5;4;2;1;Passable;Informatique;Général
COH2027-1090;19;44,7 %;8,2;6;10;6;0;7;2;2;1;Assez bien;Informatique;Général
COH2027-1091;18;77,7 %;16,4;6;9;6;4;7;3;1;1;Très bien;Informatique;Général
COH2027-1092;21;73,8 %;28,7;5;9;8;5;5;4;2;1;Assez bien;Informatique;Technologique
COH2027-1093;18;54,4 %;15,4;5;10;8;0;6;1;3;1;;Lettres;Technologique
COH2027-1094;20;44,8 %;9,6;7;11;8;1;6;1;;2;Passable;Informatique;Technologique
COH2027-1095;20;57,2 %;20,7;6;9;9;4;5;2;2;2;Passable;Informatique;Général
COH2027-1096;20;53,5 %;1,2;3;10;7;1;7;1;1;1;Assez bien;Informatique;Technologique
COH2027-1097;19;66,6 %;19,2;7;10;7;2;5;1;2;1;Assez bien;Gestion;Général
COH2027-1098;20;79,2 %;28,8;3;13;13;9;7;4;4;2;Passable;Informatique;Général
COH2027-1099;21;47,8 %;19,4;7;9;7;3;5;2;2;;Très bien;Gestion;Technologique
COH2027-1100;19;68,4 %;19,8;6;9;9;7;5;4;3;2;Bien;STAPS;Technologique
COH2027-1101;25;67,9 %;26,6;6;12;12;2;6;2;2;2;Passable;Informatique;Général
COH2027-1102;20;51,2 %;9,8;8;10;8;1;5;2;1;1;Assez bien;Droit;Général
COH2027-1103;18;59,6 %;30,9;10;13;10;2;6;2;3;;Très bien;Informatique;Général
COH2027-1104;22;68,2 %;29,0;5;9;8;9;5;2;2;4;Passable;Informatique;Professionnel
COH2027-1105;18;65,3 %;27,2;8;12;12;1;6;1;1;2;Assez bien;Informatique;Technologique
COH2027-1106;22;42,7 %;17,4;6;10;7;2;6;1;1;2;Passable;Informatique;Professionnel
COH2027-1107;22;60,3 %;20,2;4;12;8;1;5;1;2;1;Passable;Informatique;Général
COH2027-1108;20;46,1 %;8,6;7;10;7;3;6;1;1;1;Bien;Informatique;Général
COH2027-1109;20;73,5 %;18,6;6;10;10;4;6;3;3;2;Assez bien;Lettres;Général
COH2027-1110;17;68,3 %;3,2;5;9;5;4;6;2;3;1;Bien;Informatique;Général
COH2027-1111;18;58,2 %;10,8;6;10;9;0;6;4;1;1;Très bien;Informatique;Général
COH2027-1112;23;54,6 %;29,9;6;12;10;5;6;4;3;3;Assez bien;Psychologie;Technologique
COH2027-1113;20;57,6 %;15,3;7;8;7;2;6;2;2;2;Passable;Informatique;Général
COH2027-1114;18;61,8 %;59,6;7;11;8;2;5;3;3;;Passable;Informatique;Général
COH2027-1115;19;50,0 %;17,9;8;11;9;1;5;3;2;1;Très bien;Informatique;Général
COH2027-1116;23;51,7 %;12,3;6;8;6;1;6;2;3;;Passable;STAPS;Technologique
COH2027-1117;21;51,3 %;11,9;6;10;6;0;7;3;4;4;Passable;Informatique;Général
COH2027-1118;19;58,6 %;5,5;7;10;7;0;7;2;;;Bien;Mathématiques;Général
COH2027-1119;17;59,4 %;10,8;7;11;7;3;5;2;1;1;Passable;Biologie;Général
COH2027-1120;17;73,1 %;22,9;7;11;11;4;6;2;4;3;Bien;Gestion;Général
COH2027-1121;19;48,3 %;1,4;5;9;5;1;6;1;1;2;Passable;Psychologie;Général
COH2027-1122;21;39,1 %;1,4;7;10;7;2;7;2;1;2;Passable;Informatique;Professionnel
COH2027-1123;21;54,9 %;16,1;9;13;10;0;7;2;1;3;Assez bien;Biologie;Général
COH2027-1124;21;67,2 %;32,1;8;11;9;1;5;3;1;2;Passable;Informatique;Général
COH2027-1125;21;40,2 %;6,8;6;9;6;0;6;1;1;1;Bien;Informatique;Technologique
COH2027-1126;23;52,7 %;17,7;6;8;6;1;5;1;;1;Passable;Informatique;Général
COH2027-1127;18;53,6 %;25,3;5;13;11;2;5;2;4;3;Bien;Informatique;Général
COH2027-1128;21;55,2 %;28,1;8;11;8;1;6;4;1;2;Assez bien;Droit;Général
COH2027-1129;24;50,0 %;1,8;8;13;8;3;6;1;1;3;Très bien;Lettres;Général
COH2027-1130;20;64,5 %;30,1;5;9;9;4;7;3;3;2;Passable;Informatique;Général
COH2027-1131;19;45,0 %;31,6;7;11;7;0;7;2;2;1;Passable;Informatique;Technologique
COH2027-1132;24;38,9 %;5,8;6;9;6;0;5;1;3;1;Passable;Biologie;Professionnel
COH2027-1133;21;58,9 %;1,8;5;8;5;0;5;1;2;1;Très bien;STAPS;Général
COH2027-1134;19;73,7 %;28,2;7;8;7;5;6;4;4;1;Assez bien;Psychologie;Général
COH2027-1135;21;63,2 %;33,8;8;13;13;7;6;2;3;2;Assez bien;Informatique;Professionnel
COH2027-1136;21;58,0 %;10,2;5;9;8;3;6;1;4;2;Assez bien;Informatique;Technologique
COH2027-1137;23;66,0 %;0,1;6;9;6;4;7;1;2;2;Assez bien;Lettres;Général
COH2027-1138;18;62,8 %;18,1;7;9;7;4;5;3;2;3;Assez bien;Informatique;Général
COH2027-1139;21;78,3 %;34,2;5;11;11;9;6;2;;2;Assez bien;Gestion;Général
COH2027-1140;17;63,0 %;37,2;5;9;7;5;7;4;3;;Bien;Gestion;Général
COH2027-1141;20;56,9 %;14,8;9;9;9;6;7;4;1;3;Assez bien;Informatique;Général
COH2027-1142;20;77,6 %;30,3;3;8;7;5;7;3;3;2;Passable;Informatique;Général
COH2027-1143;18;50,5 %;19,1;10;13;10;1;6;3;1;2;Passable;Gestion;Général
COH2027-1144;24;53,9 %;15,6;7;10;7;0;5;1;3;1;Assez bien;Informatique;Général
COH2027-1145;23;74,0 %;18,4;4;11;10;6;6;4;4;3;Très bien;Informatique;Professionnel
COH2027-1146;18;49,7 %;17,4;8;10;8;4;6;2;3;2;;Mathématiques;Général
COH2027-1147;18;54,7 %;27,4;4;11;8;0;6;2;3;2;Assez bien;Psychologie;Professionnel
COH2027-1148;20;74,9 %;37,0;6;10;10;3;6;4;2;3;;Psychologie;Technologique
COH2027-1149;20;61,0 %;5,6;7;13;10;4;6;2;1;1;Passable;Informatique;Technologique
COH2027-1150;18;67,4 %;12,6;7;12;12;2;5;2;3;3;Assez bien;STAPS;Général
COH2027-1151;20;58,2 %;20,5;8;10;8;2;6;2;1;3;Assez bien;Droit;Technologique
COH2027-1152;22;62,9 %;36,5;7;11;10;7;6;2;4;1;Passable;STAPS;Général
COH2027-1153;22;40,9 %;4,6;5;8;5;0;5;1;2;;Passable;Biologie;Technologique
COH2027-1154;18;67,9 %;39,9;6;13;11;8;7;3;3;4;Passable;Informatique;Technologique
COH2027-1155;21;60,0 %;16,8;5;8;5;4;6;;2;3;Passable;Informatique;Général
COH2027-1156;19;49,0 %;3,0;8;13;11;0;6;;3;1;Bien;Informatique;Général
COH2027-1157;19;46,2 %;20,5;4;10;8;3;7;4;3;1;Assez bien;Informatique;Général
COH2027-1158;20;60,0 %;13,1;6;12;9;2;7;1;1;1;Passable;Informatique;Général
COH2027-1159;18;54,1 %;8,8;7;9;7;1;6;1;4;1;Assez bien;Psychologie;Technologique
COH2027-1160;19;53,1 %;16,1;4;11;7;4;6;3;2;4;Assez bien;Psychologie;Général
COH2027-1161;21;48,2 %;33,1;4;9;8;5;6;3;2;3;Passable;STAPS;Général
COH2027-1162;20;66,3 %;36,0;5;11;10;2;7;4;3;2;Assez bien;Informatique;Général
COH2027-1163;17;60,8 %;10,4;7;13;10;1;7;2;2;2;Bien;Informatique;Technologique
COH2027-1164;17;71,5 %;36,0;5;8;7;7;5;3;2;1;Assez bien;STAPS;Général
COH2027-1165;20;42,8 %;11,4;6;10;6;0;5;1;1;1;;Informatique;Technologique
COH2027-1166;20;55,6 %;27,6;7;10;7;0;6;3;4;2;Passable;Biologie;Technologique
COH2027-1167;20;63,6 %;13,7;5;11;9;7;6;3;3;2;Passable;Informatique;Général
COH2027-1168;18;46,4 %;20,2;6;9;6;1;7;2;1;1;Bien;Informatique;Professionnel
COH2027-1169;19;46,5 %;16,4;4;10;7;0;7;1;2;1;Assez bien;Informatique;Général
COH2027-1170;21;59,3 %;33,4;8;11;8;5;7;4;;2;Passable;Informatique;Général
COH2027-1171;23;69,6 %;34,0;3;13;12;2;7;4;4;4;Passable;Informatique;Général
COH2027-1172;21;70,5 %;20,4;5;10;8;9;6;2;2;3;Assez bien;Gestion;Professionnel
COH2027-1173;22;57,5 %;6,4;5;10;9;4;6;1;3;1;Bien;Informatique;Général
COH2027-1174;18;61,6 %;33,2;4;13;11;3;5;3;3;1;Bien;Informatique;Général
COH2027-1175;17;57,2 %;18,4;7;10;7;2;5;2;2;1;Très bien;Informatique;Général
COH2027-1176;23;48,7 %;12,2;6;8;6;0;5;1;;3;Assez bien;Droit;Technologique
COH2027-1177;24;46,0 %;9,4;6;8;6;0;5;1;1;3;Assez bien;Informatique;Général
COH2027-1178;18;45,9 %;19,5;6;12;8;0;6;2;2;1;Assez bien;STAPS;Général
COH2027-1179;18;36,7 %;2,5;7;13;7;1;6;1;2;1;Passable;STAPS;Général
COH2027-1180;21;56,4 %;39,0;6;10;9;8;5;3;1;3;Passable;Informatique;Général
COH2027-1181;24;56,8 %;3,4;6;8;7;2;6;2;;;Passable;Informatique;Professionnel
COH2027-1182;19;57,4 %;39,4;5;11;8;3;5;1;1;1;Assez bien;Informatique;Général
COH2027-1183;24;56,7 %;32,1;11;12;11;4;5;2;2;2;Passable;Informatique;Général
COH2027-1184;18;64,1 %;9,4;5;8;5;3;7;2;3;1;Assez bien;Informatique;Général
COH2027-1185;18;54,2 %;11,9;8;10;8;3;6;3;3;3;Passable;Informatique;Professionnel
COH2027-1186;23;30,2 %;0,0;5;12;5;0;6;1;;1;Passable;Gestion;Général
COH2027-1187;18;41,8 %;22,2;7;12;7;0;7;2;2;1;Passable;Informatique;Général
COH2027-1188;18;41,6 %;9,8;6;8;6;1;7;1;1;1;Assez bien;Droit;Professionnel
COH2027-1189;18;39,6 %;6,8;8;12;8;0;6;1;1;1;Passable;Mathématiques;Technologique
COH2027-1190;20;36,9 %;7,5;6;12;7;0;6;1;2;1;Passable;Informatique;Technologique
COH2027-1191;21;49,7 %;16,1;6;11;8;1;5;1;1;1;Passable;Gestion;Technologique
COH2027-1192;20;69,0 %;19,5;7;13;12;0;5;1;1;1;Passable;Droit;Technologique
COH2027-1193;22;68,3 %;31,4;7;10;8;8;6;4;2;4;Passable;Psychologie;Général
COH2027-1194;21;57,8 %;22,2;7;13;11;3;5;;;1;Passable;Informatique;Technologique
COH2027-1195;22;57,9 %;23,7;4;12;12;3;7;4;2;;Assez bien;Informatique;Général
COH2027-1196;19;58,8 %;24,9;5;10;10;4;6;2;3;3;Assez bien;Informatique;Technologique
COH2027-1197;21;54,9 %;15,2;7;13;7;2;5;2;3;1;Bien;Mathématiques;Général
COH2027-1198;20;78,4 %;26,2;4;11;8;6;7;4;3;2;Passable;Psychologie;Technologique
COH2027-1199;23;42,2 %;17,9;8;10;8;1;6;1;3;2;Assez bien;Psychologie;Général
COH2027-1200;21;50,2 %;18,7;5;9;5;0;6;1;3;1;Passable;Gestion;Général
COH2027-1201;21;76,5 %;51,4;3;12;12;14;5;4;4;3;Très bien;Gestion;Général
COH2027-1202;20;45,2 %;13,9;9;11;10;0;7;1;2;;Passable;Informatique;Général
COH2027-1203;21;46,7 %;7,7;7;11;7;0;6;1;1;1;Assez bien;Mathématiques;Général
COH2027-1204;18;54,8 %;1,8;8;13;8;0;5;1;3;1;;Informatique;Général
COH2027-1205;22;46,6 %;20,6;6;12;6;3;5;2;2;1;Assez bien;Informatique;Général
COH2027-1206;18;52,9 %;30,5;7;12;8;1;6;1;2;1;Passable;Droit;Général
COH2027-1207;22;52,0 %;4,2;8;12;10;0;6;1;1;2;Assez bien;Lettres;Général
COH2027-1208;20;66,3 %;36,0;5;11;10;2;7;4;3;2;Assez bien;Informatique;Général
COH2027-1209;18;49,8 %;5,6;6;8;6;3;5;3;;1;Assez bien;Mathématiques;Général
COH2027-1210;19;68,9 %;11,5;6;9;6;3;6;1;1;4;Bien;Informatique;Technologique
COH2027-1211;21;45,6 %;12,3;8;11;8;0;7;1;2;1;Passable;Psychologie;Technologique
COH2027-1212;17;60,8 %;19,8;6;10;7;2;6;4;3;3;Assez bien;Mathématiques;Professionnel
COH2027-1213;18;78,6 %;20,8;6;10;9;3;5;3;4;3;Assez bien;Gestion;Technologique
COH2027-1214;23;53,2 %;35,0;5;13;12;3;5;4;3;3;Passable;Informatique;Général
COH2027-1215;23;56,6 %;17,4;4;10;9;4;6;2;3;2;Bien;Mathématiques;Général
COH2027-1216;18;55,6 %;27,2;6;13;11;4;5;;3;;Passable;Informatique;Professionnel
COH2027-1217;18;64,8 %;24,6;7;13;12;3;5;2;2;2;Très bien;Informatique;Professionnel
COH2027-1218;21;38,4 %;3,4;7;12;7;0;7;1;1;1;;Informatique;Général
COH2027-1219;18;68,2 %;26,4;5;11;9;1;7;2;1;2;Assez bien;Mathématiques;Technologique
COH2027-1220;18;71,8 %;6,2;5;11;10;1;6;3;3;1;Bien;Informatique;Général
COH2027-1221;18;63,4 %;27,4;8;11;10;3;6;2;2;3;Passable;Informatique;Général
COH2027-1222;20;33,5 %;0,0;4;9;4;0;6;1;1;1;Passable;Biologie;Technologique
COH2027-1223;27;67,4 %;13,6;7;9;7;4;6;2;2;1;Bien;Informatique;Général
COH2027-1224;17;51,7 %;16,1;6;8;6;0;5;2;1;2;Assez bien;Informatique;Technologique
COH2027-1225;19;53,7 %;18,9;5;10;7;3;5;2;;4;Assez bien;Psychologie;Technologique
COH2027-1226;20;67,2 %;26,4;5;8;7;4;7;2;3;3;Assez bien;Mathématiques;Technologique
COH2027-1227;20;46,6 %;35,7;4;8;7;6;6;4;4;4;Passable;Informatique;Général
COH2027-1228;19;55,1 %;12,6;6;9;7;4;6;2;3;1;Assez bien;Informatique;Général
COH2027-1229;20;60,0 %;13,1;6;12;9;2;7;1;1;1;Passable;Informatique;Général
COH2027-1230;19;51,4 %;19,8;4;13;11;2;7;2;1;2;Passable;Mathématiques;Général
COH2027-1231;19;47,7 %;29,9;6;8;6;5;6;4;4;3;Très bien;Biologie;Général
COH2027-1232;17;73,1 %;22,9;7;11;11;4;6;2;4;3;Bien;Gestion;Général
COH2027-1233;21;41,6 %;4,0;8;13;10;1;7;1;;3;Bien;Psychologie;Général
COH2027-1234;20;67,8 %;15,7;5;13;13;4;5;3;1;1;Passable;Informatique;Général
COH2027-1235;21;63,2 %;11,0;6;10;7;2;6;3;2;;Bien;Gestion;Technologique
COH2027-1236;20;73,5 %;35,2;3;12;12;1;5;3;4;3;Assez bien;Informatique;Professionnel
COH2027-1237;23;79,4 %;19,6;3;11;11;7;7;4;3;3;Très bien;Informatique;Technologique
COH2027-1238;20;61,8 %;28,9;4;11;11;4;6;2;3;2;Passable;Mathématiques;Technologique
COH2027-1239;17;64,7 %;21,2;8;11;9;1;5;;1;3;Passable;Informatique;Général
COH2027-1240;18;61,1 %;26,6;6;8;7;3;5;2;4;2;Passable;Psychologie;Professionnel
COH2027-1241;19;39,8 %;7,4;6;11;8;0;6;1;2;;Passable;Informatique;Général
COH2027-1242;19;58,1 %;13,7;5;10;8;3;7;2;;2;Passable;Informatique;Technologique
COH2027-1243;20;67,4 %;26,9;10;11;11;8;7;2;3;3;Assez bien;Psychologie;Technologique
COH2027-1244;20;70,0 %;26,2;4;11;11;7;6;3;4;2;Très bien;Informatique;Professionnel
COH2027-1245;23;77,7 %;20,6;4;13;12;7;6;3;3;2;Bien;Informatique;Général
COH2027-1246;20;68,1 %;37,8;4;8;8;6;6;4;4;4;Assez bien;Psychologie;Général
COH2027-1247;18;64,0 %;31,1;9;10;9;3;6;1;1;2;Très bien;Informatique;Général
COH2027-1248;17;54,2 %;8,0;8;10;9;2;6;2;2;;Assez bien;Informatique;Technologique
COH2027-1249;19;38,9 %;4,8;6;12;9;3;6;3;1;1;;Informatique;Général
COH2027-1250;20;51,8 %;29,1;5;12;11;8;7;4;1;3;Bien;Informatique;Général
COH2027-1251;20;51,1 %;30,1;9;9;9;2;5;3;1;1;Passable;Informatique;Technologique
COH2027-1252;18;65,6 %;50,5;5;12;11;4;6;3;2;4;Passable;Lettres;Général
COH2027-1253;19;64,9 %;16,5;5;12;9;2;7;3;4;1;Très bien;Informatique;Professionnel
COH2027-1254;22;77,6 %;35,7;6;12;12;3;7;4;3;1;Bien;Gestion;Général
COH2027-1255;18;69,8 %;10,1;9;13;10;2;6;2;3;1;Passable;Informatique;Général
COH2027-1256;24;59,1 %;10,8;4;10;9;2;6;2;2;1;Assez bien;Gestion;Professionnel
COH2027-1257;18;79,4 %;56,2;4;13;13;10;6;4;3;4;Assez bien;Informatique;Général
COH2027-1258;19;64,3 %;22,6;8;9;8;2;6;1;2;2;Bien;Gestion;Général
COH2027-1259;24;32,9 %;30,1;6;8;6;1;6;1;1;;Bien;Gestion;Général
COH2027-1260;20;62,7 %;25,4;5;11;11;8;6;4;1;2;Bien;Informatique;Général
COH2027-1261;23;45,1 %;23,4;7;12;10;2;7;2;1;2;Passable;Informatique;Général
COH2027-1262;22;68,7 %;15,7;7;9;7;6;7;3;2;1;Passable;Lettres;Technologique
COH2027-1263;18;69,8 %;10,1;9;13;10;2;6;2;3;1;Passable;STAPS;Général
COH2027-1264;20;26,1 %;0,0;8;13;8;0;7;1;3;2;Assez bien;Informatique;Général
COH2027-1265;20;65,0 %;18,1;6;8;6;3;6;3;2;3;;Informatique;Technologique
COH2027-1266;19;54,2 %;23,2;10;12;10;1;6;2;2;1;Assez bien;Informatique;Général
COH2027-1267;26;61,7 %;5,8;8;10;10;3;6;1;3;1;Assez bien;Informatique;Général
COH2027-1268;18;58,0 %;9,1;7;13;10;4;5;;2;1;Assez bien;Gestion;Technologique
COH2027-1269;20;70,5 %;15,8;5;9;9;5;5;4;2;4;Bien;Gestion;Professionnel
COH2027-1270;21;42,3 %;15,8;6;10;7;3;5;2;2;1;Bien;Mathématiques;Professionnel
COH2027-1271;20;45,3 %;7,8;8;12;8;0;7;1;1;1;;Droit;Technologique
COH2027-1272;19;36,6 %;11,1;5;8;7;2;6;2;2;2;Assez bien;STAPS;Général
COH2027-1273;19;42,1 %;39,7;6;11;10;0;7;2;3;2;Assez bien;Biologie;Technologique
COH2027-1274;17;69,3 %;28,9;6;8;8;4;6;3;1;2;Passable;Informatique;Général
COH2027-1275;19;78,7 %;35,0;6;8;6;3;6;2;3;1;Bien;Psychologie;Général
COH2027-1276;20;65,3 %;13,1;6;9;8;2;7;3;2;2;Assez bien;Droit;Général
COH2027-1277;19;78,5 %;23,6;6;11;11;5;7;2;3;2;Passable;Informatique;Général
COH2027-1278;20;68,0 %;12,8;6;9;9;8;6;4;2;2;Très bien;Informatique;Général
COH2027-1279;22;36,1 %;7,2;5;8;5;2;6;2;;1;Assez bien;Gestion;Général
COH2027-1280;21;57,5 %;3,5;9;11;9;0;6;2;1;1;Très bien;Informatique;Général
COH2027-1281;20;63,6 %;23,1;6;8;7;6;6;3;3;2;;Gestion;Professionnel
COH2027-1282;21;56,0 %;18,3;8;10;8;3;5;2;2;1;Assez bien;Gestion;Technologique
COH2027-1283;19;78,3 %;35,4;5;8;7;5;7;4;;1;Passable;Informatique;Général
COH2027-1284;18;61,8 %;21,2;6;12;8;4;6;2;3;2;Bien;Lettres;Général
COH2027-1285;19;62,4 %;18,2;6;8;6;1;6;2;4;4;Passable;Informatique;Technologique
COH2027-1286;17;66,0 %;34,3;4;9;7;5;6;3;2;1;Passable;Informatique;Technologique
COH2027-1287;23;42,8 %;24,6;6;12;9;0;5;1;1;4;Passable;Informatique;Technologique
COH2027-1288;19;52,2 %;24,8;5;13;10;2;7;4;3;3;Assez bien;Informatique;Général
COH2027-1289;21;67,3 %;13,8;6;8;7;6;7;3;4;1;Assez bien;Psychologie;Technologique
COH2027-1290;21;58,0 %;6,8;7;13;12;1;6;3;3;1;Bien;Droit;Général
COH2027-1291;20;57,4 %;14,1;4;8;7;2;6;2;2;1;Très bien;Lettres;Général
COH2027-1292;21;62,8 %;27,7;3;12;12;1;6;2;4;4;Passable;Gestion;Professionnel
COH2027-1293;19;56,3 %;31,1;8;12;8;4;6;3;4;1;Bien;Informatique;Général
COH2027-1294;18;79,9 %;30,6;3;9;9;6;6;4;4;;;Informatique;Général
COH2027-1295;24;70,7 %;34,2;9;9;9;5;7;3;3;2;Passable;Informatique;Technologique
COH2027-1296;24;72,2 %;20,0;6;10;10;9;6;3;4;3;Passable;Informatique;Technologique
COH2027-1297;21;60,6 %;28,0;7;8;7;3;5;3;4;4;Passable;Informatique;Général
COH2027-1298;19;64,8 %;23,2;7;10;8;1;5;3;4;2;Passable;Informatique;Professionnel
COH2027-1299;18;49,6 %;23,8;5;13;11;1;5;2;2;2;Assez bien;Gestion;Général
COH2027-1300;18;42,8 %;4,5;7;10;7;0;7;2;4;3;Passable;Informatique;Général
COH2027-1301;19;45,2 %;18,9;7;9;8;2;6;1;4;1;Assez bien;Biologie;Général
COH2027-1302;19;35,1 %;6,7;9;13;9;0;6;1;1;2;Passable;Biologie;Technologique
COH2027-1303;24;62,3 %;31,8;7;13;9;1;6;2;1;1;Bien;Informatique;Général
COH2027-1304;19;53,1 %;18,2;9;12;11;3;6;1;2;2;Assez bien;Informatique;Technologique
COH2027-1305;21;71,0 %;16,6;6;8;6;0;5;3;1;2;Passable;Informatique;Professionnel
COH2027-1306;20;71,8 %;42,4;5;12;12;8;5;4;3;2;Passable;Mathématiques;Technologique
COH2027-1307;19;62,4 %;16,1;6;9;7;2;5;3;4;2;Assez bien;Droit;Général
COH2027-1308;22;65,5 %;18,4;8;12;11;3;6;3;2;1;Assez bien;STAPS;Général
COH2027-1309;17;47,2 %;20,1;10;11;10;0;6;1;1;1;Passable;Mathématiques;Général
COH2027-1310;21;61,9 %;36,6;5;11;10;6;6;4;2;;Assez bien;Informatique;Technologique
COH2027-1311;19;48,5 %;5,0;6;8;6;0;5;1;;1;Bien;Lettres;Général
COH2027-1312;20;50,1 %;8,0;8;11;10;2;5;2;2;1;Passable;Droit;Général
COH2027-1313;21;52,8 %;30,4;6;8;6;4;6;1;3;;Assez bien;Gestion;Technologique
COH2027-1314;18;79,9 %;36,0;4;8;8;3;7;4;3;3;Passable;Biologie;Général
COH2027-1315;23;57,2 %;14,2;5;9;5;0;5;1;;2;Passable;Droit;Technologique
COH2027-1316;22;78,4 %;51,0;6;9;9;5;6;4;3;4;Assez bien;Mathématiques;Général
COH2027-1317;20;38,0 %;18,8;7;10;7;1;6;3;3;;Passable;STAPS;Professionnel
COH2027-1318;22;46,1 %;4,0;8;12;8;0;7;;2;2;Bien;Informatique;Général
COH2027-1319;20;57,6 %;10,3;8;9;8;1;7;2;1;3;Passable;Informatique;Général
COH2027-1320;20;50,1 %;28,9;6;10;6;1;6;1;2;1;Assez bien;Biologie;Général
COH2027-1321;19;51,6 %;20,0;6;9;9;1;6;3;3;3;Assez bien;Psychologie;Général
COH2027-1322;18;59,5 %;9,3;7;13;11;2;6;;3;2;Bien;STAPS;Technologique
COH2027-1323;21;64,0 %;34,7;5;8;8;9;5;3;3;4;Assez bien;Biologie;Général
COH2027-1324;19;60,6 %;24,3;5;11;10;2;6;2;2;3;;Mathématiques;Technologique
COH2027-1325;21;48,1 %;6,3;7;9;7;1;6;1;1;2;Bien;Informatique;Général
COH2027-1326;19;49,8 %;11,3;7;11;7;0;6;2;1;1;Bien;Droit;Général
COH2027-1327;18;55,1 %;27,3;7;12;9;5;6;4;;3;Passable;Gestion;Général
COH2027-1328;22;70,7 %;3,0;4;12;11;4;6;4;4;2;Passable;Lettres;Technologique
COH2027-1329;21;31,1 %;0,1;7;12;7;1;5;1;2;2;Assez bien;Informatique;Technologique
COH2027-1330;18;54,5 %;27,0;4;11;11;2;5;2;2;2;Passable;Gestion;Technologique
COH2027-1331;24;53,9 %;15,6;7;10;7;0;5;1;3;1;Assez bien;Informatique;Général
COH2027-1332;22;67,6 %;27,9;7;11;7;4;6;3;;;Passable;STAPS;Général
COH2027-1333;17;57,4 %;2,3;9;13;9;0;6;1;2;1;Bien;Mathématiques;Général
COH2027-1334;21;27,5 %;1,9;6;9;6;1;7;2;1;1;Très bien;Informatique;Technologique
COH2027-1335;18;49,7 %;17,4;8;10;8;4;6;2;3;2;;Mathématiques;Général
COH2027-1336;21;52,8 %;23,1;8;12;8;3;5;2;1;1;Bien;Mathématiques;Général
COH2027-1337;18;42,4 %;18,9;6;12;9;1;5;1;4;1;Assez bien;Mathématiques;Technologique
COH2027-1338;22;68,8 %;19,9;7;9;7;1;5;3;2;1;Bien;Informatique;Général
COH2027-1339;20;51,7 %;3,8;6;8;6;0;6;2;2;2;;Informatique;Général
COH2027-1340;18;57,5 %;12,8;5;13;10;2;5;3;3;3;Passable;Gestion;Général
COH2027-1341;21;30,2 %;14,8;6;13;6;0;7;2;1;1;Assez bien;Informatique;Général
COH2027-1342;20;63,5 %;48,4;5;13;13;4;5;3;3;1;Assez bien;Informatique;Général
COH2027-1343;23;58,5 %;14,7;6;8;7;7;7;3;2;2;Passable;Informatique;Technologique
COH2027-1344;18;55,5 %;28,4;8;8;8;2;7;3;1;1;Bien;Informatique;Technologique
COH2027-1345;17;67,5 %;22,1;6;11;9;3;5;3;;3;Passable;STAPS;Général
COH2027-1346;20;69,2 %;19,1;5;13;13;1;5;4;2;3;;Informatique;Général
COH2027-1347;19;49,9 %;17,8;6;10;6;0;6;1;1;1;Passable;Mathématiques;Technologique
COH2027-1348;19;78,8 %;19,2;6;10;9;7;5;2;4;2;Passable;Informatique;Général
COH2027-1349;18;73,3 %;22,9;3;9;9;4;6;4;3;1;Passable;Informatique;Technologique
COH2027-1350;18;69,5 %;20,3;5;12;10;5;6;;4;;Bien;Informatique;Général
COH2027-1351;19;62,5 %;26,8;9;13;9;2;5;1;1;1;Passable;Informatique;Général
COH2027-1352;19;71,5 %;22,3;8;8;8;7;5;4;3;2;Passable;Informatique;Général
COH2027-1353;20;58,0 %;16,2;5;9;5;2;7;2;3;1;Bien;Informatique;Technologique
COH2027-1354;20;63,5 %;48,4;5;13;13;4;5;3;3;1;Assez bien;Droit;Général
COH2027-1355;20;65,8 %;50,1;5;11;9;3;6;4;4;2;Passable;Informatique;Général
COH2027-1356;19;47,4 %;23,4;4;10;7;0;6;2;2;2;Passable;Informatique;Technologique
COH2027-1357;18;45,7 %;25,4;5;8;6;3;5;3;1;2;Bien;Informatique;Général
COH2027-1358;18;59,4 %;22,8;6;8;6;1;6;2;2;1;Passable;Informatique;Général
COH2027-1359;19;79,1 %;50,5;3;8;8;7;6;4;4;3;Assez bien;Lettres;Technologique
COH2027-1360;19;69,3 %;27,2;3;8;8;10;7;4;2;4;Assez bien;Informatique;Général
COH2027-1361;21;32,8 %;22,6;7;13;9;0;6;1;1;1;Passable;Informatique;Général
COH2027-1362;17;44,9 %;9,9;8;12;8;0;7;1;1;2;Passable;Psychologie;Général
COH2027-1363;17;52,4 %;24,5;5;13;13;7;5;3;3;4;Assez bien;Informatique;Général
COH2027-1364;19;45,3 %;15,8;7;10;7;1;6;2;1;1;Bien;Gestion;Général
COH2027-1365;23;63,9 %;30,4;7;13;11;4;6;3;2;2;Assez bien;Biologie;Général
COH2027-1366;23;36,9 %;2,6;3;9;3;0;6;2;1;1;Très bien;Informatique;Général
COH2027-1367;19;72,5 %;13,2;8;13;8;2;6;1;2;2;Passable;Informatique;Technologique
COH2027-1368;17;49,5 %;5,3;6;10;6;0;6;1;1;;Assez bien;Gestion;Général
COH2027-1369;20;73,6 %;21,1;6;8;6;2;6;1;1;1;Passable;Mathématiques;Général
COH2027-1370;18;64,3 %;20,4;7;9;7;4;7;4;1;1;Bien;Gestion;Général
COH2027-1371;19;69,4 %;45,9;3;10;10;13;5;3;4;4;Assez bien;Mathématiques;Général
COH2027-1372;20;50,7 %;10,8;7;10;7;0;6;2;2;2;Très bien;Informatique;Technologique
COH2027-1373;18;34,9 %;12,2;6;12;6;0;6;1;1;1;Passable;Informatique;Général
COH2027-1374;19;58,6 %;14,1;6;8;6;1;7;1;1;1;Passable;Informatique;Professionnel
COH2027-1375;21;71,0 %;16,6;6;8;6;0;5;3;1;2;Passable;Informatique;Professionnel
COH2027-1376;18;52,1 %;27,6;7;9;7;1;5;2;2;1;Passable;Informatique;Technologique
COH2027-1377;23;55,5 %;32,8;8;12;11;3;6;2;3;1;Assez bien;Gestion;Technologique
COH2027-1378;19;50,3 %;9,7;5;8;7;1;6;1;4;1;Bien;Gestion;Technologique
COH2027-1379;20;78,3 %;31,6;3;13;13;10;5;4;2;2;Passable;Informatique;Technologique
COH2027-1380;18;44,5 %;7,5;7;13;7;1;6;;2;1;Très bien;Biologie;Professionnel
COH2027-1381;20;58,3 %;9,2;7;13;12;1;6;3;2;1;Assez bien;Biologie;Général
COH2027-1382;24;69,5 %;1,6;5;8;5;0;5;2;3;1;Assez bien;Mathématiques;Général
COH2027-1383;19;75,1 %;47,1;4;10;10;9;7;4;3;3;Bien;Informatique;Général
COH2027-1384;21;79,2 %;34,5;4;9;9;4;5;;4;4;Passable;Biologie;Général
COH2027-1385;18;67,5 %;34,1;6;11;9;6;7;3;4;3;Très bien;Informatique;Général
COH2027-1386;19;41,6 %;9,4;4;8;4;0;7;1;;1;Passable;STAPS;Professionnel
COH2027-1387;23;37,4 %;10,3;7;13;7;1;6;1;2;1;Passable;Droit;Technologique
COH2027-1388;20;58,2 %;13,0;8;9;8;0;7;3;1;;Bien;Mathématiques;Général
COH2027-1389;19;55,9 %;13,9;6;10;8;2;5;3;3;1;;Informatique;Professionnel
COH2027-1390;20;64,4 %;16,2;6;10;10;3;5;2;3;2;Bien;Informatique;Général
COH2027-1391;22;46,2 %;9,3;7;9;7;0;5;1;3;2;Passable;Informatique;Technologique
COH2027-1392;21;41,4 %;1,9;6;10;6;0;5;2;1;1;Très bien;Psychologie;Général
COH2027-1393;21;61,2 %;18,1;5;10;9;6;7;3;;3;Assez bien;Informatique;Technologique
COH2027-1394;20;71,8 %;40,6;6;13;13;5;5;3;3;1;Passable;Mathématiques;Général
COH2027-1395;23;57,5 %;15,8;6;9;8;3;6;4;3;2;Passable;Biologie;Général
COH2027-1396;20;46,6 %;35,7;4;8;7;6;6;4;4;4;Passable;Mathématiques;Général
COH2027-1397;19;61,7 %;9,1;7;11;7;1;6;3;3;1;Passable;Gestion;Général
COH2027-1398;20;50,4 %;35,0;7;9;7;2;7;;3;2;Assez bien;Psychologie;Professionnel
COH2027-1399;24;60,9 %;10,7;8;10;8;4;5;3;2;2;Bien;STAPS;Général
COH2027-1400;20;79,1 %;35,5;7;8;7;7;5;4;3;2;Assez bien;Informatique;Général
COH2027-1401;21;54,2 %;16,9;5;12;12;2;6;4;3;2;Assez bien;Informatique;Général
COH2027-1402;21;30,8 %;12,6;7;9;8;2;6;3;1;1;Passable;Mathématiques;Général
COH2027-1403;17;55,5 %;19,8;6;9;6;0;6;;2;2;Très bien;Informatique;Général
COH2027-1404;25;60,5 %;7,8;5;8;5;4;6;2;3;2;Assez bien;Informatique;Général
COH2027-1405;20;38,7 %;1,9;7;13;7;0;6;1;3;1;Assez bien;Mathématiques;Général
COH2027-1406;20;42,3 %;9,5;5;10;5;1;6;1;2;1;Passable;Droit;Général
COH2027-1407;18;52,6 %;5,2;8;13;8;0;6;1;3;3;Passable;Informatique;Technologique
COH2027-1408;24;78,7 %;17,2;4;13;12;4;6;3;4;4;Assez bien;Informatique;Général
COH2027-1409;18;44,4 %;9,6;6;9;6;0;7;1;2;1;Passable;Informatique;Professionnel
COH2027-1410;19;65,4 %;45,6;5;11;11;5;6;4;;4;Bien;Informatique;Général
COH2027-1411;19;51,0 %;2,9;8;13;9;1;5;;1;1;Assez bien;Informatique;Technologique
COH2027-1412;18;50,1 %;14,8;5;11;11;5;5;2;2;2;Passable;Informatique;Général
COH2027-1413;18;78,3 %;35,0;4;11;10;11;7;4;4;2;Passable;Informatique;Technologique
COH2027-1414;19;52,1 %;11,2;5;8;5;2;7;3;4;;Assez bien;Gestion;Général
COH2027-1415;17;64,4 %;55,2;7;13;12;3;5;2;3;1;Passable;Psychologie;Technologique
COH2027-1416;20;76,7 %;31,4;6;10;9;9;7;3;1;3;Bien;STAPS;Général
COH2027-1417;21;50,1 %;3,7;10;13;10;0;6;1;2;1;Passable;Informatique;Général
COH2027-1418;21;53,6 %;17,6;5;8;7;0;6;2;3;1;Passable;Gestion;Général
COH2027-1419;20;72,2 %;19,9;6;13;12;3;6;3;;2;Bien;Informatique;Général
COH2027-1420;24;40,3 %;22,4;5;9;8;0;6;1;1;1;Passable;Informatique;Technologique
COH2027-1421;19;46,7 %;1,0;5;9;5;1;5;1;1;1;Assez bien;Gestion;Technologique
COH2027-1422;19;42,1 %;39,7;6;11;10;0;7;2;3;2;Assez bien;Biologie;Technologique
COH2027-1423;19;67,3 %;19,1;4;11;9;3;6;3;3;4;Passable;Informatique;Technologique
COH2027-1424;24;46,6 %;18,2;7;13;8;1;6;2;3;1;Bien;Informatique;Technologique
COH2027-1425;23;35,6 %;7,3;9;11;9;2;5;1;3;1;;Lettres;Technologique
COH2027-1426;23;56,7 %;68,1;4;13;13;4;5;4;3;3;Passable;Biologie;Général
COH2027-1427;21;73,8 %;28,7;5;9;8;5;5;4;2;1;Assez bien;Informatique;Technologique
COH2027-1428;17;61,5 %;19,4;5;10;9;10;6;4;3;3;Bien;Psychologie;Général
COH2027-1429;18;52,9 %;9,7;8;12;10;1;5;2;;1;Assez bien;Droit;Général
COH2027-1430;23;76,7 %;25,4;10;12;11;4;6;4;;4;Très bien;Informatique;Général
COH2027-1431;19;55,7 %;13,2;7;12;10;1;6;2;1;1;Bien;Informatique;Général
COH2027-1432;20;62,6 %;19,6;6;11;10;5;6;3;3;2;Très bien;Informatique;Général
COH2027-1433;19;58,7 %;38,6;5;10;9;2;6;2;3;2;Bien;Gestion;Général
COH2027-1434;20;68,3 %;22,1;6;10;8;7;5;4;;2;Assez bien;Biologie;Général
COH2027-1435;21;64,6 %;13,8;5;8;6;1;5;1;2;2;Passable;Psychologie;Général
COH2027-1436;24;32,9 %;1,4;8;11;8;0;6;2;2;2;Bien;Informatique;Général
COH2027-1437;18;62,2 %;15,2;3;10;9;1;5;2;3;3;Passable;Informatique;Général
COH2027-1438;19;78,8 %;35,2;4;10;9;8;6;4;4;3;Passable;Informatique;Général
COH2027-1439;18;60,8 %;14,4;7;11;9;4;7;3;;3;Passable;Informatique;Technologique
COH2027-1440;24;77,9 %;48,5;3;9;9;11;7;4;2;3;Bien;Droit;Général
COH2027-1441;18;54,8 %;17,2;4;8;7;3;7;3;2;4;Passable;Informatique;Général
COH2027-1442;22;57,8 %;8,6;6;10;6;2;6;2;2;3;Très bien;Mathématiques;Technologique
COH2027-1443;20;61,0 %;42,1;6;10;6;1;6;;2;;Très bien;Droit;Technologique
COH2027-1444;18;51,4 %;21,6;9;11;10;1;7;1;3;2;Très bien;Biologie;Professionnel
COH2027-1445;22;48,2 %;7,7;4;8;7;2;5;2;3;1;Passable;Informatique;Général
COH2027-1446;18;66,3 %;50,4;4;11;11;5;5;4;2;2;Assez bien;Informatique;Général
COH2027-1447;17;78,9 %;33,7;8;9;8;4;7;3;1;2;Passable;Informatique;Général
COH2027-1448;19;55,5 %;17,3;7;9;7;3;7;2;1;1;Très bien;Informatique;Général
COH2027-1449;17;36,1 %;3,1;7;11;7;0;6;1;1;2;Assez bien;Psychologie;Général
COH2027-1450;23;67,4 %;25,3;4;13;13;7;6;4;3;3;Assez bien;Informatique;Général
COH2027-1451;18;61,6 %;9,7;7;9;7;2;6;1;2;1;Passable;Psychologie;Général
COH2027-1452;17;51,7 %;16,1;6;8;6;0;5;2;1;2;Assez bien;Biologie;Technologique
COH2027-1453;18;69,1 %;34,0;6;8;6;5;5;3;2;2;Bien;Psychologie;Général
COH2027-1454;22;52,1 %;14,1;7;12;11;4;6;2;2;;Assez bien;Informatique;Technologique
COH2027-1455;21;62,2 %;16,6;7;9;9;4;6;2;3;3;Bien;STAPS;Général
COH2027-1456;17;44,7 %;18,1;5;8;5;0;7;2;;2;;Informatique;Technologique
COH2027-1457;20;63,6 %;17,8;5;11;8;0;5;2;3;3;Passable;Biologie;Général
COH2027-1458;20;71,9 %;25,6;3;9;9;1;6;2;4;2;Passable;Lettres;Général
COH2027-1459;18;35,1 %;7,6;6;8;6;0;6;2;;2;Passable;Informatique;Technologique
COH2027-1460;23;74,7 %;39,7;6;13;11;3;6;4;3;4;Passable;Droit;Technologique
COH2027-1461;18;73,6 %;67,1;4;9;9;9;6;3;3;3;Passable;Psychologie;Général
COH2027-1462;19;78,0 %;29,4;4;8;8;5;5;4;3;3;Passable;Informatique;Technologique
COH2027-1463;17;58,8 %;16,6;5;13;10;3;6;2;1;;;Mathématiques;Professionnel
COH2027-1464;18;55,6 %;18,2;7;11;8;2;5;1;2;3;Passable;Psychologie;Général
COH2027-1465;19;53,7 %;18,9;5;10;7;3;5;2;;4;Assez bien;Psychologie;Technologique
COH2027-1466;23;58,0 %;48,9;6;10;10;4;6;;2;2;Assez bien;Informatique;Professionnel
COH2027-1467;19;50,1 %;18,1;5;9;5;1;5;1;1;1;Assez bien;Droit;Général
COH2027-1468;19;58,4 %;18,4;8;11;8;2;5;3;3;;Très bien;Informatique;Général
COH2027-1469;23;56,4 %;11,8;6;11;9;3;6;2;3;3;Assez bien;Informatique;Général
COH2027-1470;18;51,0 %;20,2;6;8;6;1;5;1;;2;Passable;Informatique;Technologique
COH2027-1471;17;49,3 %;10,6;7;12;9;3;5;3;1;1;Très bien;Gestion;Général
COH2027-1472;17;55,7 %;18,8;5;9;7;1;6;2;3;2;Passable;Informatique;Général
COH2027-1473;18;68,5 %;32,1;4;8;7;7;5;3;2;1;;Droit;Général
COH2027-1474;20;36,6 %;15,8;6;8;6;2;7;3;;2;Passable;Informatique;Général
COH2027-1475;18;45,8 %;8,2;8;11;8;0;6;1;3;1;Assez bien;Informatique;Professionnel
COH2027-1476;20;78,9 %;29,7;5;11;11;3;6;4;3;4;Assez bien;Psychologie;Technologique
COH2027-1477;18;54,4 %;34,4;5;11;7;0;6;3;1;2;Très bien;Gestion;Général
COH2027-1478;20;72,7 %;39,5;4;13;13;12;6;4;3;;Assez bien;Biologie;Général
COH2027-1479;19;43,5 %;18,4;7;8;7;6;6;2;3;1;Assez bien;Mathématiques;Professionnel
COH2027-1480;19;69,1 %;53,9;6;10;9;6;7;4;2;3;Très bien;Informatique;Général
COH2027-1481;22;67,7 %;29,6;6;10;8;6;6;4;1;3;Assez bien;Biologie;Général
COH2027-1482;19;46,7 %;22,6;9;12;11;5;5;2;1;1;Assez bien;Lettres;Général
COH2027-1483;19;33,1 %;27,3;6;9;6;0;7;2;2;2;Bien;Informatique;Général
COH2027-1484;20;79,4 %;38,9;6;8;8;7;6;3;2;;Assez bien;Informatique;Général
COH2027-1485;21;79,0 %;29,4;6;13;9;8;6;3;4;2;Passable;Informatique;Professionnel
COH2027-1486;18;58,1 %;19,8;6;9;7;4;7;2;;3;Bien;Gestion;Professionnel
COH2027-1487;22;57,5 %;17,1;10;12;12;6;5;2;3;1;Passable;Informatique;Professionnel
COH2027-1488;21;53,9 %;9,2;6;10;6;0;6;2;2;1;Bien;Informatique;Général
COH2027-1489;20;40,0 %;4,9;6;8;6;1;7;1;3;1;Très bien;Biologie;Général
COH2027-1490;22;66,4 %;22,2;6;8;6;3;7;3;2;2;Bien;Psychologie;Général
COH2027-1491;21;62,0 %;15,8;5;9;8;1;5;4;3;1;Passable;Gestion;Général
COH2027-1492;19;60,0 %;48,0;7;9;9;6;5;4;3;4;Assez bien;Informatique;Général
COH2027-1493;20;56,1 %;20,0;6;9;7;4;5;4;3;1;Assez bien;Informatique;Général
COH2027-1494;20;57,5 %;9,7;6;8;7;3;5;2;3;1;Passable;Informatique;Général
COH2027-1495;20;57,6 %;31,0;7;10;7;2;5;2;4;1;Assez bien;Gestion;Général
COH2027-1496;17;41,4 %;1,7;4;13;8;0;6;3;1;2;Bien;Informatique;Général
COH2027-1497;21;50,8 %;42,3;7;13;11;1;6;2;2;2;Bien;Informatique;Général
COH2027-1498;18;64,0 %;27,9;5;11;9;2;6;3;;1;Passable;Informatique;Général
COH2027-1499;20;63,4 %;11,3;7;8;7;2;5;4;2;3;Passable;Mathématiques;Général
COH2027-1500;18;55,4 %;32,3;7;11;9;2;5;3;1;1;Assez bien;Mathématiques;Professionnel
COH2027-1501;20;29,5 %;10,6;7;12;7;0;6;1;3;1;Bien;Informatique;Général
COH2027-1502;22;51,3 %;10,9;8;11;8;0;6;1;2;1;Passable;Informatique;Général
COH2027-1503;18;50,5 %;3,0;7;12;7;0;6;1;2;1;Bien;Informatique;Professionnel
COH2027-1504;21;73,9 %;18,6;4;10;9;3;7;3;2;;Bien;Informatique;Général
COH2027-1505;19;57,6 %;21,4;7;10;7;3;6;3;1;1;Bien;Informatique;Général
COH2027-1506;22;78,4 %;51,0;6;9;9;5;6;4;3;4;Assez bien;Mathématiques;Général
COH2027-1507;18;60,8 %;17,4;6;13;10;1;7;1;3;1;Passable;Droit;Technologique
COH2027-1508;20;45,8 %;14,4;5;9;5;0;6;2;3;1;Assez bien;Biologie;Général
COH2027-1509;17;62,7 %;15,3;6;10;6;0;6;1;2;;Assez bien;Informatique;Professionnel
COH2027-1510;17;39,0 %;1,9;10;13;10;0;5;1;1;1;Passable;Informatique;Général
COH2027-1511;23;71,5 %;22,1;9;13;10;4;6;1;3;2;Assez bien;STAPS;Général
COH2027-1512;21;79,4 %;35,6;4;10;10;2;5;4;2;3;Passable;Psychologie;Général
COH2027-1513;24;54,9 %;2,9;9;11;9;0;7;1;3;1;Passable;Informatique;Général
COH2027-1514;23;50,3 %;30,4;6;9;7;3;7;2;1;2;Assez bien;Informatique;Général
COH2027-1515;21;55,9 %;23,1;6;11;9;5;6;2;2;1;Bien;Informatique;Général
COH2027-1516;21;75,4 %;22,5;4;12;12;5;6;;3;3;Passable;Informatique;Général
COH2027-1517;20;47,9 %;37,6;6;10;6;1;6;2;1;1;Bien;Gestion;Général
COH2027-1518;20;34,8 %;2,3;7;11;7;0;6;1;2;1;Assez bien;Informatique;Général
COH2027-1519;21;62,2 %;3,5;6;9;8;0;6;2;3;1;Très bien;Informatique;Technologique
COH2027-1520;21;51,1 %;6,5;5;11;7;3;5;4;4;2;Passable;Droit;Général
COH2027-1521;18;50,2 %;17,9;6;8;7;1;6;1;1;1;Passable;Informatique;Professionnel
COH2027-1522;21;56,9 %;12,5;7;13;12;5;6;2;1;3;Assez bien;Biologie;Général
COH2027-1523;18;62,8 %;18,1;7;9;7;4;5;3;2;3;Assez bien;Informatique;Général
COH2027-1524;18;67,4 %;36,3;6;11;11;8;6;4;2;3;Passable;Droit;Général
COH2027-1525;19;56,8 %;3,6;10;13;10;0;5;1;2;1;Assez bien;STAPS;Professionnel
COH2027-1526;19;76,6 %;46,8;10;12;12;2;6;;;4;Bien;Informatique;Technologique
COH2027-1527;21;57,8 %;19,9;5;13;12;7;6;2;4;2;Bien;Gestion;Professionnel
COH2027-1528;18;62,7 %;28,9;8;10;8;4;5;3;2;3;Passable;STAPS;Technologique
COH2027-1529;21;55,6 %;16,9;8;13;8;1;6;1;3;2;Assez bien;Informatique;Général
COH2027-1530;21;75,3 %;13,9;5;9;8;3;5;3;3;2;;Lettres;Général
COH2027-1531;18;76,2 %;25,7;3;13;13;8;7;4;4;3;Passable;Droit;Professionnel
COH2027-1532;18;56,3 %;15,0;5;11;10;3;6;2;1;2;Bien;Informatique;Technologique
COH2027-1533;21;60,3 %;21,4;6;8;6;2;6;3;3;2;Assez bien;Informatique;Technologique
COH2027-1534;18;54,2 %;18,9;5;13;10;0;6;4;1;;Très bien;Psychologie;Général
COH2027-1535;24;46,3 %;5,8;5;11;8;0;5;3;2;2;Assez bien;STAPS;Général
COH2027-1536;20;73,5 %;13,4;7;8;7;9;7;4;4;1;Passable;Biologie;Général
COH2027-1537;18;58,8 %;29,6;7;13;12;2;6;2;1;1;Bien;Informatique;Technologique
COH2027-1538;19;76,8 %;70,6;3;12;11;4;5;4;4;3;Passable;Informatique;Général
COH2027-1539;19;67,8 %;33,2;3;8;8;7;5;4;4;2;Très bien;Mathématiques;Technologique
COH2027-1540;21;59,3 %;7,2;6;8;6;1;7;2;1;1;Passable;Informatique;Technologique
COH2027-1541;21;51,1 %;6,5;5;11;7;3;5;4;4;2;Passable;Informatique;Général
COH2027-1542;19;50,0 %;9,8;7;10;7;1;7;1;1;;Assez bien;Informatique;Général
COH2027-1543;23;59,0 %;11,4;5;9;6;1;5;2;;1;Passable;Droit;Général
COH2027-1544;19;60,4 %;29,4;6;8;6;1;6;;2;3;Assez bien;Informatique;Général
COH2027-1545;19;60,7 %;28,6;6;9;7;3;5;2;1;1;Bien;STAPS;Général
COH2027-1546;17;69,5 %;33,0;4;12;12;5;7;3;2;2;Assez bien;Informatique;Général
COH2027-1547;19;61,1 %;21,4;5;8;7;5;6;4;3;4;Assez bien;Informatique;Général
COH2027-1548;18;51,1 %;12,3;5;10;7;4;6;2;3;1;Passable;Lettres;Général
COH2027-1549;21;79,2 %;34,5;4;9;9;4;5;;4;4;Passable;Biologie;Général
COH2027-1550;20;24,0 %;0,0;4;9;4;0;5;;1;1;Très bien;Informatique;Général
COH2027-1551;19;47,1 %;22,9;5;11;9;1;6;2;3;1;Assez bien;Informatique;Général
COH2027-1552;20;61,5 %;24,4;4;11;9;3;6;4;3;3;Passable;Droit;Général
COH2027-1553;19;52,1 %;41,0;3;12;9;4;5;1;3;2;Passable;Gestion;Général
COH2027-1554;21;62,2 %;3,5;6;9;8;0;6;2;3;1;Très bien;Informatique;Technologique
COH2027-1555;19;47,9 %;16,8;9;12;9;1;7;1;1;1;Bien;Informatique;Général
COH2027-1556;24;75,7 %;21,1;6;12;12;3;6;3;2;;Assez bien;Informatique;Professionnel
COH2027-1557;21;61,4 %;14,9;8;13;11;1;6;1;1;;Passable;Informatique;Général
COH2027-1558;18;77,1 %;35,6;8;8;8;2;6;3;4;1;Bien;Informatique;Technologique
COH2027-1559;17;60,4 %;21,2;3;11;10;2;6;3;3;2;;Informatique;Général
COH2027-1560;20;43,5 %;14,1;6;8;6;0;5;1;1;2;Assez bien;Lettres;Général
COH2027-1561;24;56,3 %;22,9;6;12;11;4;7;2;2;1;Assez bien;Informatique;Général
COH2027-1562;18;47,7 %;13,7;7;9;7;4;5;4;2;1;Assez bien;Informatique;Technologique
COH2027-1563;20;45,2 %;14,8;6;8;6;0;6;1;1;1;Bien;Mathématiques;Technologique
COH2027-1564;22;77,4 %;40,3;5;11;10;5;7;4;4;3;Assez bien;Informatique;Professionnel
COH2027-1565;20;53,5 %;36,6;5;10;5;0;6;1;1;1;Assez bien;Informatique;Technologique
COH2027-1566;21;63,6 %;15,7;6;8;7;0;6;2;;;Très bien;Informatique;Général
COH2027-1567;20;79,1 %;32,0;3;12;12;9;6;4;4;4;Assez bien;Informatique;Général
COH2027-1568;19;73,8 %;15,5;6;12;10;4;6;2;3;3;Assez bien;Informatique;Général
COH2027-1569;19;78,1 %;9,6;6;11;10;3;5;2;1;1;Passable;Psychologie;Technologique
COH2027-1570;17;55,5 %;21,2;5;9;7;3;6;1;2;4;Assez bien;Informatique;Général
COH2027-1571;19;35,1 %;6,7;9;13;9;0;6;1;1;2;Passable;Informatique;Technologique
COH2027-1572;19;61,5 %;22,9;8;12;9;4;6;2;4;3;Assez bien;Mathématiques;Général
COH2027-1573;19;48,7 %;23,1;9;11;9;5;6;3;;3;Passable;Gestion;Général
COH2027-1574;18;75,6 %;12,6;9;13;12;3;6;3;3;2;Bien;Gestion;Professionnel
COH2027-1575;21;49,4 %;17,2;6;8;8;2;7;;1;;Passable;Informatique;Général
COH2027-1576;19;50,1 %;26,6;5;8;7;1;6;1;1;2;Passable;Informatique;Général
COH2027-1577;22;43,6 %;12,4;5;12;9;1;7;2;1;4;Assez bien;Informatique;Général
COH2027-1578;20;35,8 %;13,4;6;8;6;5;7;1;3;1;Passable;Informatique;Technologique
COH2027-1579;19;70,5 %;13,7;5;13;10;3;7;2;3;1;Bien;Informatique;Technologique
COH2027-1580;20;77,1 %;43,8;5;11;11;5;5;3;3;3;Passable;Mathématiques;Général
COH2027-1581;22;60,1 %;19,6;7;13;8;2;7;3;1;1;Passable;Informatique;Général
COH2027-1582;23;32,4 %;0,0;6;11;6;0;5;1;1;;Très bien;Informatique;Général
COH2027-1583;21;63,0 %;32,5;10;10;10;2;6;2;3;;Passable;Biologie;Général
COH2027-1584;21;52,4 %;47,0;6;12;12;0;7;3;2;2;Assez bien;Informatique;Général
COH2027-1585;21;63,8 %;43,1;6;9;9;4;6;1;1;2;Passable;Informatique;Technologique
COH2027-1586;23;65,3 %;27,5;9;13;10;0;5;1;2;2;Passable;Droit;Général
COH2027-1587;20;55,6 %;15,6;9;11;9;1;7;1;2;1;Assez bien;Informatique;Technologique
COH2027-1588;22;73,1 %;48,8;6;10;10;9;5;4;2;4;Passable;Gestion;Technologique
COH2027-1589;21;54,6 %;17,6;6;8;6;2;7;3;3;2;Passable;Informatique;Général
COH2027-1590;19;66,6 %;3,1;7;13;11;2;7;3;1;1;Assez bien;Informatique;Général
COH2027-1591;23;67,7 %;23,9;6;10;9;0;5;1;2;1;Passable;Biologie;Technologique
COH2027-1592;20;49,7 %;12,8;8;11;10;4;5;2;2;;Assez bien;Droit;Général
COH2027-1593;21;58,3 %;21,4;6;9;8;2;6;3;4;2;Assez bien;Gestion;Technologique
COH2027-1594;21;59,1 %;39,5;4;11;11;2;6;3;4;2;Assez bien;Informatique;Technologique
COH2027-1595;21;50,3 %;8,2;5;8;7;3;5;1;1;1;Bien;Informatique;Professionnel
COH2027-1596;22;42,2 %;17,2;11;13;13;4;6;2;4;1;Bien;Biologie;Professionnel
COH2027-1597;18;49,4 %;19,4;7;13;10;5;7;3;;4;Assez bien;Informatique;Général
COH2027-1598;19;51,7 %;0,4;5;11;9;2;5;2;1;;Assez bien;Mathématiques;Technologique
COH2027-1599;19;72,5 %;13,2;8;13;8;2;6;1;2;2;Passable;Mathématiques;Technologique
COH2027-1600;18;51,8 %;33,9;7;9;7;1;6;3;1;1;Passable;Informatique;Général
COH2027-1601;20;53,2 %;0,9;5;8;5;1;7;2;1;1;Passable;Informatique;Général
COH2027-1602;21;66,1 %;15,2;4;8;8;6;6;3;2;;Assez bien;Informatique;Professionnel
COH2027-1603;25;58,9 %;25,4;8;10;8;1;6;3;3;1;Assez bien;Psychologie;Général
COH2027-1604;22;78,4 %;51,0;6;9;9;5;6;4;3;4;Assez bien;Informatique;Général
COH2027-1605;21;47,8 %;14,7;9;10;9;0;6;1;4;1;Passable;Informatique;Général
COH2027-1606;21;50,7 %;6,8;8;10;8;1;7;2;1;1;Bien;STAPS;Général
COH2027-1607;21;62,0 %;26,1;6;10;7;0;6;4;3;4;Passable;Informatique;Général
COH2027-1608;19;37,1 %;1,9;6;8;6;1;6;1;;2;Bien;Mathématiques;Général
COH2027-1609;17;73,9 %;40,5;7;9;8;4;7;2;4;3;Assez bien;Informatique;Général
COH2027-1610;21;67,2 %;32,1;8;11;9;1;5;3;1;2;Passable;STAPS;Général
COH2027-1611;19;30,2 %;19,6;5;8;5;1;7;1;2;2;Très bien;Biologie;Général
COH2027-1612;24;55,4 %;40,5;3;12;12;8;5;3;2;3;Très bien;Droit;Technologique
COH2027-1613;20;61,0 %;42,1;6;10;6;1;6;;2;;Très bien;Informatique;Technologique
COH2027-1614;20;39,4 %;32,0;4;10;8;0;6;1;3;1;Assez bien;Droit;Professionnel
COH2027-1615;17;52,7 %;17,2;7;10;7;4;6;2;2;1;Bien;Informatique;Général
COH2027-1616;18;66,4 %;11,2;7;8;7;4;7;2;4;1;Très bien;Informatique;Professionnel
COH2027-1617;21;67,6 %;15,1;5;8;7;1;6;;3;2;Très bien;Droit;Professionnel
COH2027-1618;23;74,0 %;18,4;4;11;10;6;6;4;4;3;Très bien;Informatique;Professionnel
COH2027-1619;23;50,4 %;12,0;10;13;10;0;6;1;1;1;Assez bien;Informatique;Général
COH2027-1620;19;68,0 %;9,8;7;12;10;4;5;3;1;1;Passable;Gestion;Technologique
COH2027-1621;20;49,0 %;10,1;5;9;5;2;6;2;;1;Passable;Droit;Technologique
COH2027-1622;23;66,0 %;0,1;6;9;6;4;7;1;2;2;Assez bien;Lettres;Général
COH2027-1623;18;36,0 %;15,5;7;10;7;4;7;1;1;;Assez bien;Informatique;Général
COH2027-1624;19;14,8 %;0,0;5;12;5;0;7;1;3;1;Assez bien;Droit;Général
COH2027-1625;18;69,6 %;31,0;4;12;11;8;6;4;;;Passable;Informatique;Professionnel
COH2027-1626;22;64,2 %;29,1;6;12;10;5;5;2;2;1;Bien;Gestion;Général
COH2027-1627;18;73,3 %;35,4;3;10;9;4;5;4;3;;Bien;Informatique;Général
COH2027-1628;21;49,0 %;10,5;7;13;10;0;5;1;2;4;Passable;STAPS;Général
COH2027-1629;23;41,0 %;30,8;6;8;6;4;6;2;1;2;Assez bien;Lettres;Général
COH2027-1630;21;58,3 %;18,8;6;8;6;3;7;3;3;2;Bien;Droit;Technologique
COH2027-1631;19;73,7 %;52,6;3;10;9;5;5;4;;4;Assez bien;Informatique;Général
COH2027-1632;20;50,6 %;15,2;10;12;10;1;5;2;2;1;Assez bien;Psychologie;Général
COH2027-1633;23;57,5 %;15,8;6;9;8;3;6;4;3;2;Passable;Informatique;Général
COH2027-1634;21;62,5 %;39,1;7;13;12;9;6;4;3;1;Assez bien;Droit;Général
COH2027-1635;20;65,6 %;33,1;5;9;8;3;6;3;4;2;Assez bien;Informatique;Technologique
COH2027-1636;17;59,5 %;16,1;8;9;8;3;7;1;1;1;Assez bien;Informatique;Général
COH2027-1637;23;64,7 %;37,5;4;13;11;0;5;2;1;2;Passable;Lettres;Général
COH2027-1638;19;55,8 %;21,4;9;10;9;4;7;1;2;2;Bien;Gestion;Général
COH2027-1639;22;77,4 %;40,3;5;11;10;5;7;4;4;3;Assez bien;Informatique;Professionnel
COH2027-1640;18;45,6 %;13,2;7;12;10;0;6;1;2;2;Passable;Informatique;Général
COH2027-1641;19;69,1 %;53,9;6;10;9;6;7;4;2;3;Très bien;Psychologie;Général
COH2027-1642;19;43,0 %;25,4;5;13;11;2;7;;4;1;Assez bien;Gestion;Général
COH2027-1643;20;60,1 %;40,2;4;10;8;5;5;4;3;;Passable;Informatique;Technologique
COH2027-1644;19;42,0 %;0,6;5;9;5;0;6;2;2;1;Assez bien;Informatique;Général
COH2027-1645;18;50,4 %;19,3;5;8;5;3;6;1;3;2;Bien;STAPS;Technologique
COH2027-1646;19;33,9 %;6,8;6;10;6;0;5;1;1;1;Passable;Mathématiques;Général
COH2027-1647;21;30,2 %;14,8;6;13;6;0;7;2;1;1;Assez bien;Informatique;Général
COH2027-1648;21;64,7 %;10,1;5;9;8;3;5;2;1;;Passable;Informatique;Général
COH2027-1649;18;47,7 %;12,6;7;9;7;0;6;1;3;1;Assez bien;STAPS;Général
COH2027-1650;20;57,6 %;15,3;7;8;7;2;6;2;2;2;Passable;Informatique;Général
COH2027-1651;19;52,7 %;8,3;5;10;8;3;7;1;4;2;Assez bien;Biologie;Général
COH2027-1652;20;70,9 %;30,6;3;11;9;7;7;4;4;2;Passable;Gestion;Général
COH2027-1653;17;39,1 %;10,3;5;8;6;1;6;1;1;1;Passable;Informatique;Général
COH2027-1654;17;79,1 %;24,8;3;13;13;4;6;4;3;4;Passable;Mathématiques;Professionnel
COH2027-1655;20;60,2 %;56,4;4;11;10;2;6;3;3;2;Très bien;Informatique;Général
COH2027-1656;19;76,7 %;35,9;6;8;8;9;5;4;3;3;Assez bien;Droit;Général
COH2027-1657;21;65,3 %;24,5;7;8;7;4;7;4;1;2;Assez bien;Informatique;Technologique
COH2027-1658;20;79,5 %;16,2;6;13;9;3;5;4;4;2;Passable;Informatique;Général
COH2027-1659;19;46,9 %;46,4;5;13;10;3;5;3;3;1;Passable;Mathématiques;Professionnel
COH2027-1660;17;41,3 %;16,6;5;8;5;0;6;1;1;1;Passable;STAPS;Technologique
COH2027-1661;23;55,4 %;14,2;6;11;8;5;6;2;2;4;Assez bien;Droit;Technologique
COH2027-1662;19;69,7 %;27,8;7;11;9;5;6;2;2;4;Bien;Biologie;Technologique
COH2027-1663;21;51,2 %;20,1;6;9;8;4;5;3;3;3;Passable;Informatique;Technologique
COH2027-1664;21;57,2 %;20,9;8;11;8;0;7;2;2;1;Passable;Biologie;Professionnel
COH2027-1665;19;78,9 %;37,2;3;11;11;6;7;4;4;3;Passable;Informatique;Technologique
COH2027-1666;20;77,2 %;31,6;3;10;9;10;5;4;4;3;Passable;Informatique;Général
COH2027-1667;18;64,7 %;9,8;9;11;9;2;7;;3;1;Passable;Informatique;Technologique
COH2027-1668;18;77,5 %;38,8;3;8;8;7;5;4;2;4;Assez bien;Lettres;Général
COH2027-1669;22;40,9 %;4,6;5;8;5;0;5;1;2;;Passable;Biologie;Technologique
COH2027-1670;21;60,6 %;28,0;7;8;7;3;5;3;4;4;Passable;Biologie;Général
COH2027-1671;17;73,1 %;22,9;7;11;11;4;6;2;4;3;Bien;Gestion;Général
COH2027-1672;20;64,7 %;2,2;8;13;12;2;5;4;1;1;Passable;Informatique;Général
COH2027-1673;19;49,9 %;30,1;9;13;10;5;7;2;2;4;Assez bien;Informatique;Général
COH2027-1674;19;53,4 %;7,8;8;12;9;2;5;1;1;2;Bien;Psychologie;Technologique
COH2027-1675;20;41,9 %;15,8;6;12;6;0;5;3;2;1;Passable;Lettres;Général
COH2027-1676;22;46,1 %;43,0;6;8;7;3;6;2;2;3;Assez bien;Droit;Technologique
COH2027-1677;22;79,6 %;34,4;4;11;10;3;6;4;4;3;Bien;Informatique;Général
COH2027-1678;23;60,3 %;23,6;5;13;11;3;7;3;3;3;Assez bien;Droit;Professionnel
COH2027-1679;20;75,3 %;24,4;3;11;10;7;6;4;4;2;Passable;Informatique;Professionnel
COH2027-1680;19;79,4 %;28,9;4;10;10;11;6;3;4;3;Passable;Informatique;Technologique
COH2027-1681;19;63,3 %;22,2;9;13;10;2;5;1;3;1;Passable;Droit;Général
COH2027-1682;21;39,0 %;20,0;7;8;7;1;6;2;;2;Passable;Droit;Professionnel
COH2027-1683;19;64,3 %;22,6;8;9;8;2;6;1;2;2;Bien;Informatique;Général
COH2027-1684;20;55,6 %;15,6;9;11;9;1;7;1;2;1;Assez bien;Informatique;Technologique
COH2027-1685;23;41,0 %;30,8;6;8;6;4;6;2;1;2;Assez bien;Lettres;Général
COH2027-1686;21;53,5 %;18,1;6;9;6;1;7;2;1;1;Passable;Informatique;Technologique
COH2027-1687;17;37,5 %;18,9;7;12;8;0;5;1;2;1;Passable;Lettres;Général
COH2027-1688;18;47,1 %;15,9;7;11;7;1;7;1;;1;Passable;Psychologie;Technologique
COH2027-1689;18;56,0 %;29,6;6;13;11;3;5;4;2;1;Passable;Biologie;Général
COH2027-1690;20;63,4 %;11,3;7;8;7;2;5;4;2;3;Passable;Informatique;Général
COH2027-1691;22;74,4 %;49,0;3;12;12;12;7;4;3;2;Très bien;Informatique;Général
COH2027-1692;20;52,7 %;31,4;8;9;8;3;7;1;2;2;Assez bien;Informatique;Professionnel
COH2027-1693;17;34,5 %;34,4;4;10;9;2;5;3;2;3;Assez bien;Informatique;Général
COH2027-1694;19;76,6 %;32,2;3;8;8;8;6;4;4;4;Assez bien;Gestion;Professionnel
COH2027-1695;18;69,0 %;15,7;8;13;9;3;6;1;1;2;Passable;Informatique;Général
COH2027-1696;18;50,8 %;13,6;8;13;13;3;6;2;3;;Assez bien;Informatique;Technologique
COH2027-1697;18;62,8 %;37,0;4;8;7;6;6;3;3;3;Bien;Gestion;Général
COH2027-1698;22;70,6 %;21,1;7;11;9;9;5;4;4;2;Très bien;Informatique;Général
COH2027-1699;21;65,9 %;22,1;5;8;5;2;7;1;;2;Passable;Droit;Technologique
COH2027-1700;19;78,0 %;54,0;6;9;9;6;6;4;4;1;Passable;Informatique;Technologique
COH2027-1701;20;36,8 %;3,0;6;10;6;1;7;1;1;1;Assez bien;Informatique;Technologique
COH2027-1702;19;69,9 %;22,8;8;10;8;3;6;2;4;2;Très bien;Psychologie;Général
COH2027-1703;19;55,8 %;18,4;5;9;7;2;6;1;1;2;Assez bien;Gestion;Technologique
COH2027-1704;19;72,0 %;33,1;3;8;8;5;6;3;;4;Très bien;Mathématiques;Général
COH2027-1705;18;46,8 %;15,0;4;12;12;6;5;4;;4;Très bien;STAPS;Technologique
COH2027-1706;18;49,7 %;21,1;5;9;8;5;6;2;3;3;Bien;Informatique;Général
COH2027-1707;18;77,2 %;42,5;3;8;8;8;5;4;;4;Passable;Informatique;Professionnel
COH2027-1708;20;75,6 %;25,2;6;9;8;9;6;2;4;2;Passable;Informatique;Technologique
COH2027-1709;23;64,9 %;34,2;7;9;8;3;6;3;;;;Informatique;Général
COH2027-1710;17;62,7 %;15,3;6;10;6;0;6;1;2;;Assez bien;STAPS;Professionnel
COH2027-1711;19;78,2 %;35,8;4;12;12;6;6;4;3;3;Passable;Informatique;Général
COH2027-1712;20;62,7 %;27,9;6;8;8;5;5;1;3;2;Passable;Psychologie;Général
COH2027-1713;17;60,5 %;27,8;4;11;8;4;6;3;2;3;Bien;Lettres;Général
COH2027-1714;20;47,2 %;10,2;9;12;9;2;7;2;1;2;Passable;Informatique;Général
COH2027-1715;20;61,5 %;14,3;5;8;8;2;6;2;2;1;Passable;Informatique;Général
COH2027-1716;21;59,9 %;9,7;4;8;7;1;6;1;2;2;Assez bien;Informatique;Général
COH2027-1717;24;32,9 %;1,4;8;11;8;0;6;2;2;2;Bien;Droit;Général
COH2027-1718;22;78,4 %;51,0;6;9;9;5;6;4;3;4;Assez bien;Informatique;Général
COH2027-1719;22;46,1 %;4,0;8;12;8;0;7;;2;2;Bien;Informatique;Général
COH2027-1720;18;71,7 %;14,1;7;11;7;1;6;2;1;1;Passable;Biologie;Professionnel
COH2027-1721;20;60,8 %;1,8;4;9;7;2;7;2;2;1;Assez bien;Informatique;Général
COH2027-1722;20;29,2 %;3,1;4;8;4;1;6;1;2;1;Assez bien;Informatique;Général
COH2027-1723;23;32,4 %;0,0;6;11;6;0;5;1;1;;Très bien;Biologie;Général
COH2027-1724;18;56,3 %;15,0;5;11;10;3;6;2;1;2;Bien;Informatique;Technologique
COH2027-1725;20;67,2 %;43,0;4;8;7;5;5;4;4;2;Assez bien;Informatique;Général
COH2027-1726;19;56,9 %;18,6;7;11;8;2;7;1;2;2;Passable;Informatique;Professionnel
COH2027-1727;19;64,9 %;5,7;6;8;6;2;7;2;3;1;Bien;Informatique;Technologique
COH2027-1728;24;53,3 %;18,9;10;12;11;2;7;2;1;1;Passable;Informatique;Technologique
COH2027-1729;19;56,3 %;16,2;7;13;9;0;6;3;1;;Bien;Gestion;Technologique
COH2027-1730;20;65,5 %;40,4;8;13;11;6;5;;;2;Assez bien;Informatique;Général
COH2027-1731;19;68,3 %;40,4;6;8;6;4;7;4;2;4;Passable;Psychologie;Technologique
COH2027-1732;20;59,1 %;15,0;5;9;8;2;5;;4;2;Passable;STAPS;Technologique
COH2027-1733;23;38,6 %;32,5;5;10;8;0;5;2;2;1;Passable;Biologie;Professionnel
COH2027-1734;18;55,9 %;21,7;6;11;11;6;5;4;;2;Très bien;Informatique;Technologique
COH2027-1735;19;55,4 %;16,1;6;9;6;3;6;2;;3;Assez bien;Informatique;Général
COH2027-1736;19;44,7 %;28,2;6;11;9;8;6;1;2;2;Passable;Informatique;Technologique
COH2027-1737;20;66,8 %;29,1;8;11;9;7;6;3;2;1;Assez bien;Biologie;Général
COH2027-1738;21;67,3 %;31,9;7;11;11;8;6;2;3;3;Passable;Informatique;Technologique
COH2027-1739;21;73,6 %;31,1;5;12;10;7;7;3;3;1;Très bien;Lettres;Général
COH2027-1740;19;51,7 %;0,4;5;11;9;2;5;2;1;;Assez bien;Mathématiques;Technologique
COH2027-1741;18;50,0 %;34,4;7;8;7;7;5;3;2;4;Assez bien;Gestion;Technologique
COH2027-1742;17;65,7 %;14,2;8;9;8;2;6;2;4;1;Bien;Informatique;Général
COH2027-1743;18;60,9 %;10,9;7;13;7;0;5;;3;1;Passable;Informatique;Technologique
COH2027-1744;20;71,3 %;21,9;4;13;12;4;5;2;3;2;Passable;Informatique;Général
COH2027-1745;19;36,6 %;11,1;5;8;7;2;6;2;2;2;Assez bien;STAPS;Général
COH2027-1746;21;68,3 %;22,4;6;13;13;5;7;4;3;2;Passable;Informatique;Technologique
COH2027-1747;19;27,8 %;0,0;3;10;3;0;5;1;1;1;Très bien;STAPS;Général
COH2027-1748;21;70,7 %;25,8;7;13;13;5;5;3;;2;Assez bien;Gestion;Général
COH2027-1749;21;50,5 %;22,1;9;13;9;3;7;3;1;;Passable;Informatique;Technologique
COH2027-1750;18;44,3 %;31,0;8;11;8;1;5;2;2;1;Passable;Droit;Technologique
COH2027-1751;21;59,4 %;19,2;5;10;9;1;7;4;3;4;Passable;Gestion;Général
COH2027-1752;20;76,9 %;31,9;4;12;11;4;6;4;4;2;Passable;Informatique;Général
COH2027-1753;19;56,8 %;21,6;6;10;6;2;5;2;3;2;Passable;Gestion;Général
COH2027-1754;21;64,4 %;41,5;3;13;13;6;5;3;3;3;Assez bien;Gestion;Général
COH2027-1755;18;77,0 %;33,0;5;8;8;8;6;4;2;1;Bien;Gestion;Technologique
COH2027-1756;23;59,6 %;26,7;5;8;6;3;6;1;3;1;Passable;Biologie;Général
COH2027-1757;22;68,8 %;19,9;7;9;7;1;5;3;2;1;Bien;Informatique;Général
COH2027-1758;21;36,4 %;13,7;8;11;8;3;5;2;1;4;Très bien;Gestion;Technologique
COH2027-1759;22;69,5 %;35,5;6;12;12;6;6;3;2;3;Assez bien;STAPS;Général
COH2027-1760;19;52,2 %;11,4;8;12;10;0;7;1;1;2;Bien;Informatique;Général
COH2027-1761;23;66,0 %;0,1;6;9;6;4;7;1;2;2;Assez bien;Lettres;Général
COH2027-1762;18;45,9 %;19,1;9;12;10;1;6;2;2;1;Assez bien;Gestion;Technologique
COH2027-1763;21;32,7 %;20,8;4;10;9;1;5;2;3;1;Passable;Informatique;Technologique
COH2027-1764;19;54,6 %;0,2;6;10;6;0;7;1;2;2;Bien;STAPS;Technologique
COH2027-1765;23;50,1 %;24,6;4;9;9;5;6;1;3;2;Passable;Informatique;Technologique
COH2027-1766;19;52,7 %;20,6;7;12;9;0;5;2;3;3;;Gestion;Général
COH2027-1767;21;44,1 %;21,2;10;13;10;0;6;1;;1;Bien;Psychologie;Général
COH2027-1768;18;74,6 %;19,0;8;9;8;0;5;1;3;2;Bien;Informatique;Général
COH2027-1769;19;73,7 %;22,1;7;9;7;4;6;1;2;4;Passable;Droit;Général
COH2027-1770;21;67,4 %;18,6;6;8;6;3;6;1;;1;Passable;Lettres;Général
COH2027-1771;20;58,2 %;20,5;8;10;8;2;6;2;1;3;Assez bien;Informatique;Technologique
COH2027-1772;19;56,3 %;9,7;7;11;7;0;6;1;1;1;Assez bien;Lettres;Technologique
COH2027-1773;21;49,3 %;12,9;6;9;6;0;6;2;2;2;Bien;Informatique;Technologique
COH2027-1774;18;56,5 %;6,8;8;13;8;1;6;1;1;2;Passable;Psychologie;Général
COH2027-1775;21;52,8 %;30,4;6;8;6;4;6;1;3;;Assez bien;Gestion;Technologique
COH2027-1776;19;53,0 %;5,5;5;11;9;4;6;3;4;1;Passable;Informatique;Général
COH2027-1777;23;53,0 %;10,9;7;12;7;3;6;1;1;1;Passable;Informatique;Technologique
COH2027-1778;21;60,0 %;39,5;8;9;9;1;6;2;;3;Passable;Informatique;Général
COH2027-1779;22;69,1 %;27,8;8;12;10;3;7;3;2;3;Bien;Gestion;Général
COH2027-1780;18;28,8 %;0,0;5;11;5;0;7;1;1;1;Passable;Informatique;Général
COH2027-1781;21;57,2 %;25,4;7;12;10;4;5;3;1;3;Passable;Informatique;Général
COH2027-1782;19;49,5 %;21,5;5;9;5;1;6;2;4;2;Passable;Informatique;Général
COH2027-1783;25;52,3 %;10,5;5;8;5;4;5;2;2;1;Bien;Gestion;Général
COH2027-1784;23;53,7 %;20,6;7;10;7;0;6;2;2;1;Passable;Biologie;Technologique
COH2027-1785;19;57,2 %;8,8;7;12;9;2;6;2;1;;Passable;Psychologie;Général
COH2027-1786;19;53,8 %;9,4;5;8;5;0;7;1;1;1;Passable;Psychologie;Général
COH2027-1787;19;42,5 %;9,1;7;12;7;0;6;2;2;1;Assez bien;Mathématiques;Général
COH2027-1788;21;60,2 %;25,9;6;8;6;3;7;2;2;3;Bien;Informatique;Général
COH2027-1789;17;63,7 %;29,9;5;10;10;8;6;4;;1;;STAPS;Technologique
COH2027-1790;18;71,3 %;19,8;5;12;10;12;5;4;3;2;Passable;Informatique;Général
COH2027-1791;20;55,1 %;20,1;11;13;11;7;6;4;2;2;Passable;Gestion;Général
COH2027-1792;21;47,8 %;14,7;9;10;9;0;6;1;4;1;Passable;STAPS;Général
COH2027-1793;19;64,3 %;25,7;6;13;10;4;7;1;2;1;Passable;Informatique;Général
COH2027-1794;22;48,4 %;32,0;8;13;12;0;6;2;3;2;Assez bien;Informatique;Général
COH2027-1795;17;59,4 %;10,8;7;11;7;3;5;2;1;1;Passable;Informatique;Général
COH2027-1796;21;47,8 %;14,7;9;10;9;0;6;1;4;1;Passable;Informatique;Général
COH2027-1797;17;50,9 %;0,6;5;9;5;0;5;1;1;2;Très bien;Droit;Technologique
COH2027-1798;17;56,0 %;23,3;6;8;7;0;6;2;1;1;Passable;Droit;Technologique
COH2027-1799;17;65,6 %;19,8;6;10;6;2;5;1;1;1;;Informatique;Général
COH2027-1800;21;49,3 %;8,7;7;11;10;2;6;3;4;3;Passable;Biologie;Général
COH2027-1801;21;70,2 %;33,2;5;8;7;3;5;2;4;2;Bien;Informatique;Général
COH2027-1802;19;35,1 %;6,7;9;13;9;0;6;1;1;2;Passable;Biologie;Technologique
COH2027-1803;21;60,9 %;31,1;4;11;11;6;5;3;3;3;Passable;Informatique;Professionnel
COH2027-1804;23;36,0 %;0,1;5;10;5;0;6;1;2;1;Passable;Mathématiques;Général
COH2027-1805;22;54,2 %;29,1;6;13;11;6;5;1;;3;Passable;Gestion;Général
COH2027-1806;23;64,9 %;34,2;7;9;8;3;6;3;;;;Informatique;Général
COH2027-1807;21;44,5 %;5,0;7;10;7;0;5;1;1;1;Assez bien;Psychologie;Technologique
COH2027-1808;20;69,2 %;19,1;5;13;13;1;5;4;2;3;;Gestion;Général
COH2027-1809;23;48,4 %;8,6;7;12;7;0;5;1;1;1;Passable;Informatique;Général
COH2027-1810;18;54,2 %;11,7;9;12;9;3;6;3;2;1;Passable;Informatique;Technologique
COH2027-1811;18;50,4 %;21,4;9;11;9;1;6;1;;3;Passable;Gestion;Général
COH2027-1812;23;57,8 %;18,4;7;10;8;2;6;2;2;1;Passable;Informatique;Professionnel
COH2027-1813;21;61,5 %;7,5;8;12;8;3;5;1;1;1;Assez bien;Informatique;Général
COH2027-1814;18;47,5 %;10,1;10;12;11;1;6;3;2;1;Passable;Informatique;Général
COH2027-1815;21;42,3 %;8,4;7;9;7;0;6;1;3;1;Passable;Informatique;Général
COH2027-1816;21;47,1 %;10,0;4;10;7;2;6;2;1;;Passable;Informatique;Général
COH2027-1817;22;55,3 %;5,5;8;12;8;0;5;1;1;1;Passable;Gestion;Général
COH2027-1818;21;50,7 %;7,5;7;8;7;3;7;1;;1;Passable;Droit;Général
COH2027-1819;20;40,9 %;9,6;7;10;7;0;6;1;1;1;Bien;Informatique;Général
COH2027-1820;17;76,3 %;13,2;4;11;11;4;5;2;2;;;Informatique;Professionnel
COH2027-1821;18;60,4 %;20,2;5;11;11;4;6;2;2;3;Assez bien;STAPS;Général
COH2027-1822;19;57,1 %;29,2;7;8;7;4;6;2;2;3;Passable;Informatique;Technologique
COH2027-1823;20;36,4 %;8,2;4;8;4;1;6;2;1;1;Assez bien;Gestion;Général
COH2027-1824;19;56,9 %;18,6;7;11;8;2;7;1;2;2;Passable;Informatique;Professionnel
COH2027-1825;20;45,3 %;8,2;7;12;7;0;6;2;1;1;Assez bien;Gestion;Général
COH2027-1826;20;44,0 %;8,9;6;9;6;0;6;1;2;1;Assez bien;Psychologie;Technologique
COH2027-1827;19;60,5 %;16,4;7;12;11;4;5;4;3;1;Bien;Gestion;Général
COH2027-1828;18;59,9 %;19,2;7;10;9;1;5;3;3;3;Bien;Psychologie;Général
COH2027-1829;18;62,2 %;34,6;4;11;8;2;6;2;4;3;Passable;Biologie;Technologique
COH2027-1830;20;59,1 %;23,6;6;11;11;4;6;3;3;3;Assez bien;Informatique;Général
COH2027-1831;18;54,3 %;18,1;9;12;11;2;7;1;3;1;;Gestion;Professionnel
COH2027-1832;19;59,6 %;40,6;7;10;9;1;5;2;3;1;Assez bien;Droit;Technologique
COH2027-1833;20;57,0 %;21,6;9;13;9;2;5;3;1;;Assez bien;Informatique;Général
COH2027-1834;21;72,3 %;31,9;5;12;11;4;5;4;1;2;Assez bien;Informatique;Général
COH2027-1835;21;36,2 %;22,2;4;11;9;0;6;1;;2;Assez bien;Informatique;Professionnel
COH2027-1836;22;48,2 %;26,5;6;12;8;2;7;2;1;3;Passable;Informatique;Général
COH2027-1837;22;78,4 %;51,0;6;9;9;5;6;4;3;4;Assez bien;Mathématiques;Général
COH2027-1838;18;49,9 %;7,0;5;8;5;0;6;2;1;1;Assez bien;Biologie;Général
COH2027-1839;19;71,5 %;52,9;7;10;9;5;5;2;1;3;Passable;Informatique;Général
COH2027-1840;18;54,8 %;1,8;8;13;8;0;5;1;3;1;;Informatique;Général
COH2027-1841;21;37,0 %;10,2;5;8;5;0;6;1;1;;Passable;STAPS;Technologique
COH2027-1842;23;50,2 %;23,9;7;9;7;0;5;1;;;Assez bien;Informatique;Technologique
COH2027-1843;20;44,8 %;13,1;7;13;7;3;6;2;4;2;Assez bien;Gestion;Général
COH2027-1844;17;75,9 %;14,7;4;12;12;3;5;4;3;4;Passable;Biologie;Général
COH2027-1845;18;62,5 %;23,9;6;8;8;1;6;1;3;4;Assez bien;Gestion;Général
COH2027-1846;22;46,1 %;40,8;7;9;7;1;7;1;1;1;Assez bien;Lettres;Technologique
COH2027-1847;18;73,4 %;33,5;5;12;11;4;5;4;2;4;Bien;Biologie;Général
COH2027-1848;19;48,4 %;22,4;7;12;8;2;6;1;3;2;Passable;Informatique;Professionnel
COH2027-1849;23;30,2 %;0,0;5;12;5;0;6;1;;1;Passable;Informatique;Général
COH2027-1850;21;68,3 %;27,1;7;9;7;5;5;4;3;2;Assez bien;Gestion;Technologique
COH2027-1851;18;42,4 %;18,9;6;12;9;1;5;1;4;1;Assez bien;Informatique;Technologique
COH2027-1852;20;66,8 %;29,1;8;11;9;7;6;3;2;1;Assez bien;Informatique;Général
COH2027-1853;19;70,8 %;32,2;7;10;9;1;5;2;2;2;Bien;Biologie;Général
COH2027-1854;17;57,2 %;18,4;7;10;7;2;5;2;2;1;Très bien;Informatique;Général
COH2027-1855;17;78,1 %;28,2;6;12;11;3;7;2;4;1;Bien;Psychologie;Général
COH2027-1856;20;44,5 %;15,2;9;12;10;1;5;2;1;1;Bien;STAPS;Technologique
COH2027-1857;20;54,2 %;11,6;5;11;8;3;6;2;3;1;Passable;Biologie;Général
COH2027-1858;19;68,2 %;36,8;3;13;10;3;7;3;1;2;Passable;Droit;Général
COH2027-1859;21;47,6 %;5,1;5;8;5;0;6;2;2;1;Bien;Mathématiques;Général
COH2027-1860;21;55,6 %;16,9;8;13;8;1;6;1;3;2;Assez bien;Informatique;Général
COH2027-1861;17;33,9 %;2,1;8;11;8;0;5;1;;1;Assez bien;Informatique;Technologique
COH2027-1862;23;54,3 %;17,6;8;10;8;2;6;3;2;2;Assez bien;Informatique;Général
COH2027-1863;21;59,2 %;11,6;6;10;6;1;6;1;2;1;Bien;Gestion;Technologique
COH2027-1864;20;53,9 %;3,1;5;10;7;2;5;2;3;;Très bien;Informatique;Général
COH2027-1865;20;79,9 %;24,1;7;12;11;5;6;2;4;2;Bien;Informatique;Technologique
COH2027-1866;19;78,0 %;33,5;6;11;10;8;7;4;4;4;Passable;Psychologie;Technologique
COH2027-1867;18;67,2 %;41,6;5;13;12;5;5;3;3;3;Passable;Informatique;Technologique
COH2027-1868;19;78,7 %;26,9;4;11;11;6;7;4;3;2;Très bien;Droit;Général
COH2027-1869;20;63,6 %;23,1;6;8;7;6;6;3;3;2;;Gestion;Professionnel
COH2027-1870;23;62,3 %;24,0;5;10;9;4;7;1;3;2;Bien;Informatique;Professionnel
COH2027-1871;19;33,9 %;6,8;6;10;6;0;5;1;1;1;Passable;Mathématiques;Général
COH2027-1872;23;58,9 %;24,1;5;9;8;4;5;2;3;1;Très bien;Mathématiques;Technologique
COH2027-1873;18;62,5 %;23,9;6;8;8;1;6;1;3;4;Assez bien;Informatique;Général
COH2027-1874;17;60,4 %;31,4;8;9;8;2;5;1;2;1;Bien;Informatique;Technologique
COH2027-1875;22;65,4 %;19,6;11;11;11;5;6;;2;;Assez bien;Informatique;Technologique
COH2027-1876;23;55,9 %;12,8;6;10;7;1;6;1;1;1;Bien;Gestion;Général
COH2027-1877;17;72,5 %;12,3;8;12;8;4;5;2;2;3;Assez bien;Psychologie;Technologique
COH2027-1878;23;56,4 %;11,8;6;11;9;3;6;2;3;3;Assez bien;Gestion;Général
COH2027-1879;20;60,1 %;40,2;4;10;8;5;5;4;3;;Passable;Informatique;Technologique
COH2027-1880;18;64,0 %;18,0;4;12;11;7;5;4;3;2;Passable;Psychologie;Technologique
COH2027-1881;18;60,4 %;33,0;5;9;5;6;6;4;2;1;Très bien;Droit;Général
COH2027-1882;18;64,2 %;56,5;8;10;10;9;6;2;4;2;Bien;Droit;Technologique
COH2027-1883;22;47,2 %;14,0;7;11;9;1;6;2;2;1;Très bien;Informatique;Général
COH2027-1884;18;77,9 %;37,8;7;9;9;2;7;3;4;1;Passable;Droit;Général
COH2027-1885;20;71,8 %;8,4;5;11;11;3;7;3;;2;Assez bien;Informatique;Général
COH2027-1886;17;46,6 %;14,4;7;13;8;3;6;1;1;3;Passable;Informatique;Technologique
COH2027-1887;17;49,6 %;12,8;6;8;6;1;7;3;2;;Passable;Informatique;Technologique
COH2027-1888;19;67,4 %;15,9;8;11;8;2;7;2;3;2;Passable;Informatique;Général
COH2027-1889;21;74,8 %;28,8;7;10;7;5;5;2;2;4;Passable;Informatique;Professionnel
COH2027-1890;18;71,5 %;22,9;4;8;8;3;6;1;3;2;Assez bien;Droit;Général
COH2027-1891;20;50,5 %;25,6;6;9;8;6;6;2;;1;Passable;Gestion;Technologique
COH2027-1892;20;55,3 %;9,8;7;9;7;5;5;2;2;;Passable;Biologie;Général
COH2027-1893;21;47,1 %;10,0;4;10;7;2;6;2;1;;Passable;Informatique;Général
COH2027-1894;22;51,7 %;26,3;3;9;9;5;5;2;1;3;Assez bien;Psychologie;Technologique
COH2027-1895;17;53,2 %;28,8;6;10;10;2;6;3;1;1;Assez bien;Informatique;Général
COH2027-1896;20;72,1 %;15,0;6;11;10;7;7;4;1;1;Bien;STAPS;Général
COH2027-1897;21;58,3 %;18,8;6;8;6;3;7;3;3;2;Bien;Droit;Technologique
COH2027-1898;19;35,1 %;6,7;9;13;9;0;6;1;1;2;Passable;Biologie;Technologique
COH2027-1899;21;65,4 %;15,3;5;9;6;3;7;2;3;2;Passable;Informatique;Général
COH2027-1900;23;51,8 %;4,8;6;10;6;0;6;1;3;2;Passable;Mathématiques;Professionnel
COH2027-1901;19;72,7 %;27,9;7;10;10;10;6;3;3;4;Très bien;Lettres;Général
COH2027-1902;19;72,0 %;33,1;3;8;8;5;6;3;;4;Très bien;Mathématiques;Général
COH2027-1903;24;53,2 %;37,1;7;9;7;1;6;1;3;1;Passable;Informatique;Technologique
COH2027-1904;18;72,7 %;24,2;5;12;12;4;5;4;2;2;Assez bien;Psychologie;Général
COH2027-1905;17;70,2 %;11,1;7;8;7;2;6;2;4;2;Passable;Gestion;Technologique
COH2027-1906;20;45,4 %;9,4;6;10;7;1;5;1;2;3;Très bien;Informatique;Général
COH2027-1907;20;66,7 %;19,6;8;11;9;5;5;3;2;1;Passable;STAPS;Général
COH2027-1908;21;61,1 %;26,7;7;9;7;2;6;2;1;3;Passable;Informatique;Technologique
COH2027-1909;22;60,0 %;17,6;5;10;9;6;6;3;3;3;Bien;Informatique;Général
COH2027-1910;18;34,1 %;7,1;6;9;6;0;7;1;1;1;Bien;Informatique;Général
COH2027-1911;19;49,9 %;30,1;9;13;10;5;7;2;2;4;Assez bien;Droit;Général
COH2027-1912;19;61,2 %;47,4;6;13;13;1;7;4;3;4;Très bien;Gestion;Général
COH2027-1913;22;48,8 %;17,2;6;11;9;6;7;3;1;1;Assez bien;Mathématiques;Technologique
COH2027-1914;21;67,3 %;31,9;7;11;11;8;6;2;3;3;Passable;Informatique;Technologique
COH2027-1915;21;44,5 %;6,5;4;8;4;0;5;2;3;1;Assez bien;STAPS;Général
COH2027-1916;18;41,6 %;17,6;5;11;10;5;5;2;3;;Bien;Mathématiques;Général
COH2027-1917;21;42,1 %;6,5;5;8;5;0;6;1;3;1;Assez bien;Psychologie;Général
COH2027-1918;19;48,2 %;25,9;9;11;10;1;6;1;3;4;Assez bien;Mathématiques;Général
COH2027-1919;19;71,3 %;22,9;6;13;10;6;7;1;2;;Assez bien;Informatique;Technologique
COH2027-1920;18;65,8 %;47,9;3;13;13;7;6;3;4;2;Passable;Informatique;Général
COH2027-1921;18;44,4 %;16,6;7;10;7;0;7;1;2;3;Passable;Mathématiques;Technologique
COH2027-1922;17;49,9 %;18,9;7;9;7;2;6;2;4;2;Bien;Informatique;Général
COH2027-1923;20;43,2 %;11,3;8;13;8;0;6;1;1;1;Bien;STAPS;Général
COH2027-1924;18;39,6 %;6,8;8;12;8;0;6;1;1;1;Passable;Informatique;Technologique
COH2027-1925;22;74,4 %;23,6;7;13;11;4;5;2;4;2;Bien;STAPS;Général
COH2027-1926;22;50,4 %;8,0;7;10;7;0;5;1;3;1;Assez bien;Biologie;Général
COH2027-1927;18;55,4 %;38,7;7;9;7;4;6;3;3;4;Passable;Gestion;Général
COH2027-1928;23;76,6 %;49,5;3;9;9;6;6;4;3;3;Passable;Informatique;Général
COH2027-1929;21;50,4 %;19,8;5;10;8;1;7;;3;3;Passable;Informatique;Technologique
COH2027-1930;19;70,8 %;32,2;7;10;9;1;5;2;2;2;Bien;Informatique;Général
COH2027-1931;24;61,9 %;7,4;5;8;5;3;5;2;2;3;Assez bien;Gestion;Professionnel
COH2027-1932;19;71,3 %;35,4;3;12;12;3;6;4;3;4;Très bien;Psychologie;Général
COH2027-1933;20;46,8 %;17,3;5;12;10;8;6;1;3;1;Bien;Informatique;Technologique
COH2027-1934;20;47,9 %;2,3;7;9;7;1;7;1;1;1;Passable;Informatique;Technologique
COH2027-1935;22;58,5 %;8,6;6;9;9;6;6;1;2;1;Assez bien;Informatique;Technologique
COH2027-1936;21;56,5 %;18,2;5;9;8;3;5;2;1;;Très bien;Informatique;Technologique
COH2027-1937;20;78,5 %;28,4;6;10;8;5;6;;3;1;Bien;Informatique;Technologique
COH2027-1938;19;66,0 %;19,6;7;8;7;1;6;3;3;3;Assez bien;Biologie;Général
COH2027-1939;19;60,0 %;30,9;8;8;8;11;7;3;;1;Passable;Informatique;Général
COH2027-1940;22;73,0 %;26,6;4;8;7;7;6;2;2;1;Assez bien;Informatique;Professionnel
COH2027-1941;21;79,6 %;38,1;4;9;9;4;5;3;3;3;Assez bien;Informatique;Général
COH2027-1942;21;66,3 %;7,0;5;10;9;4;7;;3;2;Bien;Informatique;Général
COH2027-1943;22;48,8 %;17,2;6;11;9;6;7;3;1;1;Assez bien;Mathématiques;Technologique
COH2027-1944;20;57,7 %;22,0;8;9;8;3;6;3;2;2;Passable;Informatique;Général
COH2027-1945;20;46,2 %;14,4;8;11;8;0;6;1;1;1;Assez bien;Mathématiques;Général
COH2027-1946;22;41,6 %;5,0;7;9;7;1;7;1;1;1;;Informatique;Technologique
COH2027-1947;20;62,6 %;19,6;6;11;10;5;6;3;3;2;Très bien;Informatique;Général
COH2027-1948;20;43,2 %;11,6;6;8;6;2;6;1;;2;Bien;Informatique;Technologique
COH2027-1949;19;51,5 %;2,2;7;13;7;1;6;1;2;1;Assez bien;Informatique;Professionnel
COH2027-1950;18;54,1 %;8,8;7;9;7;1;6;1;4;1;Assez bien;Psychologie;Technologique
COH2027-1951;20;75,7 %;23,6;3;8;7;6;6;4;4;2;Assez bien;Informatique;Technologique
COH2027-1952;22;56,4 %;17,8;7;11;8;3;6;2;2;3;Passable;Informatique;Général
COH2027-1953;18;68,4 %;35,5;3;9;8;9;6;3;4;;Passable;Psychologie;Général
COH2027-1954;19;59,7 %;43,8;6;13;10;4;5;2;3;2;Assez bien;Informatique;Technologique
COH2027-1955;22;51,4 %;18,6;8;13;12;5;6;3;2;1;Assez bien;Psychologie;Général
COH2027-1956;19;50,0 %;17,9;8;11;9;1;5;3;2;1;Très bien;Gestion;Général
COH2027-1957;20;41,5 %;38,6;5;10;8;1;6;1;2;3;Assez bien;Informatique;Général
COH2027-1958;18;51,4 %;21,6;9;11;10;1;7;1;3;2;Très bien;Informatique;Professionnel
COH2027-1959;21;40,2 %;6,8;6;9;6;0;6;1;1;1;Bien;Informatique;Technologique
COH2027-1960;20;38,8 %;25,9;7;12;7;0;6;;1;2;Passable;Droit;Technologique
COH2027-1961;19;42,4 %;34,5;7;12;10;2;6;1;2;2;Assez bien;Informatique;Général
COH2027-1962;22;68,3 %;31,4;7;10;8;8;6;4;2;4;Passable;Informatique;Général
COH2027-1963;20;66,0 %;35,0;7;12;8;6;6;2;2;1;Très bien;Informatique;Professionnel
COH2027-1964;22;51,9 %;2,0;8;12;9;1;6;1;1;2;Passable;Informatique;Général
COH2027-1965;22;55,5 %;17,0;8;13;9;2;6;2;2;3;Assez bien;Informatique;Général
COH2027-1966;20;43,2 %;11,6;6;8;6;2;6;1;;2;Bien;Informatique;Technologique
COH2027-1967;22;74,4 %;23,6;7;13;11;4;5;2;4;2;Bien;STAPS;Général
COH2027-1968;24;50,0 %;1,8;8;13;8;3;6;1;1;3;Très bien;Lettres;Général
COH2027-1969;18;59,0 %;16,0;6;8;6;2;5;2;1;1;Passable;Lettres;Général
COH2027-1970;19;52,0 %;13,3;5;8;5;1;6;4;2;4;Passable;Informatique;Général
COH2027-1971;20;50,1 %;25,4;8;11;9;0;7;1;1;1;;Informatique;Technologique
COH2027-1972;22;76,7 %;33,0;5;12;12;4;6;;2;4;Passable;Informatique;Général
COH2027-1973;21;64,4 %;41,5;3;13;13;6;5;3;3;3;Assez bien;Gestion;Général
COH2027-1974;18;46,7 %;11,4;7;13;11;1;5;1;2;1;Bien;Droit;Technologique
COH2027-1975;18;67,4 %;36,7;6;8;6;1;7;1;3;3;Très bien;Gestion;Technologique
COH2027-1976;22;74,4 %;16,7;6;9;8;2;5;3;3;3;Passable;Informatique;Général
COH2027-1977;20;53,0 %;21,6;5;9;7;4;5;4;3;3;Passable;Informatique;Général
COH2027-1978;19;52,2 %;24,8;5;13;10;2;7;4;3;3;Assez bien;Informatique;Général
COH2027-1979;17;59,9 %;37,0;5;8;7;9;5;2;3;3;Bien;Informatique;Général
COH2027-1980;19;56,8 %;10,4;5;10;7;1;6;3;4;1;Bien;Informatique;Technologique
COH2027-1981;19;74,9 %;33,6;4;13;13;7;5;4;3;3;Passable;Gestion;Général
COH2027-1982;21;30,8 %;12,6;7;9;8;2;6;3;1;1;Passable;Mathématiques;Général
COH2027-1983;22;43,4 %;29,6;5;9;5;2;7;1;1;1;Assez bien;Informatique;Technologique
COH2027-1984;22;78,4 %;28,3;5;12;10;7;5;4;2;;Passable;Informatique;Général
COH2027-1985;19;56,8 %;35,9;6;13;13;4;7;4;3;4;Assez bien;Informatique;Général
COH2027-1986;19;65,5 %;20,9;7;9;8;5;5;1;;3;Passable;Informatique;Général
COH2027-1987;20;63,5 %;48,4;5;13;13;4;5;3;3;1;Assez bien;Droit;Général
COH2027-1988;17;53,5 %;30,4;6;13;13;8;6;3;;3;Assez bien;Psychologie;Technologique
COH2027-1989;17;76,1 %;37,8;6;13;13;3;6;4;3;3;Passable;Informatique;Technologique
COH2027-1990;22;56,7 %;11,3;8;9;8;4;7;1;4;2;Assez bien;Droit;Général
COH2027-1991;19;63,9 %;24,1;5;9;9;6;5;3;3;4;Assez bien;Informatique;Général
COH2027-1992;18;65,7 %;30,9;7;8;7;5;6;3;2;2;Assez bien;Informatique;Général
COH2027-1993;23;42,5 %;18,1;7;9;7;3;6;4;3;2;Passable;Informatique;Général
COH2027-1994;23;57,8 %;15,2;8;13;10;0;5;3;3;2;Passable;Biologie;Général
COH2027-1995;19;65,2 %;20,4;4;11;9;3;6;2;3;2;Assez bien;Informatique;Général
COH2027-1996;19;47,7 %;14,2;3;13;9;2;5;1;1;3;Passable;Informatique;Général
COH2027-1997;20;30,4 %;0,0;6;12;6;0;7;1;1;1;Assez bien;Informatique;Technologique
COH2027-1998;20;56,2 %;47,2;6;12;10;4;6;2;3;1;Passable;STAPS;Professionnel
COH2027-1999;23;52,7 %;17,7;6;8;6;1;5;1;;1;Passable;Droit;Général
COH2027-2000;18;43,7 %;20,1;8;13;8;0;6;1;2;1;Assez bien;STAPS;Technologique
COH2027-2001;21;56,7 %;24,2;6;8;6;5;6;1;2;4;Bien;Informatique;Technologique
COH2027-2002;21;55,2 %;25,1;6;11;7;4;6;4;2;2;Assez bien;Gestion;Général
COH2027-2003;22;47,7 %;16,2;5;11;9;3;5;4;2;1;Assez bien;Biologie;Général
COH2027-2004;19;63,3 %;22,2;9;13;10;2;5;1;3;1;Passable;Informatique;Général
COH2027-2005;18;25,8 %;11,0;4;9;4;0;6;1;2;1;Passable;Droit;Général
COH2027-2006;20;61,5 %;14,3;5;8;8;2;6;2;2;1;Passable;STAPS;Général
COH2027-2007;18;49,5 %;27,6;6;13;13;1;5;4;3;2;Bien;Gestion;Général
COH2027-2008;26;71,9 %;40,4;3;8;8;7;5;4;3;2;Passable;Informatique;Général
COH2027-2009;19;45,9 %;23,1;8;13;12;5;6;2;2;2;Bien;Droit;Général
COH2027-2010;20;54,6 %;21,6;7;9;7;1;6;1;2;3;Passable;Droit;Général
COH2027-2011;20;20,5 %;9,7;9;13;9;1;6;1;2;2;Passable;Psychologie;Général
COH2027-2012;21;76,3 %;52,7;5;10;10;8;6;4;4;2;;Informatique;Général
COH2027-2013;20;58,8 %;11,4;5;10;7;3;7;2;1;2;Bien;Informatique;Général
COH2027-2014;20;33,7 %;6,5;7;11;7;0;7;1;3;2;Très bien;STAPS;Technologique
COH2027-2015;23;74,1 %;43,0;5;10;10;6;5;4;2;2;Assez bien;STAPS;Général
COH2027-2016;21;57,6 %;29,0;11;13;11;5;6;3;1;1;Passable;Informatique;Général
COH2027-2017;23;50,1 %;24,6;4;9;9;5;6;1;3;2;Passable;Informatique;Technologique
COH2027-2018;18;74,9 %;23,0;6;11;11;6;7;4;;1;Passable;Informatique;Technologique
COH2027-2019;25;60,9 %;22,2;5;8;5;4;5;1;3;1;Passable;Informatique;Général
COH2027-2020;19;49,5 %;1,1;7;8;7;1;7;3;3;1;Assez bien;Informatique;Technologique
COH2027-2021;17;39,7 %;24,4;4;9;6;3;7;3;3;2;Passable;Informatique;Général
COH2027-2022;20;53,9 %;3,1;5;10;7;2;5;2;3;;Très bien;Lettres;Général
COH2027-2023;17;47,0 %;11,5;5;8;5;0;7;1;1;1;Bien;Informatique;Général
COH2027-2024;19;62,0 %;32,3;9;12;10;6;6;1;2;2;Assez bien;Gestion;Technologique
COH2027-2025;20;64,7 %;30,6;6;13;11;3;7;2;3;4;Bien;Gestion;Général
COH2027-2026;21;44,2 %;10,2;7;11;8;3;7;2;2;1;Passable;Informatique;Général
COH2027-2027;21;60,6 %;29,1;8;10;10;2;7;3;3;3;Passable;STAPS;Technologique
COH2027-2028;17;42,8 %;0,8;8;10;8;2;7;1;2;1;Très bien;Informatique;Technologique
COH2027-2029;22;40,2 %;2,0;4;12;4;0;7;1;;1;Passable;Informatique;Général
COH2027-2030;24;53,2 %;37,1;7;9;7;1;6;1;3;1;Passable;Informatique;Technologique
COH2027-2031;19;75,4 %;31,2;4;10;9;5;6;4;2;3;Bien;Lettres;Général
COH2027-2032;18;53,4 %;28,4;5;8;5;1;6;1;3;1;Passable;Informatique;Général
COH2027-2033;22;55,5 %;16,4;3;10;9;6;6;2;4;2;Bien;Informatique;Général
COH2027-2034;21;42,4 %;23,5;4;11;7;1;6;2;2;1;;Biologie;Général
COH2027-2035;19;73,1 %;35,2;5;12;11;4;6;3;2;3;Assez bien;Droit;Technologique
COH2027-2036;18;69,6 %;31,0;4;12;11;8;6;4;;;Passable;STAPS;Professionnel
COH2027-2037;19;67,1 %;39,7;6;9;8;2;5;3;2;2;Assez bien;Informatique;Général
COH2027-2038;19;45,6 %;16,4;4;11;11;6;6;3;2;3;Passable;Gestion;Général
COH2027-2039;22;50,4 %;24,7;6;13;11;4;6;2;3;3;Très bien;Mathématiques;Technologique
COH2027-2040;18;67,4 %;36,7;6;8;6;1;7;1;3;3;Très bien;Gestion;Technologique
COH2027-2041;21;79,2 %;52,5;5;12;12;10;5;4;2;2;Très bien;Droit;Général
COH2027-2042;20;65,8 %;14,2;8;10;9;1;5;2;;2;Assez bien;Biologie;Professionnel
COH2027-2043;17;59,9 %;18,8;7;12;11;1;6;1;4;2;Passable;Gestion;Technologique
COH2027-2044;19;43,5 %;18,4;7;8;7;6;6;2;3;1;Assez bien;Informatique;Professionnel
COH2027-2045;18;44,4 %;11,1;5;9;5;0;5;1;2;1;Très bien;Informatique;Général
COH2027-2046;20;38,6 %;14,8;6;12;7;2;7;2;3;3;Assez bien;Mathématiques;Général
COH2027-2047;18;70,4 %;18,1;6;11;11;4;6;2;4;2;Passable;Informatique;Technologique
COH2027-2048;19;56,3 %;15,1;7;9;7;0;6;2;3;2;Très bien;Informatique;Général
COH2027-2049;21;63,4 %;11,7;7;9;7;2;6;1;;2;Passable;Psychologie;Professionnel
COH2027-2050;23;57,2 %;14,2;5;9;5;0;5;1;;2;Passable;Droit;Technologique
COH2027-2051;20;38,9 %;31,8;9;13;12;6;6;2;2;4;Assez bien;Mathématiques;Général
COH2027-2052;20;58,4 %;11,2;5;11;8;1;6;1;1;1;Passable;Biologie;Général
COH2027-2053;19;31,2 %;4,8;5;9;5;0;5;1;1;2;Passable;Gestion;Général
COH2027-2054;22;54,6 %;14,7;8;13;12;6;6;3;2;2;Bien;Droit;Professionnel
COH2027-2055;18;54,0 %;18,8;7;9;7;1;6;1;2;;Assez bien;Psychologie;Général
COH2027-2056;22;39,9 %;21,6;6;10;6;1;6;1;1;2;Très bien;Informatique;Général
COH2027-2057;17;79,1 %;24,8;3;13;13;4;6;4;3;4;Passable;Informatique;Professionnel
COH2027-2058;22;67,4 %;41,4;6;13;12;5;6;4;2;3;Passable;Droit;Général
COH2027-2059;21;51,5 %;14,1;9;12;11;2;5;2;3;2;Très bien;Informatique;Technologique
COH2027-2060;19;75,4 %;37,8;7;10;10;4;7;4;;2;Assez bien;Informatique;Général
COH2027-2061;21;78,9 %;30,1;5;12;11;3;5;4;4;3;Passable;Gestion;Technologique
COH2027-2062;20;63,7 %;10,7;7;9;7;1;6;2;3;1;Assez bien;Droit;Technologique
COH2027-2063;20;78,6 %;58,1;5;12;12;3;7;2;1;2;Passable;Informatique;Professionnel
COH2027-2064;19;68,9 %;34,4;5;8;8;6;7;3;2;2;Assez bien;Gestion;Général
COH2027-2065;22;56,4 %;13,7;4;8;6;4;5;2;1;3;Assez bien;Informatique;Général
COH2027-2066;24;67,2 %;25,1;6;13;13;2;6;4;3;2;Assez bien;Biologie;Général
COH2027-2067;19;58,6 %;5,5;7;10;7;0;7;2;;;Bien;Mathématiques;Général
COH2027-2068;19;37,8 %;0,9;5;11;5;0;6;;4;1;Passable;Droit;Technologique
COH2027-2069;19;50,7 %;20,6;4;11;11;4;6;2;3;3;Passable;Informatique;Général
COH2027-2070;19;55,7 %;29,2;7;9;8;3;7;1;2;2;Bien;STAPS;Général
COH2027-2071;18;77,5 %;18,3;5;12;12;4;6;3;;2;Passable;STAPS;Technologique
COH2027-2072;17;47,2 %;20,1;10;11;10;0;6;1;1;1;Passable;Mathématiques;Général
COH2027-2073;20;77,9 %;30,2;9;9;9;4;6;3;3;2;;Informatique;Général
COH2027-2074;20;79,3 %;48,3;4;9;9;6;7;4;3;4;Bien;STAPS;Technologique
COH2027-2075;19;52,8 %;21,4;6;9;6;3;6;2;2;2;Bien;Informatique;Général
COH2027-2076;21;63,4 %;23,9;9;12;10;2;6;4;2;2;Assez bien;Gestion;Général
COH2027-2077;19;67,8 %;23,4;5;12;9;1;6;;2;2;Assez bien;Informatique;Technologique
COH2027-2078;18;62,2 %;15,2;3;10;9;1;5;2;3;3;Passable;Informatique;Général
COH2027-2079;22;77,2 %;40,2;7;13;13;7;6;2;2;2;Passable;Informatique;Général
COH2027-2080;18;25,8 %;11,0;4;9;4;0;6;1;2;1;Passable;Informatique;Général
COH2027-2081;21;62,6 %;25,5;7;10;8;3;5;2;1;3;Passable;Droit;Général
COH2027-2082;20;55,0 %;17,4;7;9;7;3;6;2;1;;Assez bien;Mathématiques;Général
COH2027-2083;23;35,6 %;7,3;9;11;9;2;5;1;3;1;;Lettres;Technologique
COH2027-2084;21;58,4 %;23,4;3;8;8;8;6;3;4;2;Passable;Informatique;Général
COH2027-2085;18;45,7 %;22,0;6;9;7;1;7;1;2;4;Assez bien;Informatique;Professionnel
COH2027-2086;17;69,6 %;48,8;4;13;11;6;5;4;1;3;Très bien;Informatique;Technologique
COH2027-2087;18;59,2 %;2,1;6;9;6;0;7;1;1;1;Bien;Informatique;Général
COH2027-2088;18;58,8 %;13,0;8;13;9;5;5;1;3;3;Bien;Biologie;Technologique
COH2027-2089;19;76,9 %;16,7;4;11;11;7;7;4;4;;Assez bien;Informatique;Général
COH2027-2090;20;76,1 %;42,5;3;8;8;6;5;4;2;4;Passable;STAPS;Professionnel
COH2027-2091;17;77,2 %;22,9;6;12;11;6;7;4;4;1;Passable;Biologie;Général
COH2027-2092;20;53,2 %;24,8;7;10;7;0;7;3;2;3;Bien;Biologie;Technologique
COH2027-2093;17;75,5 %;30,5;4;10;10;7;7;2;3;3;Passable;Gestion;Professionnel
COH2027-2094;18;72,2 %;22,1;4;10;10;3;6;3;1;1;Assez bien;STAPS;Professionnel
COH2027-2095;19;69,4 %;25,4;8;13;13;4;5;3;2;;Assez bien;Droit;Général
COH2027-2096;23;71,0 %;20,6;6;12;7;2;6;3;3;3;Passable;Informatique;Général
COH2027-2097;19;53,9 %;23,8;4;11;9;2;6;2;1;1;Passable;Informatique;Général
COH2027-2098;20;47,2 %;10,2;9;12;9;2;7;2;1;2;Passable;Informatique;Général
COH2027-2099;18;76,9 %;40,0;4;13;13;7;6;;3;3;Bien;Informatique;Technologique
COH2027-2100;18;47,6 %;27,9;6;8;6;4;6;2;4;3;Assez bien;Biologie;Général
COH2027-2101;20;69,5 %;17,3;7;10;7;3;6;2;1;;Bien;Informatique;Général
COH2027-2102;19;43,6 %;17,4;9;12;9;4;6;1;1;1;Bien;Gestion;Professionnel
COH2027-2103;20;48,2 %;23,4;5;10;5;4;6;3;2;3;Bien;Gestion;Technologique
COH2027-2104;20;71,0 %;22,1;6;8;6;9;5;3;2;2;Assez bien;Informatique;Professionnel
COH2027-2105;20;62,8 %;22,3;4;9;7;5;6;1;2;2;Passable;Informatique;Général
COH2027-2106;21;49,5 %;14,4;7;9;7;1;6;2;1;;;Informatique;Technologique
COH2027-2107;20;45,8 %;3,0;4;9;4;0;6;1;1;1;Très bien;Psychologie;Professionnel
COH2027-2108;21;37,9 %;4,4;6;11;6;0;5;2;1;1;Bien;Informatique;Général
COH2027-2109;19;68,4 %;19,8;6;9;9;7;5;4;3;2;Bien;Informatique;Technologique
COH2027-2110;22;42,2 %;17,2;11;13;13;4;6;2;4;1;Bien;Biologie;Professionnel
COH2027-2111;20;46,8 %;20,6;9;10;9;5;6;2;1;2;Bien;Informatique;Général
COH2027-2112;20;51,3 %;9,6;5;8;5;1;6;2;4;2;Assez bien;Informatique;Général
COH2027-2113;20;76,4 %;29,8;4;10;8;6;6;4;3;4;Passable;Informatique;Général
COH2027-2114;21;54,8 %;20,9;5;8;5;0;5;2;3;2;Très bien;Informatique;Général
COH2027-2115;22;36,1 %;7,2;5;8;5;2;6;2;;1;Assez bien;Informatique;Général
COH2027-2116;19;61,0 %;12,2;6;9;6;1;6;1;1;2;Assez bien;Mathématiques;Général
COH2027-2117;19;45,7 %;4,7;10;12;10;0;5;2;2;1;Assez bien;Informatique;Général
COH2027-2118;21;48,9 %;7,3;8;13;8;2;6;3;1;1;Bien;Lettres;Général
COH2027-2119;19;38,6 %;9,8;8;12;8;0;7;1;2;1;Bien;Gestion;Général
COH2027-2120;21;49,0 %;10,5;7;13;10;0;5;1;2;4;Passable;Informatique;Général
COH2027-2121;17;49,4 %;5,2;9;11;11;5;5;2;;3;Bien;Informatique;Technologique
COH2027-2122;21;68,6 %;24,6;6;12;10;1;5;3;3;3;Assez bien;Informatique;Général
COH2027-2123;22;58,1 %;5,5;5;8;5;1;5;1;1;1;Assez bien;Droit;Général
COH2027-2124;20;75,3 %;25,0;5;11;11;10;6;4;4;2;Bien;Psychologie;Technologique
COH2027-2125;25;78,5 %;51,6;4;9;8;1;5;4;3;2;Bien;Psychologie;Technologique
COH2027-2126;20;63,2 %;16,6;7;9;8;3;6;2;1;1;Assez bien;Informatique;Général
COH2027-2127;21;32,8 %;22,6;7;13;9;0;6;1;1;1;Passable;Informatique;Général
COH2027-2128;19;79,9 %;21,1;3;12;10;9;6;4;2;2;Bien;STAPS;Général
COH2027-2129;20;59,2 %;22,1;7;10;9;6;7;3;3;3;Bien;STAPS;Général
COH2027-2130;21;48,9 %;7,3;8;13;8;2;6;3;1;1;Bien;Lettres;Général
COH2027-2131;21;35,8 %;11,2;6;9;6;0;5;1;1;1;Bien;Droit;Professionnel
COH2027-2132;20;61,5 %;24,4;4;11;9;3;6;4;3;3;Passable;Droit;Général
COH2027-2133;23;70,0 %;23,8;4;9;8;11;7;3;2;2;Assez bien;Psychologie;Général
COH2027-2134;22;69,1 %;27,8;8;12;10;3;7;3;2;3;Bien;Gestion;Général
COH2027-2135;19;30,4 %;21,4;8;12;8;0;5;3;1;1;Passable;Lettres;Général
COH2027-2136;17;63,7 %;39,2;3;13;11;3;6;;4;2;Assez bien;Biologie;Technologique
COH2027-2137;20;79,9 %;39,3;5;9;9;7;6;3;2;1;Assez bien;Lettres;Technologique
COH2027-2138;20;69,6 %;8,0;6;9;8;3;5;4;2;3;Assez bien;Informatique;Technologique
COH2027-2139;19;58,6 %;5,5;7;10;7;0;7;2;;;Bien;Mathématiques;Général
COH2027-2140;22;77,4 %;40,8;5;10;10;9;5;;4;4;Passable;Informatique;Technologique
COH2027-2141;22;47,9 %;28,4;6;12;11;3;5;3;1;2;Assez bien;Informatique;Général
COH2027-2142;18;53,2 %;16,3;6;11;9;4;6;1;1;3;Passable;Biologie;Professionnel
COH2027-2143;21;50,8 %;42,3;7;13;11;1;6;2;2;2;Bien;Informatique;Général
COH2027-2144;18;76,9 %;31,8;4;11;11;6;6;4;4;3;Assez bien;Lettres;Technologique
COH2027-2145;20;73,5 %;13,4;7;8;7;9;7;4;4;1;Passable;Informatique;Général
COH2027-2146;21;72,3 %;31,9;5;12;11;4;5;4;1;2;Assez bien;Psychologie;Général
COH2027-2147;18;54,3 %;18,1;9;12;11;2;7;1;3;1;;Gestion;Professionnel
COH2027-2148;18;49,7 %;17,4;8;10;8;4;6;2;3;2;;Informatique;Général
COH2027-2149;17;39,1 %;10,3;5;8;6;1;6;1;1;1;Passable;Informatique;Général
COH2027-2150;17;77,4 %;40,8;3;12;12;11;7;4;4;4;;Informatique;Technologique
COH2027-2151;18;68,5 %;32,1;4;8;7;7;5;3;2;1;;Informatique;Général
COH2027-2152;18;57,3 %;8,7;4;9;8;6;6;2;4;2;Bien;Informatique;Technologique
COH2027-2153;20;54,1 %;21,9;7;12;9;3;6;3;4;1;Très bien;Droit;Général
COH2027-2154;19;60,7 %;28,6;6;9;7;3;5;2;1;1;Bien;STAPS;Général
COH2027-2155;23;49,1 %;19,1;7;10;7;2;6;1;;1;Assez bien;Informatique;Professionnel
COH2027-2156;19;57,9 %;19,9;7;9;7;5;5;2;1;2;Passable;Psychologie;Technologique
COH2027-2157;20;51,2 %;9,8;8;10;8;1;5;2;1;1;Assez bien;Droit;Général
COH2027-2158;17;63,1 %;36,8;6;13;12;5;7;3;4;1;Assez bien;Informatique;Général
COH2027-2159;22;55,8 %;10,3;8;9;8;1;6;2;1;1;Bien;Droit;Technologique
COH2027-2160;18;49,5 %;25,4;7;11;7;1;6;1;2;1;Très bien;Biologie;Technologique
COH2027-2161;19;55,3 %;25,6;9;10;10;0;5;2;2;2;Assez bien;Mathématiques;Général
COH2027-2162;22;63,4 %;36,5;4;13;12;7;6;1;3;2;Passable;Lettres;Général
COH2027-2163;20;71,0 %;22,1;6;8;6;9;5;3;2;2;Assez bien;Informatique;Professionnel
COH2027-2164;21;49,4 %;14,7;9;10;10;3;5;1;4;2;Assez bien;Informatique;Général
COH2027-2165;20;56,3 %;43,0;7;9;7;5;5;4;3;2;Assez bien;Informatique;Général
COH2027-2166;19;65,5 %;20,9;7;9;8;5;5;1;;3;Passable;Informatique;Général
COH2027-2167;20;78,3 %;31,6;3;13;13;10;5;4;2;2;Passable;Informatique;Technologique
COH2027-2168;21;54,2 %;27,8;5;10;8;0;6;;3;4;Bien;Biologie;Général
COH2027-2169;23;56,5 %;22,8;8;11;8;4;5;1;3;2;Très bien;Informatique;Général
COH2027-2170;18;44,0 %;6,3;7;13;9;0;5;1;2;1;Passable;Lettres;Général
COH2027-2171;18;72,4 %;25,3;4;10;9;7;6;;4;2;Assez bien;Informatique;Professionnel
COH2027-2172;21;68,2 %;19,8;8;9;8;3;6;2;1;1;Bien;Informatique;Général
COH2027-2173;23;51,0 %;2,4;8;8;8;1;5;1;1;1;Passable;Lettres;Professionnel
COH2027-2174;21;59,4 %;18,6;7;11;7;0;6;1;1;1;Assez bien;Informatique;Technologique
COH2027-2175;18;46,8 %;12,3;5;11;8;1;5;1;1;1;Assez bien;Informatique;Technologique
COH2027-2176;19;44,9 %;22,2;6;8;6;2;7;;3;1;Passable;Lettres;Général
COH2027-2177;18;59,3 %;16,2;5;8;6;1;6;3;2;1;Assez bien;Psychologie;Technologique
COH2027-2178;21;46,7 %;16,1;6;8;6;1;7;1;1;2;Bien;Mathématiques;Général
COH2027-2179;18;55,8 %;50,5;6;8;6;5;5;1;2;;Passable;Informatique;Professionnel
COH2027-2180;18;52,9 %;14,2;8;9;8;3;6;2;2;3;Assez bien;Psychologie;Technologique
COH2027-2181;17;56,7 %;9,9;4;10;8;0;6;1;2;2;Assez bien;Informatique;Général
COH2027-2182;24;65,8 %;20,8;6;13;11;3;7;3;2;2;Passable;Mathématiques;Général
COH2027-2183;19;50,4 %;14,8;7;11;10;1;7;4;2;2;Assez bien;Informatique;Général
COH2027-2184;18;46,5 %;41,6;6;12;11;6;6;2;2;3;Passable;Droit;Technologique
COH2027-2185;20;61,3 %;22,8;5;9;7;8;5;4;4;4;Passable;Informatique;Général
COH2027-2186;21;62,3 %;27,2;5;9;9;7;6;3;2;2;Passable;Informatique;Technologique
COH2027-2187;19;43,6 %;17,4;9;12;9;4;6;1;1;1;Bien;Informatique;Professionnel
COH2027-2188;20;64,3 %;53,9;4;11;11;8;6;4;2;1;Passable;Droit;Général
COH2027-2189;20;55,3 %;37,3;5;9;8;11;6;4;;;Passable;Informatique;Général
COH2027-2190;20;60,4 %;27,4;5;12;11;1;5;4;3;4;Bien;Psychologie;Général
COH2027-2191;23;63,9 %;30,4;7;13;11;4;6;3;2;2;Assez bien;Biologie;Général
COH2027-2192;19;61,2 %;47,4;6;13;13;1;7;4;3;4;Très bien;Gestion;Général
COH2027-2193;22;35,4 %;0,1;2;11;2;1;6;1;2;1;Passable;Psychologie;Général
COH2027-2194;18;54,8 %;4,7;8;13;8;0;5;1;2;1;Assez bien;Informatique;Général
COH2027-2195;21;78,1 %;18,1;4;10;8;4;5;3;1;;Passable;Informatique;Technologique
COH2027-2196;18;70,4 %;29,2;6;11;9;6;6;;4;3;Bien;Droit;Général
COH2027-2197;19;66,3 %;38,1;4;11;9;2;5;1;2;1;Assez bien;Mathématiques;Général
COH2027-2198;17;68,5 %;44,5;5;10;9;5;5;3;3;4;Bien;Droit;Général
COH2027-2199;23;55,9 %;12,8;6;10;7;1;6;1;1;1;Bien;Gestion;Général
COH2027-2200;19;57,4 %;12,9;5;11;8;3;6;3;1;1;Bien;Psychologie;Général
COH2027-2201;18;78,3 %;56,4;4;11;10;7;6;3;2;;Passable;Informatique;Technologique
COH2027-2202;23;25,6 %;0,0;7;13;7;0;5;1;1;1;Assez bien;Informatique;Général
COH2027-2203;19;42,4 %;34,0;7;11;10;6;6;3;4;3;Assez bien;Informatique;Général
COH2027-2204;19;64,8 %;23,4;5;10;10;5;5;3;2;;Passable;Informatique;Général
COH2027-2205;18;58,1 %;19,8;6;9;7;4;7;2;;3;Bien;Gestion;Professionnel
COH2027-2206;18;53,6 %;25,3;5;13;11;2;5;2;4;3;Bien;Informatique;Général
COH2027-2207;18;60,9 %;15,8;5;12;11;1;5;2;2;1;Passable;Mathématiques;Général
COH2027-2208;18;54,5 %;27,0;4;11;11;2;5;2;2;2;Passable;Gestion;Technologique
COH2027-2209;19;53,1 %;16,1;4;11;7;4;6;3;2;4;Assez bien;Informatique;Général
COH2027-2210;20;40,3 %;20,6;8;12;8;0;7;1;3;1;Passable;Psychologie;Général
COH2027-2211;20;61,0 %;41,1;5;10;10;5;6;2;3;3;Bien;Informatique;Technologique
COH2027-2212;20;67,2 %;26,4;5;8;7;4;7;2;3;3;Assez bien;Mathématiques;Technologique
COH2027-2213;21;42,2 %;27,4;6;8;6;1;6;1;3;;Assez bien;Lettres;Général
COH2027-2214;19;68,1 %;36,4;7;13;13;3;6;4;2;;Bien;Informatique;Général
COH2027-2215;20;61,5 %;24,4;4;11;9;3;6;4;3;3;Passable;Informatique;Général
COH2027-2216;18;61,2 %;35,5;7;9;8;2;7;2;2;1;Assez bien;STAPS;Technologique
COH2027-2217;18;44,4 %;14,9;8;11;8;2;6;3;3;1;Bien;Lettres;Général
COH2027-2218;19;47,3 %;12,9;6;11;6;1;5;1;1;1;Passable;Droit;Général
COH2027-2219;18;52,1 %;27,6;7;9;7;1;5;2;2;1;Passable;Informatique;Technologique
COH2027-2220;21;40,0 %;22,4;8;11;11;2;5;3;1;;;Informatique;Général
COH2027-2221;19;78,9 %;57,8;3;9;9;9;6;4;;3;Bien;Biologie;Général
COH2027-2222;18;57,0 %;19,6;6;9;7;4;5;2;;2;Passable;Informatique;Professionnel
COH2027-2223;20;70,8 %;23,6;6;10;7;1;5;3;2;1;Passable;Lettres;Général
COH2027-2224;24;32,9 %;1,4;8;11;8;0;6;2;2;2;Bien;Informatique;Général
COH2027-2225;18;60,9 %;15,8;5;12;11;1;5;2;2;1;Passable;Mathématiques;Général
COH2027-2226;19;53,4 %;7,8;8;12;9;2;5;1;1;2;Bien;Informatique;Technologique
COH2027-2227;20;43,2 %;9,7;8;10;8;2;6;2;4;2;Passable;Informatique;Général
COH2027-2228;18;55,9 %;1,9;7;12;7;0;5;1;1;2;Bien;Informatique;Technologique
COH2027-2229;18;42,0 %;16,5;5;8;5;5;6;2;2;1;Assez bien;Informatique;Général
COH2027-2230;17;73,1 %;22,9;7;11;11;4;6;2;4;3;Bien;Informatique;Général
COH2027-2231;21;57,8 %;19,9;5;13;12;7;6;2;4;2;Bien;Gestion;Professionnel
COH2027-2232;19;48,1 %;24,7;7;12;10;6;6;4;1;1;Assez bien;Mathématiques;Général
COH2027-2233;17;40,4 %;0,1;5;10;5;0;6;2;2;2;;Droit;Général
COH2027-2234;20;49,4 %;23,6;4;8;6;3;5;2;2;3;Très bien;STAPS;Général
COH2027-2235;22;46,6 %;20,6;6;12;6;3;5;2;2;1;Assez bien;Lettres;Général
COH2027-2236;21;68,0 %;32,0;10;13;11;4;6;3;1;1;Assez bien;Informatique;Général
COH2027-2237;18;70,1 %;7,7;4;11;9;6;6;1;1;4;Bien;Informatique;Général
COH2027-2238;21;42,1 %;21,4;7;9;7;0;6;2;1;1;Bien;Biologie;Général
COH2027-2239;20;72,7 %;39,5;4;13;13;12;6;4;3;;Assez bien;Biologie;Général
COH2027-2240;20;54,2 %;11,6;5;11;8;3;6;2;3;1;Passable;Informatique;Général
COH2027-2241;18;68,0 %;26,8;7;12;10;2;5;3;1;3;Bien;Informatique;Général
COH2027-2242;19;70,9 %;27,2;6;10;8;9;6;3;4;1;Passable;Mathématiques;Général
COH2027-2243;18;63,4 %;37,0;8;10;8;2;5;2;2;1;Passable;Informatique;Général
COH2027-2244;18;54,0 %;18,8;7;9;7;1;6;1;2;;Assez bien;Informatique;Général
COH2027-2245;19;69,8 %;12,4;7;8;8;5;6;3;3;3;Bien;Gestion;Professionnel
COH2027-2246;22;19,5 %;2,1;0;9;0;0;5;1;1;1;Bien;Informatique;Général
COH2027-2247;21;62,6 %;31,1;4;13;13;10;5;4;;4;Passable;Droit;Général
COH2027-2248;19;67,5 %;24,6;3;10;10;7;6;3;2;4;Très bien;Lettres;Général
COH2027-2249;18;71,5 %;29,2;8;13;12;10;5;4;3;2;Assez bien;Informatique;Général
COH2027-2250;21;45,3 %;5,3;5;10;5;0;6;2;2;2;Passable;Psychologie;Général
COH2027-2251;19;61,0 %;20,9;7;10;10;3;6;2;3;3;;Informatique;Professionnel
COH2027-2252;20;65,3 %;8,0;5;12;12;2;7;4;3;1;Bien;Informatique;Général
COH2027-2253;20;62,7 %;25,4;5;11;11;8;6;4;1;2;Bien;Mathématiques;Général
COH2027-2254;18;54,9 %;18,2;7;12;9;0;6;1;1;1;Passable;Informatique;Général
COH2027-2255;19;38,9 %;4,8;6;12;9;3;6;3;1;1;;Informatique;Général
COH2027-2256;20;34,8 %;2,3;7;11;7;0;6;1;2;1;Assez bien;Psychologie;Général
COH2027-2257;20;66,7 %;15,6;6;8;6;5;6;;3;3;;Mathématiques;Professionnel
COH2027-2258;18;56,0 %;27,9;3;8;6;1;6;1;2;;Passable;Psychologie;Général
COH2027-2259;19;55,3 %;25,6;9;10;10;0;5;2;2;2;Assez bien;Informatique;Général
COH2027-2260;21;24,3 %;18,5;5;9;6;2;6;1;1;1;Assez bien;Droit;Technologique
COH2027-2261;22;48,9 %;28,4;5;10;5;0;5;2;2;1;Bien;STAPS;Général
COH2027-2262;20;72,1 %;15,0;6;11;10;7;7;4;1;1;Bien;STAPS;Général
COH2027-2263;20;64,5 %;30,1;5;9;9;4;7;3;3;2;Passable;Informatique;Général
COH2027-2264;24;61,9 %;7,4;5;8;5;3;5;2;2;3;Assez bien;Gestion;Professionnel
COH2027-2265;18;68,0 %;26,8;7;12;10;2;5;3;1;3;Bien;Informatique;Général
COH2027-2266;17;45,5 %;1,7;5;9;5;0;6;1;1;1;Passable;Informatique;Technologique
COH2027-2267;21;50,6 %;19,1;10;12;10;4;7;3;2;1;Bien;STAPS;Général
COH2027-2268;19;52,7 %;49,8;8;9;8;3;7;2;2;1;Passable;Informatique;Technologique
COH2027-2269;21;52,5 %;9,1;8;11;8;1;7;1;1;3;Assez bien;Informatique;Technologique
COH2027-2270;18;72,4 %;25,3;4;10;9;7;6;;4;2;Assez bien;Droit;Professionnel
COH2027-2271;17;44,5 %;8,8;6;10;6;3;7;2;4;2;;Informatique;Général
COH2027-2272;21;60,6 %;19,9;8;12;8;0;6;3;2;1;Bien;Informatique;Général
COH2027-2273;19;55,8 %;23,0;6;11;10;1;5;4;3;1;Très bien;Psychologie;Général
COH2027-2274;25;51,1 %;24,9;7;12;9;5;6;2;;2;Assez bien;Droit;Professionnel
COH2027-2275;18;57,0 %;30,8;5;8;5;2;6;4;3;3;Assez bien;Informatique;Général
COH2027-2276;18;55,7 %;30,1;8;10;8;0;5;3;;1;Assez bien;Lettres;Technologique
COH2027-2277;20;75,3 %;49,6;4;8;8;9;7;4;2;;Très bien;Informatique;Général
COH2027-2278;21;31,1 %;0,1;7;12;7;1;5;1;2;2;Assez bien;Psychologie;Technologique
COH2027-2279;21;60,1 %;31,4;7;9;8;3;5;3;;3;Assez bien;Informatique;Général
COH2027-2280;23;55,9 %;12,8;6;10;7;1;6;1;1;1;Bien;Informatique;Général
COH2027-2281;18;48,5 %;7,2;6;8;6;0;6;2;2;1;Assez bien;Psychologie;Technologique
COH2027-2282;21;53,5 %;18,1;6;9;6;1;7;2;1;1;Passable;Lettres;Technologique
COH2027-2283;19;61,0 %;46,9;5;13;13;7;5;3;3;3;Passable;Psychologie;Général
COH2027-2284;18;46,8 %;18,6;5;10;5;0;6;1;1;1;Passable;Informatique;Général
COH2027-2285;20;59,6 %;16,0;7;10;7;2;7;1;1;2;Passable;Informatique;Professionnel
COH2027-2286;24;75,7 %;21,1;6;12;12;3;6;3;2;;Assez bien;Informatique;Professionnel
COH2027-2287;22;57,1 %;6,9;8;12;8;0;7;2;2;1;Très bien;Informatique;Général
COH2027-2288;17;58,5 %;24,1;6;8;6;6;7;;3;2;Passable;Psychologie;Général
COH2027-2289;19;48,3 %;1,4;5;9;5;1;6;1;1;2;Passable;Psychologie;Général
COH2027-2290;20;58,0 %;14,3;6;8;6;6;7;2;4;1;Bien;Droit;Professionnel
COH2027-2291;19;63,5 %;9,5;6;8;7;2;6;1;1;1;Assez bien;Informatique;Général
COH2027-2292;19;35,9 %;7,0;5;8;5;0;5;3;1;;Très bien;Informatique;Technologique
COH2027-2293;18;71,7 %;14,1;7;11;7;1;6;2;1;1;Passable;Biologie;Professionnel
COH2027-2294;20;56,2 %;47,2;6;12;10;4;6;2;3;1;Passable;STAPS;Professionnel
COH2027-2295;18;66,5 %;32,6;5;13;13;7;6;4;4;2;;Informatique;Général
COH2027-2296;19;59,6 %;40,6;7;10;9;1;5;2;3;1;Assez bien;Droit;Technologique
COH2027-2297;18;65,7 %;57,8;5;10;10;4;6;3;4;2;Bien;Informatique;Technologique
COH2027-2298;20;77,7 %;46,2;6;9;9;3;6;3;4;2;Passable;Biologie;Général
COH2027-2299;18;62,2 %;15,2;3;10;9;1;5;2;3;3;Passable;Informatique;Général
COH2027-2300;19;52,8 %;21,4;6;9;6;3;6;2;2;2;Bien;Psychologie;Général
COH2027-2301;21;78,0 %;64,1;3;10;10;8;6;4;4;4;Bien;Informatique;Technologique
COH2027-2302;19;51,7 %;21,8;5;8;7;3;6;3;2;1;Assez bien;Informatique;Professionnel
COH2027-2303;18;44,4 %;9,6;6;9;6;0;7;1;2;1;Passable;Informatique;Professionnel
COH2027-2304;21;62,0 %;15,8;5;9;8;1;5;4;3;1;Passable;Gestion;Général
COH2027-2305;18;59,4 %;22,8;6;8;6;1;6;2;2;1;Passable;Informatique;Général
COH2027-2306;21;62,8 %;18,9;8;12;10;6;7;4;2;3;Passable;Informatique;Général
COH2027-2307;18;45,7 %;25,4;5;8;6;3;5;3;1;2;Bien;Informatique;Général
COH2027-2308;22;51,9 %;7,0;6;9;8;4;6;4;3;2;Assez bien;Psychologie;Général
COH2027-2309;21;49,3 %;12,9;6;9;6;0;6;2;2;2;Bien;Droit;Technologique
COH2027-2310;17;51,7 %;23,6;8;11;9;4;6;2;4;1;Assez bien;Gestion;Technologique
COH2027-2311;23;56,4 %;28,1;3;11;9;0;5;3;;2;;Droit;Général
COH2027-2312;19;68,6 %;26,9;6;11;10;3;6;3;3;2;Passable;Mathématiques;Général
COH2027-2313;22;40,1 %;32,7;9;10;9;2;6;2;3;1;Passable;STAPS;Technologique
COH2027-2314;23;69,1 %;28,0;3;8;8;8;6;3;2;3;Bien;Informatique;Technologique
COH2027-2315;25;49,8 %;22,3;4;11;8;3;5;1;2;3;Assez bien;Informatique;Général
COH2027-2316;24;72,2 %;20,0;6;10;10;9;6;3;4;3;Passable;Psychologie;Technologique
COH2027-2317;20;64,7 %;47,0;3;10;10;2;6;3;4;;Très bien;Gestion;Général
COH2027-2318;21;49,3 %;24,7;9;11;11;3;7;4;2;1;Assez bien;Informatique;Général
COH2027-2319;20;29,2 %;3,1;4;8;4;1;6;1;2;1;Assez bien;Informatique;Général
COH2027-2320;21;68,3 %;27,1;7;9;7;5;5;4;3;2;Assez bien;Informatique;Technologique
COH2027-2321;17;65,7 %;14,2;8;9;8;2;6;2;4;1;Bien;Informatique;Général
COH2027-2322;18;46,6 %;6,1;5;8;5;2;6;1;1;2;Passable;Biologie;Général
COH2027-2323;22;42,2 %;17,2;11;13;13;4;6;2;4;1;Bien;Informatique;Professionnel
COH2027-2324;18;58,8 %;13,0;8;13;9;5;5;1;3;3;Bien;Biologie;Technologique
COH2027-2325;18;74,8 %;21,2;5;12;11;4;5;3;1;4;Passable;Biologie;Général
COH2027-2326;21;58,3 %;40,8;6;8;6;3;6;1;2;1;Assez bien;Informatique;Technologique
COH2027-2327;19;66,1 %;21,9;7;9;9;6;5;3;2;2;Passable;Informatique;Général
COH2027-2328;21;57,7 %;11,8;3;10;7;5;7;2;2;3;;Mathématiques;Général
COH2027-2329;19;53,8 %;29,0;7;12;10;7;6;1;;1;Assez bien;Psychologie;Général
COH2027-2330;21;76,6 %;34,1;3;12;12;10;5;4;4;3;;STAPS;Général
COH2027-2331;18;63,8 %;18,8;3;11;8;3;5;2;2;2;Bien;Gestion;Technologique
COH2027-2332;20;67,2 %;27,5;7;9;8;6;5;4;1;3;Passable;Informatique;Général
COH2027-2333;18;55,9 %;21,7;6;11;11;6;5;4;;2;Très bien;Gestion;Technologique
COH2027-2334;23;54,3 %;17,6;8;10;8;2;6;3;2;2;Assez bien;Informatique;Général
COH2027-2335;21;60,9 %;10,1;6;11;11;2;5;3;1;;Assez bien;Gestion;Général
COH2027-2336;24;75,7 %;21,1;6;12;12;3;6;3;2;;Assez bien;Gestion;Professionnel
COH2027-2337;22;25,9 %;9,1;6;8;6;0;5;1;1;1;Assez bien;STAPS;Technologique
COH2027-2338;24;58,7 %;30,9;7;10;10;3;5;3;3;1;Passable;Psychologie;Technologique
COH2027-2339;18;69,0 %;15,7;8;13;9;3;6;1;1;2;Passable;Informatique;Général
COH2027-2340;20;50,1 %;28,9;6;10;6;1;6;1;2;1;Assez bien;Biologie;Général
COH2027-2341;20;61,6 %;21,3;6;10;9;4;6;2;3;3;Passable;STAPS;Technologique
COH2027-2342;19;61,7 %;38,2;4;10;10;12;5;4;2;2;Assez bien;Informatique;Général
COH2027-2343;18;59,4 %;22,8;6;8;6;1;6;2;2;1;Passable;Droit;Général
COH2027-2344;21;61,5 %;7,0;7;11;7;0;6;1;2;1;;Gestion;Technologique
COH2027-2345;19;52,4 %;18,0;6;9;6;0;5;1;1;1;Bien;Gestion;Général
COH2027-2346;22;68,9 %;17,4;5;11;10;3;6;3;4;2;Très bien;Gestion;Général
COH2027-2347;17;67,4 %;32,8;4;9;9;5;5;4;2;3;Passable;Gestion;Général
COH2027-2348;17;47,3 %;12,1;7;9;7;1;5;3;1;2;Assez bien;Informatique;Général
COH2027-2349;22;41,6 %;5,0;7;9;7;1;7;1;1;1;;Informatique;Technologique
COH2027-2350;19;57,4 %;12,8;7;10;8;7;6;3;3;3;Passable;Gestion;Général
COH2027-2351;21;55,2 %;25,1;6;11;7;4;6;4;2;2;Assez bien;Gestion;Général
COH2027-2352;17;59,9 %;37,0;5;8;7;9;5;2;3;3;Bien;Informatique;Général
COH2027-2353;17;58,8 %;16,6;5;13;10;3;6;2;1;;;Mathématiques;Professionnel
COH2027-2354;20;58,0 %;50,4;5;8;8;3;6;3;4;4;Assez bien;Informatique;Général
COH2027-2355;19;66,2 %;20,2;4;8;6;8;6;;3;2;Assez bien;Informatique;Général
COH2027-2356;18;54,6 %;20,6;7;12;9;3;5;3;3;3;Bien;Informatique;Général
COH2027-2357;23;61,9 %;21,2;4;12;7;4;6;;;1;Passable;Informatique;Général
COH2027-2358;22;67,5 %;35,9;4;13;12;2;7;3;2;3;Assez bien;Mathématiques;Technologique
COH2027-2359;20;79,4 %;44,5;4;10;10;9;6;4;4;3;Passable;Informatique;Professionnel
COH2027-2360;20;50,6 %;30,6;9;12;9;5;6;3;3;3;Très bien;Informatique;Général
COH2027-2361;19;72,7 %;27,9;7;10;10;10;6;3;3;4;Très bien;Informatique;Général
COH2027-2362;21;58,0 %;25,3;6;10;8;1;6;2;1;2;Assez bien;Psychologie;Général
COH2027-2363;20;58,5 %;21,1;6;8;6;6;6;1;2;1;Passable;Gestion;Général
COH2027-2364;19;73,2 %;24,9;3;10;10;7;7;4;4;1;Passable;Droit;Général
COH2027-2365;24;54,4 %;17,4;3;9;7;4;6;2;;2;Assez bien;Informatique;Professionnel
COH2027-2366;18;34,4 %;18,4;8;11;8;0;6;1;1;2;Passable;Informatique;Général
COH2027-2367;19;70,4 %;23,4;5;10;7;2;5;1;4;3;Passable;Lettres;Général
COH2027-2368;18;68,0 %;23,1;6;11;10;5;6;2;2;1;Bien;Biologie;Général
COH2027-2369;18;42,9 %;22,6;9;12;9;2;5;2;2;1;Assez bien;Informatique;Général
COH2027-2370;19;57,0 %;11,3;7;11;7;3;6;3;2;1;Assez bien;Informatique;Général
COH2027-2371;23;78,4 %;22,6;5;10;10;7;5;4;2;4;Assez bien;Lettres;Général
COH2027-2372;18;69,2 %;20,2;8;12;11;2;6;2;2;3;Assez bien;Informatique;Professionnel
COH2027-2373;21;50,7 %;17,9;5;8;6;1;6;2;4;;Assez bien;Biologie;Technologique
COH2027-2374;20;70,9 %;30,6;3;11;9;7;7;4;4;2;Passable;Informatique;Général
COH2027-2375;19;55,4 %;31,8;7;12;11;1;6;3;1;2;Très bien;Biologie;Général
COH2027-2376;21;57,2 %;20,9;8;11;8;0;7;2;2;1;Passable;Biologie;Professionnel
COH2027-2377;19;58,6 %;14,1;6;8;6;1;7;1;1;1;Passable;Informatique;Professionnel
COH2027-2378;19;49,7 %;7,0;8;13;10;1;6;2;2;1;Passable;Gestion;Technologique
COH2027-2379;20;62,7 %;33,8;6;8;7;4;5;2;2;1;Assez bien;Informatique;Technologique
COH2027-2380;18;55,7 %;11,9;6;8;6;1;5;;2;1;Bien;Droit;Général
COH2027-2381;20;60,7 %;20,1;8;13;9;1;6;;1;4;Bien;Informatique;Technologique
COH2027-2382;23;69,1 %;28,0;3;8;8;8;6;3;2;3;Bien;Informatique;Technologique
COH2027-2383;18;39,0 %;3,2;8;13;8;0;6;1;1;1;Assez bien;Gestion;Général
COH2027-2384;20;53,6 %;20,6;6;8;8;3;7;2;4;3;Passable;Mathématiques;Professionnel
COH2027-2385;20;66,9 %;29,2;4;12;11;9;5;1;3;2;Passable;Informatique;Professionnel
COH2027-2386;20;76,8 %;15,6;6;13;12;4;7;3;2;2;Très bien;Informatique;Général
COH2027-2387;23;69,1 %;28,0;3;8;8;8;6;3;2;3;Bien;Informatique;Technologique
COH2027-2388;21;56,9 %;25,7;7;9;7;4;5;2;3;1;Très bien;Informatique;Général
COH2027-2389;18;53,1 %;48,9;8;11;8;2;5;2;3;;Bien;Informatique;Technologique
COH2027-2390;24;48,7 %;33,3;7;13;10;1;6;3;2;2;Passable;Gestion;Général
COH2027-2391;20;40,7 %;16,1;7;13;7;0;6;1;1;3;Passable;Mathématiques;Général
COH2027-2392;17;76,8 %;25,8;8;8;8;12;6;4;3;2;Très bien;Informatique;Général
COH2027-2393;19;72,8 %;45,0;3;9;8;4;5;4;3;3;Très bien;Droit;Général
COH2027-2394;23;58,0 %;33,4;3;9;8;7;5;3;3;3;Assez bien;Psychologie;Technologique
COH2027-2395;20;78,6 %;58,1;5;12;12;3;7;2;1;2;Passable;Informatique;Professionnel
COH2027-2396;17;51,6 %;41,4;6;13;13;2;7;3;3;2;Assez bien;Informatique;Général
COH2027-2397;18;48,3 %;27,2;9;12;12;3;6;3;2;1;Assez bien;Informatique;Technologique
COH2027-2398;18;74,3 %;41,5;4;8;8;5;6;3;4;4;Passable;Psychologie;Général
COH2027-2399;20;39,2 %;10,2;5;13;12;6;6;1;3;1;Assez bien;Gestion;Professionnel
COH2027-2400;19;66,6 %;3,1;7;13;11;2;7;3;1;1;Assez bien;Informatique;Général
COH2027-2401;18;64,7 %;9,8;9;11;9;2;7;;3;1;Passable;Gestion;Technologique
COH2027-2402;20;50,5 %;25,6;6;9;8;6;6;2;;1;Passable;Informatique;Technologique
COH2027-2403;23;52,7 %;17,7;6;8;6;1;5;1;;1;Passable;Informatique;Général
COH2027-2404;19;73,2 %;24,9;3;10;10;7;7;4;4;1;Passable;Informatique;Général
COH2027-2405;18;47,0 %;19,0;7;10;7;1;6;4;1;1;Assez bien;Psychologie;Général
COH2027-2406;18;63,0 %;17,2;6;11;9;6;6;2;2;;Bien;Biologie;Technologique
COH2027-2407;19;66,4 %;40,9;5;11;11;3;5;4;3;2;Passable;Gestion;Général
COH2027-2408;18;49,3 %;4,5;7;8;8;0;5;2;2;1;Passable;Droit;Général
COH2027-2409;22;56,9 %;58,3;5;10;9;3;5;2;1;2;Passable;Informatique;Technologique
COH2027-2410;20;50,4 %;17,1;7;9;7;0;5;1;2;1;Passable;Informatique;Général
COH2027-2411;19;78,2 %;34,6;4;10;9;9;6;4;3;1;Passable;Informatique;Professionnel
COH2027-2412;18;66,1 %;27,0;5;8;5;6;6;1;3;1;Passable;Droit;Professionnel
COH2027-2413;21;74,0 %;31,4;7;12;11;5;7;3;3;2;Assez bien;Informatique;Général
COH2027-2414;18;56,3 %;15,0;5;11;10;3;6;2;1;2;Bien;Informatique;Technologique
COH2027-2415;18;54,7 %;27,4;4;11;8;0;6;2;3;2;Assez bien;Informatique;Professionnel
COH2027-2416;19;49,1 %;7,2;5;10;6;1;6;2;2;1;Assez bien;Biologie;Général
COH2027-2417;19;44,0 %;0,1;10;13;10;1;5;1;2;1;Passable;Informatique;Technologique
COH2027-2418;20;69,3 %;22,6;4;10;10;7;6;;4;3;Assez bien;Informatique;Général
COH2027-2419;20;60,7 %;11,3;3;11;10;2;7;4;3;2;Assez bien;Biologie;Général
COH2027-2420;21;56,9 %;12,5;7;13;12;5;6;2;1;3;Assez bien;Biologie;Général
COH2027-2421;23;79,5 %;23,7;7;10;10;4;6;1;2;2;Passable;Biologie;Général
COH2027-2422;23;74,1 %;43,0;5;10;10;6;5;4;2;2;Assez bien;Informatique;Général
COH2027-2423;23;70,0 %;21,8;5;10;7;2;6;3;3;2;Passable;Gestion;Général
COH2027-2424;21;37,9 %;4,8;7;12;7;0;5;1;1;3;Bien;Informatique;Général
COH2027-2425;17;60,9 %;2,8;8;12;9;0;7;1;2;3;Passable;Gestion;Général
COH2027-2426;20;20,5 %;9,7;9;13;9;1;6;1;2;2;Passable;Informatique;Général
COH2027-2427;20;72,2 %;16,0;4;11;10;6;6;4;4;2;Passable;Informatique;Général
COH2027-2428;20;38,8 %;25,9;7;12;7;0;6;;1;2;Passable;Droit;Technologique
COH2027-2429;21;79,5 %;53,9;5;9;8;3;6;4;2;3;Assez bien;Informatique;Professionnel
COH2027-2430;18;55,1 %;24,4;7;11;7;3;5;3;2;;Passable;Psychologie;Général
COH2027-2431;18;66,1 %;15,3;7;9;7;1;6;;3;1;Passable;Informatique;Général
COH2027-2432;23;50,3 %;30,4;6;9;7;3;7;2;1;2;Assez bien;Informatique;Général
COH2027-2433;22;57,0 %;36,7;6;11;9;3;6;3;4;1;Bien;Informatique;Général
COH2027-2434;22;46,1 %;40,8;7;9;7;1;7;1;1;1;Assez bien;Informatique;Technologique
COH2027-2435;21;56,7 %;25,1;8;13;10;3;5;;2;1;Assez bien;STAPS;Technologique
COH2027-2436;18;52,6 %;7,9;4;8;6;1;6;2;;1;Passable;Informatique;Professionnel
COH2027-2437;17;33,0 %;0,0;5;12;8;0;6;2;2;1;Passable;Psychologie;Professionnel
COH2027-2438;22;22,3 %;15,7;9;13;9;0;5;1;1;;Bien;Informatique;Technologique
COH2027-2439;22;60,3 %;29,6;5;12;12;8;6;3;2;;Bien;Lettres;Général
COH2027-2440;20;63,3 %;41,1;6;9;8;5;7;3;;4;Assez bien;Informatique;Technologique
COH2027-2441;20;50,5 %;16,9;6;12;12;2;6;1;2;2;Assez bien;Lettres;Général
COH2027-2442;20;78,5 %;28,4;6;10;8;5;6;;3;1;Bien;Gestion;Technologique
COH2027-2443;19;52,2 %;32,5;8;11;8;6;6;2;2;2;Bien;Informatique;Général
COH2027-2444;18;43,9 %;9,7;7;11;8;0;5;2;1;2;Assez bien;Informatique;Général
COH2027-2445;18;39,4 %;0,9;5;9;5;1;6;1;1;2;Assez bien;Informatique;Technologique
COH2027-2446;18;69,6 %;41,3;7;9;7;4;6;4;;1;Très bien;Informatique;Professionnel
COH2027-2447;21;53,7 %;26,2;8;11;10;1;6;1;2;2;Assez bien;Informatique;Général
COH2027-2448;22;65,9 %;18,0;7;11;7;5;6;2;3;2;Passable;Informatique;Général
COH2027-2449;18;59,0 %;45,9;5;8;8;5;5;3;3;1;Bien;Informatique;Général
COH2027-2450;20;47,0 %;26,8;8;11;8;2;6;2;2;1;Bien;Lettres;Technologique
COH2027-2451;19;59,5 %;25,4;7;12;10;2;6;1;1;3;Passable;Gestion;Général
COH2027-2452;18;78,0 %;44,5;3;13;12;12;6;3;2;3;Passable;Informatique;Technologique
COH2027-2453;21;37,9 %;7,3;5;8;5;0;7;1;1;1;;Informatique;Professionnel
COH2027-2454;19;60,9 %;27,4;6;11;11;3;5;;1;1;Passable;Informatique;Général
COH2027-2455;19;47,4 %;21,1;6;10;8;0;6;2;2;1;Assez bien;Biologie;Professionnel
COH2027-2456;19;52,4 %;18,0;6;9;6;0;5;1;1;1;Bien;Informatique;Général
COH2027-2457;22;53,4 %;11,6;3;8;8;4;6;3;2;1;Assez bien;STAPS;Professionnel
COH2027-2458;24;56,3 %;22,9;6;12;11;4;7;2;2;1;Assez bien;Informatique;Général
COH2027-2459;19;60,4 %;29,4;6;8;6;1;6;;2;3;Assez bien;Informatique;Général
COH2027-2460;18;64,0 %;18,0;4;12;11;7;5;4;3;2;Passable;Informatique;Technologique
COH2027-2461;22;42,2 %;17,2;11;13;13;4;6;2;4;1;Bien;Biologie;Professionnel
COH2027-2462;18;49,4 %;19,4;7;13;10;5;7;3;;4;Assez bien;Informatique;Général
COH2027-2463;21;61,2 %;23,9;7;8;7;3;5;3;3;2;Assez bien;Gestion;Général
COH2027-2464;25;35,9 %;18,8;6;13;7;1;5;1;2;1;Passable;Gestion;Général
COH2027-2465;20;71,9 %;19,4;6;10;6;1;7;2;2;2;Assez bien;Informatique;Technologique
COH2027-2466;24;40,1 %;28,0;7;11;8;5;6;4;4;1;Assez bien;Mathématiques;Général
COH2027-2467;18;57,9 %;14,7;4;13;12;4;5;3;4;3;Assez bien;Informatique;Général
COH2027-2468;17;62,6 %;12,7;7;13;11;1;7;2;;1;Passable;Informatique;Général
COH2027-2469;19;30,7 %;0,5;5;8;5;0;7;1;2;1;Bien;Psychologie;Technologique
COH2027-2470;19;61,5 %;16,2;4;13;13;4;6;3;2;3;Passable;Lettres;Général
COH2027-2471;21;69,9 %;9,1;7;9;7;5;5;2;1;2;Bien;Mathématiques;Général
COH2027-2472;18;76,0 %;29,2;5;8;8;6;7;2;;1;;Droit;Technologique
COH2027-2473;24;53,1 %;26,8;5;9;7;3;5;2;3;4;Assez bien;Informatique;Professionnel
COH2027-2474;22;59,9 %;15,8;9;9;9;5;7;3;4;2;Assez bien;Mathématiques;Technologique
COH2027-2475;18;51,8 %;33,9;7;9;7;1;6;3;1;1;Passable;Informatique;Général
COH2027-2476;19;41,4 %;15,4;7;10;7;0;5;3;1;3;Passable;Informatique;Général
COH2027-2477;18;54,3 %;18,1;9;12;11;2;7;1;3;1;;Informatique;Professionnel
COH2027-2478;22;68,4 %;9,2;6;8;6;3;6;1;2;1;Assez bien;Informatique;Général
COH2027-2479;19;63,8 %;16,2;6;10;7;3;6;3;3;;Passable;Mathématiques;Général
COH2027-2480;20;66,9 %;20,8;6;12;12;8;5;3;3;3;Bien;Informatique;Technologique
COH2027-2481;18;39,0 %;3,2;8;13;8;0;6;1;1;1;Assez bien;Informatique;Général
COH2027-2482;19;78,7 %;26,9;4;11;11;6;7;4;3;2;Très bien;Informatique;Général
COH2027-2483;19;64,5 %;45,4;7;9;9;11;6;4;2;2;Assez bien;Biologie;Général
COH2027-2484;18;70,6 %;34,0;5;8;8;9;6;3;4;2;Assez bien;Droit;Technologique
COH2027-2485;20;61,9 %;26,8;7;9;9;5;6;4;4;1;Passable;Informatique;Général
COH2027-2486;23;40,4 %;23,1;7;10;7;1;5;1;1;2;Passable;Informatique;Professionnel
COH2027-2487;22;57,5 %;17,1;10;12;12;6;5;2;3;1;Passable;Gestion;Professionnel
COH2027-2488;17;64,1 %;12,3;7;8;8;7;6;3;2;1;Très bien;Psychologie;Technologique
COH2027-2489;19;66,4 %;40,9;5;11;11;3;5;4;3;2;Passable;Informatique;Général
COH2027-2490;19;48,7 %;23,1;9;11;9;5;6;3;;3;Passable;Gestion;Général
COH2027-2491;21;53,1 %;16,0;6;9;6;1;6;2;4;1;Bien;Informatique;Général
COH2027-2492;20;70,9 %;30,6;3;11;9;7;7;4;4;2;Passable;Informatique;Général
COH2027-2493;21;48,7 %;14,4;5;8;5;1;6;;2;2;;Biologie;Professionnel
COH2027-2494;19;77,0 %;48,9;5;8;8;7;6;4;3;3;Très bien;Informatique;Professionnel
COH2027-2495;23;58,0 %;21,6;3;13;10;6;6;2;3;4;Assez bien;Informatique;Général
COH2027-2496;20;51,9 %;29,9;8;9;8;6;6;4;;1;Assez bien;Informatique;Général
COH2027-2497;18;72,1 %;49,9;7;10;7;4;6;3;2;2;Passable;Informatique;Professionnel
COH2027-2498;18;43,7 %;16,4;9;11;9;3;7;3;2;2;Bien;Informatique;Général
COH2027-2499;18;63,8 %;14,6;9;12;12;6;6;4;4;3;Passable;Informatique;Général
COH2027-2500;21;47,8 %;19,4;7;9;7;3;5;2;2;;Très bien;Gestion;Technologique
COH2027-2501;18;73,2 %;18,6;6;10;8;4;6;2;2;2;Très bien;Informatique;Général
COH2027-2502;17;76,3 %;13,2;4;11;11;4;5;2;2;;;Informatique;Professionnel
COH2027-2503;19;61,0 %;34,4;7;11;10;5;6;3;3;2;Passable;STAPS;Général
COH2027-2504;22;65,9 %;20,4;5;9;5;4;6;4;4;2;Bien;Gestion;Général
COH2027-2505;17;64,7 %;23,4;5;8;7;4;6;2;3;3;Assez bien;Gestion;Technologique
COH2027-2506;19;58,1 %;26,9;7;10;7;3;7;2;1;2;Bien;Gestion;Général
COH2027-2507;21;79,0 %;29,4;6;13;9;8;6;3;4;2;Passable;Droit;Professionnel
COH2027-2508;19;49,8 %;12,2;5;8;8;3;6;3;1;3;Bien;Mathématiques;Général
COH2027-2509;21;42,3 %;8,4;7;9;7;0;6;1;3;1;Passable;Informatique;Général
COH2027-2510;20;69,8 %;32,2;4;9;8;6;6;3;4;4;Passable;STAPS;Professionnel
COH2027-2511;21;61,5 %;41,5;4;10;10;4;5;4;3;1;;Informatique;Professionnel
COH2027-2512;18;45,8 %;37,6;5;13;9;4;6;2;1;;Très bien;Informatique;Général
COH2027-2513;19;79,4 %;70,2;3;9;9;5;6;;3;2;Assez bien;Informatique;Général
COH2027-2514;18;62,8 %;37,0;4;8;7;6;6;3;3;3;Bien;Gestion;Général
COH2027-2515;20;55,0 %;17,4;7;9;7;3;6;2;1;;Assez bien;Mathématiques;Général
COH2027-2516;18;43,4 %;26,0;5;9;6;1;5;1;2;3;Bien;Informatique;Professionnel
COH2027-2517;19;54,0 %;22,1;7;11;7;7;6;2;3;3;Assez bien;STAPS;Technologique
COH2027-2518;19;64,1 %;25,8;7;13;13;3;5;4;4;3;Assez bien;Informatique;Général
COH2027-2519;20;54,4 %;18,3;7;11;9;6;6;3;4;1;Très bien;Informatique;Général
COH2027-2520;18;56,3 %;12,3;5;8;7;3;6;2;1;1;Très bien;Psychologie;Général
COH2027-2521;22;61,2 %;33,0;5;13;10;3;7;4;3;1;;Lettres;Professionnel
COH2027-2522;19;61,2 %;47,4;6;13;13;1;7;4;3;4;Très bien;Gestion;Général
COH2027-2523;21;62,7 %;19,9;8;9;8;3;6;3;3;2;Bien;Informatique;Général
COH2027-2524;18;60,8 %;14,4;7;11;9;4;7;3;;3;Passable;Lettres;Technologique
COH2027-2525;19;49,7 %;7,0;8;13;10;1;6;2;2;1;Passable;Gestion;Technologique
COH2027-2526;21;71,0 %;12,8;6;10;8;6;5;3;1;2;Passable;STAPS;Général
COH2027-2527;21;69,6 %;23,7;5;8;6;3;6;2;2;2;Passable;Informatique;Professionnel
COH2027-2528;19;68,1 %;21,6;8;11;8;5;6;4;3;2;Passable;Informatique;Général
COH2027-2529;18;32,0 %;10,4;6;8;6;0;6;1;1;1;Passable;Informatique;Général
COH2027-2530;23;50,7 %;16,8;7;12;8;2;6;3;2;2;Passable;Informatique;Général
COH2027-2531;20;35,7 %;24,9;8;12;8;4;5;;2;2;Passable;Lettres;Professionnel
COH2027-2532;18;62,4 %;12,7;7;11;9;1;7;3;3;;Très bien;Gestion;Technologique
COH2027-2533;19;42,2 %;14,2;6;10;9;2;5;3;2;2;Assez bien;Informatique;Général
COH2027-2534;24;56,7 %;32,1;11;12;11;4;5;2;2;2;Passable;Lettres;Général
COH2027-2535;19;71,4 %;15,8;8;9;9;3;6;3;;2;Assez bien;Informatique;Général
COH2027-2536;17;54,6 %;38,5;6;9;6;4;5;1;2;1;Assez bien;Lettres;Général
COH2027-2537;17;41,3 %;6,0;8;11;8;1;7;4;2;1;Bien;Informatique;Général
COH2027-2538;19;50,5 %;14,1;4;9;8;3;5;2;2;2;Très bien;Informatique;Technologique
COH2027-2539;21;32,7 %;22,8;6;13;12;3;6;1;3;1;Passable;Mathématiques;Général
COH2027-2540;18;54,4 %;10,5;6;8;6;1;6;3;;3;Assez bien;Gestion;Général
COH2027-2541;22;42,3 %;3,6;6;12;6;0;6;1;2;1;Bien;Gestion;Technologique
COH2027-2542;20;54,5 %;9,5;6;13;6;0;7;;1;1;Assez bien;Gestion;Général
COH2027-2543;19;47,3 %;0,5;5;11;10;1;7;1;2;1;Passable;Informatique;Technologique
COH2027-2544;22;69,2 %;28,7;4;9;6;5;7;;3;4;Passable;Informatique;Général
COH2027-2545;20;45,8 %;14,4;5;9;5;0;6;2;3;1;Assez bien;Biologie;Général
COH2027-2546;22;77,4 %;40,8;5;10;10;9;5;;4;4;Passable;STAPS;Technologique
COH2027-2547;22;65,2 %;23,8;3;13;11;1;6;4;3;4;Très bien;Droit;Technologique
COH2027-2548;18;67,3 %;33,0;5;11;9;4;5;2;2;4;Très bien;Droit;Technologique
COH2027-2549;20;71,7 %;13,2;5;13;12;5;5;3;4;2;Passable;Gestion;Général
COH2027-2550;18;71,9 %;32,0;4;10;9;3;6;4;2;2;Passable;Informatique;Général
COH2027-2551;21;37,9 %;4,8;7;12;7;0;5;1;1;3;Bien;Informatique;Général
COH2027-2552;20;55,4 %;11,9;8;13;11;4;6;3;;1;Passable;Mathématiques;Général
COH2027-2553;19;44,2 %;5,0;6;8;6;2;5;1;1;1;Assez bien;Psychologie;Général
COH2027-2554;17;50,6 %;4,3;6;8;6;5;5;4;;1;Bien;Gestion;Général
COH2027-2555;18;57,4 %;20,2;6;13;9;2;7;1;1;2;Assez bien;Biologie;Général
COH2027-2556;17;49,2 %;2,2;8;10;8;2;6;1;2;2;Passable;Informatique;Général
COH2027-2557;19;62,4 %;16,1;6;9;7;2;5;3;4;2;Assez bien;Informatique;Général
COH2027-2558;18;69,3 %;29,2;5;10;10;3;5;3;3;3;Assez bien;Mathématiques;Technologique
COH2027-2559;23;53,1 %;25,1;3;11;7;6;6;3;2;1;Passable;Informatique;Technologique
COH2027-2560;19;64,0 %;12,3;5;12;10;7;7;3;3;1;Très bien;Informatique;Général
COH2027-2561;23;59,3 %;35,7;6;8;8;6;6;3;;2;Très bien;Informatique;Général
COH2027-2562;18;61,5 %;12,8;8;13;8;0;5;1;1;1;Passable;Mathématiques;Général
COH2027-2563;20;66,2 %;27,6;5;13;13;6;6;3;2;1;Assez bien;Droit;Technologique
COH2027-2564;21;63,4 %;23,9;9;12;10;2;6;4;2;2;Assez bien;Informatique;Général
COH2027-2565;19;59,1 %;23,1;7;9;8;2;5;;1;2;Très bien;Informatique;Général
COH2027-2566;18;49,7 %;17,4;8;10;8;4;6;2;3;2;;Informatique;Général
COH2027-2567;19;64,8 %;22,5;8;8;8;2;6;3;2;4;Assez bien;Psychologie;Général
COH2027-2568;18;50,6 %;13,2;7;11;10;3;5;1;2;3;Assez bien;Gestion;Professionnel
COH2027-2569;21;77,9 %;13,2;5;10;8;7;5;3;3;3;Passable;STAPS;Général
COH2027-2570;23;58,9 %;26,2;6;10;7;3;6;2;1;2;Passable;Mathématiques;Général
COH2027-2571;20;78,3 %;31,6;3;13;13;10;5;4;2;2;Passable;Informatique;Technologique
COH2027-2572;18;59,3 %;10,4;6;8;6;4;5;3;1;2;Bien;Psychologie;Professionnel
COH2027-2573;18;60,0 %;42,2;8;12;12;5;5;4;4;;;Psychologie;Général
COH2027-2574;24;55,4 %;40,5;3;12;12;8;5;3;2;3;Très bien;Droit;Technologique
COH2027-2575;23;76,0 %;17,2;6;12;12;5;5;4;3;3;Assez bien;Lettres;Général
COH2027-2576;18;55,8 %;9,1;9;10;10;2;6;2;2;1;Bien;Informatique;Général
COH2027-2577;21;56,7 %;25,1;8;13;10;3;5;;2;1;Assez bien;STAPS;Technologique
COH2027-2578;23;56,6 %;17,4;4;10;9;4;6;2;3;2;Bien;Mathématiques;Général
COH2027-2579;18;52,6 %;5,2;8;13;8;0;6;1;3;3;Passable;Informatique;Technologique
COH2027-2580;20;57,1 %;24,1;7;9;8;1;6;2;3;3;Bien;Informatique;Général
COH2027-2581;22;63,8 %;23,4;6;8;6;4;6;2;3;1;Assez bien;Informatique;Général
COH2027-2582;18;40,5 %;7,8;9;13;10;0;6;3;1;1;Assez bien;Gestion;Professionnel
COH2027-2583;18;65,7 %;32,5;6;8;6;5;5;2;3;4;Bien;Informatique;Général
COH2027-2584;21;43,9 %;5,0;6;10;6;0;5;2;1;1;Bien;Informatique;Général
COH2027-2585;18;45,8 %;37,6;5;13;9;4;6;2;1;;Très bien;STAPS;Général
COH2027-2586;20;57,4 %;7,0;7;8;8;1;7;2;;2;;Informatique;Professionnel
COH2027-2587;22;77,2 %;40,2;7;13;13;7;6;2;2;2;Passable;Informatique;Général
COH2027-2588;19;64,6 %;28,9;5;10;10;4;6;3;;;Bien;Informatique;Professionnel
COH2027-2589;20;41,0 %;10,7;7;10;7;0;5;;;1;Assez bien;Droit;Professionnel
COH2027-2590;20;55,0 %;17,4;6;11;11;8;6;4;;2;Assez bien;Mathématiques;Technologique
COH2027-2591;20;39,6 %;2,5;5;8;5;0;6;1;1;;Très bien;Droit;Général
COH2027-2592;19;67,8 %;33,2;3;8;8;7;5;4;4;2;Très bien;Mathématiques;Technologique
COH2027-2593;17;73,1 %;22,9;7;11;11;4;6;2;4;3;Bien;Gestion;Général
COH2027-2594;19;60,6 %;27,7;3;13;13;9;6;3;;4;Assez bien;Gestion;Technologique
COH2027-2595;19;46,1 %;9,8;8;13;10;0;6;1;1;1;Passable;Gestion;Général
COH2027-2596;19;65,4 %;29,9;4;8;8;4;7;4;3;4;Assez bien;Droit;Général
COH2027-2597;19;56,7 %;8,2;5;13;10;4;6;2;4;1;Bien;Informatique;Général
COH2027-2598;17;60,1 %;42,6;6;9;6;5;7;2;2;3;Assez bien;Lettres;Technologique
COH2027-2599;27;42,9 %;5,5;5;9;5;1;5;4;1;1;Bien;Informatique;Général
COH2027-2600;18;47,0 %;10,4;8;13;10;0;5;2;2;1;;Informatique;Technologique
COH2027-2601;19;60,7 %;21,9;7;9;9;6;5;4;3;3;Passable;Lettres;Professionnel
COH2027-2602;22;57,5 %;5,9;7;9;7;3;5;2;2;1;Passable;Gestion;Général
COH2027-2603;19;52,2 %;11,4;8;12;10;0;7;1;1;2;Bien;Informatique;Général
COH2027-2604;19;52,9 %;9,8;4;10;7;2;6;1;;1;Passable;Biologie;Général
COH2027-2605;18;43,5 %;12,9;3;11;10;0;5;2;2;1;Assez bien;Informatique;Général
COH2027-2606;21;34,1 %;6,0;4;8;4;0;6;1;1;1;Assez bien;Informatique;Général
COH2027-2607;21;43,4 %;4,7;7;11;7;0;6;1;;1;Assez bien;Gestion;Technologique
COH2027-2608;21;35,1 %;13,5;7;12;7;0;6;2;1;1;Bien;Informatique;Général
COH2027-2609;21;18,2 %;0,0;4;13;4;0;7;1;1;1;Bien;STAPS;Général
COH2027-2610;18;59,0 %;21,7;7;8;7;1;6;;3;2;Assez bien;Biologie;Général
COH2027-2611;27;30,6 %;0,0;5;12;5;0;5;1;2;2;Bien;Informatique;Général
COH2027-2612;18;61,9 %;12,6;3;13;13;8;5;4;3;1;Passable;Psychologie;Général
COH2027-2613;17;47,7 %;0,3;7;11;8;2;5;2;1;1;Passable;Gestion;Général
COH2027-2614;18;62,8 %;31,8;7;13;10;2;6;3;2;1;Assez bien;Gestion;Général
COH2027-2615;17;50,7 %;5,8;7;10;7;0;6;1;;;Bien;Gestion;Professionnel
COH2027-2616;19;30,7 %;0,0;8;12;9;0;6;2;1;1;Passable;Informatique;Général
COH2027-2617;20;50,6 %;5,7;7;9;9;6;7;2;2;2;Passable;Informatique;Technologique
COH2027-2618;23;53,6 %;27,4;8;9;8;3;5;2;2;1;Bien;Informatique;Technologique
COH2027-2619;19;68,6 %;14,9;4;9;9;7;5;4;4;3;Assez bien;Mathématiques;Technologique
COH2027-2620;18;75,7 %;37,6;4;12;12;10;5;4;4;2;;Lettres;Général
COH2027-2621;17;69,6 %;13,4;9;10;9;7;6;4;1;3;Passable;Gestion;Général
COH2027-2622;22;67,6 %;49,3;4;13;13;7;5;4;3;3;Passable;Informatique;Général
COH2027-2623;20;36,4 %;8,2;4;8;4;1;6;2;1;1;Assez bien;Gestion;Général
COH2027-2624;19;76,9 %;36,8;6;11;11;6;5;;3;2;Assez bien;Psychologie;Général
COH2027-2625;18;64,1 %;25,3;7;11;7;2;6;2;;1;Assez bien;STAPS;Général
COH2027-2626;18;63,8 %;18,8;3;11;8;3;5;2;2;2;Bien;Gestion;Technologique
COH2027-2627;18;52,9 %;14,2;8;9;8;3;6;2;2;3;Assez bien;Psychologie;Technologique
COH2027-2628;20;44,5 %;15,6;9;12;9;0;5;2;1;2;Très bien;Gestion;Général
COH2027-2629;18;50,0 %;28,1;7;8;7;4;7;1;2;2;Assez bien;Psychologie;Général
COH2027-2630;20;44,8 %;12,9;6;11;10;2;6;2;4;2;Assez bien;Psychologie;Professionnel
COH2027-2631;18;69,2 %;20,2;8;12;10;3;6;4;1;;Assez bien;STAPS;Général
COH2027-2632;19;53,6 %;21,2;7;10;9;2;6;1;3;3;Passable;Informatique;Général
COH2027-2633;19;57,2 %;28,0;8;11;9;2;6;2;3;4;Assez bien;Lettres;Général
COH2027-2634;20;57,6 %;31,0;7;10;7;2;5;2;4;1;Assez bien;Gestion;Général
COH2027-2635;21;58,0 %;19,9;7;8;7;3;6;3;2;3;Très bien;Informatique;Général
COH2027-2636;21;72,8 %;35,9;6;12;11;6;5;;3;2;Passable;Informatique;Technologique
COH2027-2637;21;48,1 %;9,5;5;8;7;1;5;1;3;4;Passable;Informatique;Technologique
COH2027-2638;20;50,9 %;13,6;8;13;11;2;6;2;1;1;Passable;Informatique;Général
COH2027-2639;20;49,9 %;11,1;7;13;7;2;5;1;2;2;Bien;Gestion;Général
COH2027-2640;24;51,0 %;32,9;8;13;10;3;6;1;3;1;;Mathématiques;Général
COH2027-2641;17;47,3 %;18,3;6;8;6;4;5;2;2;1;Assez bien;Mathématiques;Général
COH2027-2642;17;73,9 %;40,5;7;9;8;4;7;2;4;3;Assez bien;STAPS;Général
COH2027-2643;19;44,3 %;24,4;7;13;10;2;6;1;2;1;Assez bien;Informatique;Technologique
COH2027-2644;18;55,3 %;26,2;6;10;10;6;6;1;2;3;Assez bien;Mathématiques;Général
COH2027-2645;22;76,1 %;25,1;4;9;8;8;6;3;;2;Bien;Informatique;Général
COH2027-2646;24;56,8 %;24,1;7;9;7;6;6;3;1;1;Très bien;Informatique;Technologique
COH2027-2647;20;46,0 %;1,9;8;13;8;1;7;2;2;1;Bien;Informatique;Technologique
COH2027-2648;18;58,5 %;29,7;7;11;8;4;6;2;3;2;;Droit;Général
COH2027-2649;19;50,3 %;10,8;9;13;12;0;6;2;1;3;Passable;Informatique;Technologique
COH2027-2650;18;57,9 %;16,4;5;8;8;7;6;4;2;2;Très bien;Informatique;Technologique
COH2027-2651;20;77,9 %;25,8;7;8;7;5;6;3;3;2;Passable;Informatique;Technologique
COH2027-2652;18;50,5 %;10,1;3;10;4;0;6;2;1;1;Passable;Droit;Technologique
COH2027-2653;18;57,6 %;33,6;4;10;9;3;5;4;3;4;Assez bien;Informatique;Général
COH2027-2654;21;66,9 %;19,8;9;12;9;1;6;2;1;1;Assez bien;Informatique;Général
COH2027-2655;22;49,4 %;16,8;7;12;7;1;6;;3;2;Très bien;Droit;Général
COH2027-2656;24;50,8 %;18,8;6;8;6;0;5;3;2;1;Passable;Mathématiques;Général
COH2027-2657;23;67,2 %;29,1;7;10;7;1;7;4;1;1;Passable;Gestion;Général
COH2027-2658;18;59,6 %;6,5;4;11;9;2;5;1;1;3;Passable;Informatique;Général
COH2027-2659;20;68,6 %;27,1;6;13;13;5;6;4;3;2;Très bien;Gestion;Technologique
COH2027-2660;17;47,2 %;20,1;10;11;10;0;6;1;1;1;Passable;Mathématiques;Général
COH2027-2661;18;62,7 %;16,5;4;12;9;2;7;3;2;1;Assez bien;Informatique;Général
COH2027-2662;23;61,8 %;22,7;3;12;11;5;5;4;3;1;;Biologie;Général
COH2027-2663;19;48,2 %;25,9;9;11;10;1;6;1;3;4;Assez bien;Informatique;Général
COH2027-2664;23;42,5 %;18,1;7;9;7;3;6;4;3;2;Passable;Informatique;Général
COH2027-2665;20;65,3 %;15,4;6;13;13;5;6;2;1;3;Passable;Informatique;Général
COH2027-2666;21;79,2 %;41,1;7;10;8;6;5;4;3;2;Assez bien;Psychologie;Général
COH2027-2667;21;59,2 %;14,8;9;11;9;0;6;;2;1;Bien;Lettres;Général
COH2027-2668;19;78,0 %;29,4;4;8;8;5;5;4;3;3;Passable;Psychologie;Technologique
COH2027-2669;20;61,2 %;34,5;7;11;8;5;5;2;1;4;Passable;Informatique;Technologique
COH2027-2670;26;42,1 %;15,8;7;12;10;4;6;3;3;2;Passable;Lettres;Général
COH2027-2671;17;64,1 %;12,3;7;8;8;7;6;3;2;1;Très bien;Informatique;Technologique
COH2027-2672;23;52,4 %;20,0;9;12;9;3;6;1;3;1;Passable;Biologie;Technologique
COH2027-2673;18;71,1 %;57,6;3;8;8;7;6;;;;Bien;Informatique;Technologique
COH2027-2674;22;66,3 %;17,7;5;12;11;4;6;;2;;Assez bien;Droit;Technologique
COH2027-2675;17;56,7 %;36,0;5;10;8;5;7;4;4;3;Passable;Informatique;Professionnel
COH2027-2676;17;56,6 %;40,5;5;8;8;6;6;3;2;1;Passable;Gestion;Général
COH2027-2677;18;53,2 %;5,2;6;13;11;2;5;3;1;2;Assez bien;Lettres;Général
COH2027-2678;23;68,9 %;7,3;7;8;7;12;5;3;1;1;Passable;Lettres;Technologique
COH2027-2679;18;52,8 %;18,4;5;8;5;0;6;3;1;1;Passable;Biologie;Général
COH2027-2680;17;50,7 %;56,5;6;12;9;3;7;2;2;1;Passable;Informatique;Technologique
COH2027-2681;21;62,6 %;31,1;4;13;13;10;5;4;;4;Passable;Droit;Général
COH2027-2682;22;77,5 %;59,4;3;10;10;13;6;4;4;;Assez bien;Informatique;Technologique
COH2027-2683;22;51,7 %;26,3;3;9;9;5;5;2;1;3;Assez bien;Psychologie;Technologique
COH2027-2684;18;64,9 %;16,6;8;12;8;1;6;3;3;2;Assez bien;Biologie;Général
COH2027-2685;19;23,8 %;0,0;7;12;7;0;7;1;1;1;Assez bien;Mathématiques;Professionnel
COH2027-2686;17;57,4 %;19,8;6;8;6;3;5;1;1;2;Passable;Informatique;Professionnel
COH2027-2687;18;51,8 %;8,3;9;12;9;2;7;2;;1;Assez bien;Lettres;Général
COH2027-2688;19;46,7 %;1,0;5;9;5;1;5;1;1;1;Assez bien;Gestion;Technologique
COH2027-2689;19;58,8 %;24,9;5;10;10;4;6;2;3;3;Assez bien;Informatique;Technologique
COH2027-2690;18;50,2 %;17,9;6;8;7;1;6;1;1;1;Passable;Gestion;Professionnel
COH2027-2691;20;36,8 %;3,0;6;10;6;1;7;1;1;1;Assez bien;Informatique;Technologique
COH2027-2692;22;64,9 %;25,3;7;9;9;3;6;3;3;2;;Informatique;Général
COH2027-2693;19;58,5 %;32,6;6;8;6;3;7;2;3;1;Très bien;Lettres;Général
COH2027-2694;22;41,5 %;4,8;6;9;6;1;6;1;4;1;Bien;Informatique;Général
COH2027-2695;19;45,9 %;23,1;8;13;12;5;6;2;2;2;Bien;Droit;Général
COH2027-2696;21;67,3 %;10,8;4;9;9;5;7;3;2;1;Bien;Mathématiques;Technologique
COH2027-2697;19;60,3 %;16,1;6;8;6;2;6;3;3;1;Très bien;Informatique;Général
COH2027-2698;18;53,4 %;28,4;5;8;5;1;6;1;3;1;Passable;Informatique;Général
COH2027-2699;18;59,2 %;22,6;6;13;11;1;6;1;2;1;Bien;Mathématiques;Professionnel
COH2027-2700;17;60,7 %;23,1;7;13;10;3;7;3;3;2;Passable;Informatique;Général
COH2027-2701;21;42,9 %;11,2;6;8;6;0;5;2;1;1;Passable;Droit;Général
COH2027-2702;19;64,9 %;30,6;7;10;9;6;6;3;3;3;Bien;Informatique;Général
COH2027-2703;20;52,6 %;6,2;7;12;11;4;7;2;;1;Bien;Informatique;Général
COH2027-2704;18;56,3 %;12,3;5;8;7;3;6;2;1;1;Très bien;Informatique;Général
COH2027-2705;21;79,8 %;21,0;6;9;9;4;5;4;4;3;Passable;Informatique;Technologique
COH2027-2706;23;56,4 %;11,8;6;11;9;3;6;2;3;3;Assez bien;Informatique;Général
COH2027-2707;19;28,1 %;0,0;8;13;8;0;6;1;2;3;Passable;Informatique;Général
COH2027-2708;20;50,8 %;59,4;7;13;11;4;6;3;3;;Passable;Psychologie;Technologique
COH2027-2709;20;54,2 %;32,7;6;9;6;2;6;3;2;2;;STAPS;Technologique
COH2027-2710;25;69,2 %;22,9;7;9;7;2;7;1;;1;Bien;Informatique;Général
COH2027-2711;18;66,8 %;51,6;7;13;12;8;6;3;2;3;Passable;Informatique;Technologique
COH2027-2712;17;43,7 %;4,7;6;8;6;0;6;2;1;2;Assez bien;Informatique;Technologique
COH2027-2713;20;46,6 %;35,7;4;8;7;6;6;4;4;4;Passable;Mathématiques;Général
COH2027-2714;21;74,7 %;44,0;4;13;12;9;5;4;4;4;Assez bien;Informatique;Général
COH2027-2715;20;60,0 %;13,1;6;12;9;2;7;1;1;1;Passable;Informatique;Général
COH2027-2716;21;77,2 %;39,0;7;11;11;4;7;4;3;3;Assez bien;Psychologie;Général
COH2027-2717;18;55,8 %;50,5;6;8;6;5;5;1;2;;Passable;Informatique;Professionnel
COH2027-2718;18;64,1 %;25,3;7;11;7;2;6;2;;1;Assez bien;Informatique;Général
COH2027-2719;18;76,0 %;29,2;5;8;8;6;7;2;;1;;Informatique;Technologique
COH2027-2720;18;34,9 %;15,3;9;11;9;0;7;1;4;3;Bien;Droit;Technologique
COH2027-2721;23;47,0 %;11,6;6;9;6;2;6;2;1;2;Assez bien;Informatique;Technologique
COH2027-2722;18;62,2 %;34,6;4;11;8;2;6;2;4;3;Passable;Informatique;Technologique
COH2027-2723;18;76,9 %;31,8;4;11;11;6;6;4;4;3;Assez bien;Lettres;Technologique
COH2027-2724;23;55,4 %;14,2;6;11;8;5;6;2;2;4;Assez bien;Droit;Technologique
COH2027-2725;20;54,0 %;19,8;7;13;10;4;6;1;1;3;Assez bien;Informatique;Professionnel
COH2027-2726;19;58,8 %;14,8;4;11;9;1;7;4;2;2;Passable;Mathématiques;Général
COH2027-2727;20;33,5 %;0,0;4;9;4;0;6;1;1;1;Passable;Biologie;Technologique
COH2027-2728;24;75,7 %;21,1;6;12;12;3;6;3;2;;Assez bien;Gestion;Professionnel
COH2027-2729;21;73,9 %;18,6;4;10;9;3;7;3;2;;Bien;STAPS;Général
COH2027-2730;18;61,8 %;16,1;4;12;9;5;6;3;2;3;Bien;Informatique;Général
COH2027-2731;21;39,7 %;12,8;6;8;6;1;6;1;1;;Assez bien;Gestion;Professionnel
COH2027-2732;19;58,3 %;31,7;4;12;11;8;5;4;2;3;Bien;Informatique;Général
COH2027-2733;22;58,6 %;29,4;4;13;12;6;6;2;3;4;Passable;Lettres;Général
COH2027-2734;19;59,2 %;20,6;6;12;8;2;6;3;1;3;Bien;Informatique;Technologique
COH2027-2735;17;61,5 %;19,4;5;10;9;10;6;4;3;3;Bien;Informatique;Général
COH2027-2736;21;37,9 %;7,3;5;8;5;0;7;1;1;1;;Informatique;Professionnel
COH2027-2737;18;53,6 %;23,7;8;12;12;1;7;3;1;;Bien;Informatique;Technologique
COH2027-2738;18;79,4 %;56,2;4;13;13;10;6;4;3;4;Assez bien;Informatique;Général
COH2027-2739;23;46,8 %;10,3;9;13;9;3;5;3;2;1;Bien;Psychologie;Général
COH2027-2740;19;72,8 %;45,0;3;9;8;4;5;4;3;3;Très bien;Droit;Général
COH2027-2741;18;51,0 %;25,9;8;10;8;1;5;1;2;2;Assez bien;Informatique;Professionnel
COH2027-2742;19;49,7 %;0,7;6;11;6;0;5;1;2;1;Assez bien;Informatique;Général
COH2027-2743;17;44,7 %;7,3;5;8;5;1;7;3;;;Assez bien;STAPS;Général
COH2027-2744;19;49,1 %;25,6;4;8;6;2;5;2;2;1;Assez bien;Informatique;Général
COH2027-2745;18;62,8 %;37,0;4;8;7;6;6;3;3;3;Bien;Informatique;Général
COH2027-2746;21;78,6 %;43,0;5;13;13;9;5;4;;4;Assez bien;Informatique;Professionnel
COH2027-2747;20;61,0 %;42,1;6;10;6;1;6;;2;;Très bien;Droit;Technologique
COH2027-2748;18;53,6 %;23,7;8;12;12;1;7;3;1;;Bien;Droit;Technologique
COH2027-2749;23;75,8 %;30,3;8;10;9;5;5;2;1;1;Passable;Gestion;Général
COH2027-2750;19;51,4 %;18,4;7;13;12;3;5;2;2;1;Très bien;Informatique;Général
COH2027-2751;21;66,7 %;19,9;3;9;9;1;5;2;4;3;;Psychologie;Général
COH2027-2752;18;62,4 %;12,7;7;11;9;1;7;3;3;;Très bien;Gestion;Technologique
COH2027-2753;19;53,9 %;14,0;3;9;7;2;6;2;3;2;Bien;Gestion;Technologique
COH2027-2754;17;79,1 %;24,8;3;13;13;4;6;4;3;4;Passable;Mathématiques;Professionnel
COH2027-2755;18;54,9 %;18,2;7;12;9;0;6;1;1;1;Passable;Informatique;Général
COH2027-2756;17;58,5 %;8,7;7;10;8;5;6;1;4;2;;Informatique;Professionnel
COH2027-2757;21;62,9 %;13,0;6;11;8;2;6;1;2;1;Passable;Informatique;Général
COH2027-2758;20;70,0 %;19,9;5;12;10;6;6;3;2;2;Passable;Informatique;Technologique
COH2027-2759;20;52,3 %;20,6;8;12;8;2;7;3;2;2;Passable;Mathématiques;Professionnel
COH2027-2760;22;58,8 %;5,7;6;13;12;6;6;3;3;2;Bien;Gestion;Général
COH2027-2761;19;35,1 %;6,7;9;13;9;0;6;1;1;2;Passable;Biologie;Technologique
COH2027-2762;22;57,0 %;19,0;5;12;11;1;5;3;3;2;Passable;Informatique;Général
COH2027-2763;19;76,5 %;34,3;7;11;11;3;6;4;1;;Bien;STAPS;Général
COH2027-2764;18;50,5 %;19,1;10;13;10;1;6;3;1;2;Passable;Informatique;Général
COH2027-2765;18;78,6 %;35,7;5;10;10;7;6;4;3;2;Passable;Informatique;Général
COH2027-2766;19;71,6 %;17,1;6;8;7;5;6;4;3;3;Très bien;Droit;Général
COH2027-2767;24;57,0 %;39,4;9;11;10;2;6;3;1;2;Bien;Psychologie;Général
COH2027-2768;21;61,2 %;23,9;7;8;7;3;5;3;3;2;Assez bien;Informatique;Général
COH2027-2769;22;36,1 %;7,2;5;8;5;2;6;2;;1;Assez bien;Informatique;Général
COH2027-2770;20;69,1 %;22,3;5;10;10;3;7;2;3;2;Passable;Biologie;Technologique
COH2027-2771;22;50,6 %;26,0;3;11;10;8;6;2;4;2;Passable;Informatique;Général
COH2027-2772;23;44,3 %;16,1;11;12;11;0;7;1;1;1;Assez bien;Informatique;Général
COH2027-2773;18;75,8 %;23,6;8;10;8;3;6;1;1;3;Bien;Gestion;Technologique
COH2027-2774;20;31,0 %;1,9;5;9;5;0;6;1;3;2;Passable;Lettres;Professionnel
COH2027-2775;20;78,8 %;30,4;6;8;8;8;6;;3;4;Très bien;Gestion;Général
COH2027-2776;21;79,2 %;34,5;4;9;9;4;5;;4;4;Passable;Biologie;Général
COH2027-2777;19;50,0 %;17,9;8;11;9;1;5;3;2;1;Très bien;Gestion;Général
COH2027-2778;22;47,7 %;15,8;6;12;9;1;6;4;2;3;Assez bien;Droit;Technologique
COH2027-2779;17;69,7 %;21,1;6;11;10;0;5;1;2;1;Très bien;Gestion;Général
COH2027-2780;17;46,1 %;12,1;9;11;10;2;6;1;3;1;Très bien;Informatique;Général
COH2027-2781;17;51,9 %;8,8;8;12;8;0;5;2;3;1;Passable;Informatique;Général
COH2027-2782;23;48,4 %;8,6;7;12;7;0;5;1;1;1;Passable;Informatique;Général
COH2027-2783;21;54,4 %;13,8;5;8;5;0;6;3;;1;Bien;Informatique;Général
COH2027-2784;20;46,4 %;5,3;8;11;8;0;7;1;2;1;Assez bien;Biologie;Technologique
COH2027-2785;17;78,2 %;33,3;3;10;9;6;7;4;3;3;Assez bien;Biologie;Général
COH2027-2786;23;56,6 %;17,4;4;10;9;4;6;2;3;2;Bien;Informatique;Général
COH2027-2787;24;61,8 %;38,4;6;8;8;2;5;3;;1;Assez bien;Informatique;Technologique
COH2027-2788;21;50,7 %;17,9;5;8;6;1;6;2;4;;Assez bien;Biologie;Technologique
COH2027-2789;22;54,2 %;29,1;6;13;11;6;5;1;;3;Passable;Informatique;Général
COH2027-2790;17;60,6 %;21,6;3;10;8;1;5;3;3;2;Assez bien;Psychologie;Général
COH2027-2791;21;59,8 %;27,6;8;13;12;3;5;3;2;2;Assez bien;Mathématiques;Général
COH2027-2792;23;75,5 %;32,5;9;10;9;7;6;2;2;3;Très bien;Informatique;Général
COH2027-2793;19;46,1 %;9,8;8;13;10;0;6;1;1;1;Passable;Informatique;Général
COH2027-2794;18;56,8 %;41,6;8;12;8;2;5;1;3;4;Assez bien;Gestion;Professionnel
COH2027-2795;19;45,6 %;16,4;4;11;11;6;6;3;2;3;Passable;Informatique;Général
COH2027-2796;18;64,6 %;15,3;6;9;8;4;5;4;3;1;Très bien;Lettres;Général
COH2027-2797;18;58,3 %;30,2;7;8;8;2;5;4;4;1;Bien;Droit;Général
COH2027-2798;19;54,8 %;9,9;6;12;10;8;6;2;2;2;Assez bien;Informatique;Général
COH2027-2799;20;38,8 %;25,9;7;12;7;0;6;;1;2;Passable;Droit;Technologique
COH2027-2800;17;59,9 %;13,2;8;12;9;1;6;1;3;2;Bien;Gestion;Technologique
COH2027-2801;21;79,0 %;24,9;6;10;10;10;5;1;3;1;Assez bien;Informatique;Général
COH2027-2802;17;49,3 %;10,3;7;10;7;0;6;1;1;2;Passable;STAPS;Général
COH2027-2803;17;50,9 %;0,6;5;9;5;0;5;1;1;2;Très bien;Informatique;Technologique
COH2027-2804;20;79,0 %;32,0;4;12;11;9;7;4;4;4;Bien;STAPS;Général
COH2027-2805;19;64,3 %;30,1;7;8;7;1;5;1;3;2;Bien;Psychologie;Technologique
COH2027-2806;21;76,5 %;8,6;10;12;11;2;7;1;3;1;Assez bien;Droit;Général
COH2027-2807;24;55,4 %;40,5;3;12;12;8;5;3;2;3;Très bien;Droit;Technologique
COH2027-2808;20;47,7 %;45,4;3;11;11;6;7;3;3;2;Bien;Gestion;Général
COH2027-2809;18;57,1 %;28,9;6;8;6;1;7;2;4;1;Assez bien;Droit;Technologique
COH2027-2810;20;79,9 %;24,1;7;12;11;5;6;2;4;2;Bien;Informatique;Technologique
COH2027-2811;21;42,1 %;21,4;7;9;7;0;6;2;1;1;Bien;Biologie;Général
COH2027-2812;25;68,8 %;36,6;4;13;13;8;5;4;3;4;Assez bien;Informatique;Général
COH2027-2813;23;67,0 %;16,4;6;9;8;6;6;4;2;;Passable;Informatique;Professionnel
COH2027-2814;17;63,1 %;17,4;9;12;10;7;6;3;;2;Très bien;Informatique;Technologique
COH2027-2815;22;55,3 %;5,5;8;12;8;0;5;1;1;1;Passable;Informatique;Général
COH2027-2816;21;57,6 %;29,0;11;13;11;5;6;3;1;1;Passable;Droit;Général
COH2027-2817;20;55,1 %;17,2;7;9;7;1;6;2;1;1;Assez bien;Informatique;Général
COH2027-2818;21;76,6 %;15,4;3;13;13;6;6;4;3;;Passable;Informatique;Général
COH2027-2819;18;47,4 %;27,5;7;11;11;4;6;2;1;3;Assez bien;Informatique;Général
COH2027-2820;21;57,2 %;20,9;8;11;8;0;7;2;2;1;Passable;Biologie;Professionnel
COH2027-2821;17;76,1 %;37,8;6;13;13;3;6;4;3;3;Passable;Informatique;Technologique
COH2027-2822;19;61,3 %;17,8;7;12;11;3;6;4;2;4;Bien;Informatique;Général
COH2027-2823;21;59,2 %;14,8;9;11;9;0;6;;2;1;Bien;Lettres;Général
COH2027-2824;19;57,9 %;19,9;7;9;7;5;5;2;1;2;Passable;Psychologie;Technologique
COH2027-2825;18;61,7 %;14,8;9;12;9;4;7;3;4;3;Bien;Gestion;Général
COH2027-2826;25;63,3 %;20,0;6;8;8;1;6;4;;3;Passable;Mathématiques;Général
COH2027-2827;18;77,9 %;65,5;3;10;10;7;5;4;;3;Bien;Lettres;Général
COH2027-2828;17;47,2 %;41,6;8;13;11;4;6;3;2;1;Assez bien;Informatique;Professionnel
COH2027-2829;21;60,2 %;18,1;4;8;5;2;6;4;2;2;Bien;Psychologie;Général
COH2027-2830;19;62,4 %;18,2;6;8;6;1;6;2;4;4;Passable;Informatique;Technologique
COH2027-2831;20;72,6 %;9,9;4;12;11;5;7;2;4;1;;Informatique;Technologique
COH2027-2832;19;55,9 %;13,9;6;10;8;2;5;3;3;1;;Informatique;Professionnel
COH2027-2833;18;55,6 %;22,1;6;9;6;0;6;1;3;1;;Informatique;Professionnel
COH2027-2834;18;59,5 %;36,5;5;8;8;5;6;2;3;2;Assez bien;Informatique;Technologique
COH2027-2835;21;57,3 %;10,3;7;9;7;2;7;3;3;;Passable;Informatique;Général
COH2027-2836;18;46,0 %;6,4;5;12;5;0;6;1;1;1;Assez bien;Informatique;Général
COH2027-2837;18;41,6 %;17,6;5;11;10;5;5;2;3;;Bien;Mathématiques;Général
COH2027-2838;20;54,2 %;32,7;6;9;6;2;6;3;2;2;;STAPS;Technologique
COH2027-2839;22;48,1 %;35,7;9;10;9;1;6;;3;1;Bien;Informatique;Technologique
COH2027-2840;17;67,1 %;34,0;4;11;11;9;6;4;2;1;Bien;Psychologie;Général
COH2027-2841;18;79,6 %;33,2;6;8;7;4;6;3;4;4;Passable;Gestion;Général
COH2027-2842;20;39,6 %;14,7;5;10;5;0;7;3;4;1;Bien;Informatique;Général
COH2027-2843;18;56,3 %;28,3;7;10;10;2;6;3;4;1;Assez bien;Informatique;Général
COH2027-2844;20;60,1 %;40,2;4;10;8;5;5;4;3;;Passable;Gestion;Technologique
COH2027-2845;18;59,2 %;22,6;6;13;11;1;6;1;2;1;Bien;Informatique;Professionnel
COH2027-2846;22;46,2 %;18,3;5;12;9;0;6;1;2;2;Bien;Informatique;Général
COH2027-2847;20;65,7 %;15,4;6;9;6;6;6;2;2;1;Assez bien;Mathématiques;Général
COH2027-2848;21;46,7 %;17,9;7;12;8;3;5;2;1;1;Bien;Informatique;Technologique
COH2027-2849;20;71,5 %;41,8;4;11;11;10;5;4;4;3;Passable;Informatique;Professionnel
COH2027-2850;19;64,9 %;30,6;7;10;9;6;6;3;3;3;Bien;Informatique;Général
COH2027-2851;20;65,2 %;17,3;5;9;6;0;6;2;2;3;Passable;Psychologie;Professionnel
COH2027-2852;19;55,1 %;8,7;5;10;7;3;6;1;3;1;Assez bien;Informatique;Général
COH2027-2853;18;79,4 %;56,2;4;13;13;10;6;4;3;4;Assez bien;STAPS;Général
COH2027-2854;20;42,7 %;15,2;6;11;9;1;5;1;1;2;Passable;Informatique;Général
COH2027-2855;21;68,5 %;19,4;8;13;13;4;7;3;4;3;Assez bien;Droit;Général
COH2027-2856;19;74,3 %;34,2;8;10;9;1;6;4;2;3;Bien;Lettres;Professionnel
COH2027-2857;18;54,0 %;9,6;6;8;6;1;7;1;2;1;Passable;Informatique;Général
COH2027-2858;19;71,4 %;15,8;8;9;9;3;6;3;;2;Assez bien;Informatique;Général
COH2027-2859;23;25,6 %;0,0;7;13;7;0;5;1;1;1;Assez bien;Informatique;Général
COH2027-2860;24;60,9 %;10,7;8;10;8;4;5;3;2;2;Bien;STAPS;Général
COH2027-2861;18;62,8 %;31,8;7;13;10;2;6;3;2;1;Assez bien;Gestion;Général
COH2027-2862;19;57,4 %;39,4;5;11;8;3;5;1;1;1;Assez bien;Informatique;Général
COH2027-2863;20;49,2 %;26,0;8;12;8;1;7;3;2;2;Assez bien;Gestion;Professionnel
COH2027-2864;22;61,9 %;18,8;5;13;12;4;6;4;2;2;Bien;Informatique;Général
COH2027-2865;18;63,0 %;17,8;10;12;11;4;7;3;3;1;Assez bien;Lettres;Général
COH2027-2866;21;56,9 %;24,3;6;10;8;4;5;2;3;1;Assez bien;Informatique;Technologique
COH2027-2867;18;60,9 %;15,8;5;12;11;1;5;2;2;1;Passable;Informatique;Général
COH2027-2868;21;76,5 %;8,6;10;12;11;2;7;1;3;1;Assez bien;Droit;Général
COH2027-2869;19;79,4 %;70,2;3;9;9;5;6;;3;2;Assez bien;Droit;Général
COH2027-2870;18;59,8 %;2,6;8;10;8;0;6;1;1;3;Bien;Biologie;Général
COH2027-2871;18;40,7 %;13,8;6;8;6;1;6;1;2;3;Passable;Biologie;Technologique
COH2027-2872;22;47,3 %;29,8;6;8;6;3;7;3;1;1;Passable;Informatique;Général
COH2027-2873;20;56,4 %;11,8;9;10;9;4;7;1;;1;;Informatique;Général
COH2027-2874;20;33,8 %;3,8;7;12;7;0;5;1;2;1;Bien;Psychologie;Général
COH2027-2875;22;77,3 %;43,1;5;13;13;9;6;4;2;4;Passable;Droit;Général
COH2027-2876;21;53,2 %;22,2;6;9;6;4;7;4;2;3;Assez bien;Gestion;Technologique
COH2027-2877;19;42,0 %;0,6;5;9;5;0;6;2;2;1;Assez bien;Psychologie;Général
COH2027-2878;22;56,1 %;12,2;7;9;9;2;5;2;2;1;Assez bien;STAPS;Général
COH2027-2879;18;52,7 %;26,7;6;10;8;2;6;2;2;1;Très bien;Informatique;Professionnel
COH2027-2880;17;60,0 %;22,2;7;10;8;3;5;2;4;1;Assez bien;Informatique;Général
COH2027-2881;19;49,5 %;6,2;7;10;7;0;7;1;1;1;Assez bien;Informatique;Général
COH2027-2882;20;57,5 %;26,1;8;11;10;0;5;4;2;2;Passable;Informatique;Technologique
COH2027-2883;18;44,5 %;7,5;7;13;7;1;6;;2;1;Très bien;Biologie;Professionnel
COH2027-2884;20;72,4 %;22,0;4;13;13;3;6;2;4;3;Assez bien;Informatique;Général
COH2027-2885;17;64,7 %;21,2;8;11;9;1;5;;1;3;Passable;Gestion;Général
COH2027-2886;23;70,7 %;45,5;5;9;7;6;7;4;3;1;Assez bien;Psychologie;Général
COH2027-2887;17;58,5 %;24,1;6;8;6;6;7;;3;2;Passable;Informatique;Général
COH2027-2888;21;26,6 %;13,6;8;12;8;1;5;2;2;1;Assez bien;Informatique;Général
COH2027-2889;20;74,3 %;14,8;3;11;11;9;6;;4;3;Assez bien;Informatique;Général
COH2027-2890;18;56,0 %;26,6;8;9;8;3;5;1;3;2;Bien;Informatique;Général
COH2027-2891;22;43,4 %;29,6;5;9;5;2;7;1;1;1;Assez bien;Droit;Technologique
COH2027-2892;20;64,4 %;12,2;7;12;10;3;5;1;3;1;Assez bien;Psychologie;Général
COH2027-2893;20;64,1 %;18,4;8;10;8;2;5;1;;1;Assez bien;Droit;Professionnel
COH2027-2894;21;49,3 %;8,7;7;11;10;2;6;3;4;3;Passable;Biologie;Général
COH2027-2895;20;66,7 %;15,6;6;8;6;5;6;;3;3;;Mathématiques;Professionnel
COH2027-2896;17;64,5 %;21,1;10;12;10;1;5;1;3;1;Assez bien;Lettres;Technologique
COH2027-2897;18;37,5 %;19,2;8;9;8;4;7;4;3;2;Assez bien;Psychologie;Général
COH2027-2898;21;55,1 %;16,2;7;10;7;2;5;1;2;3;Bien;STAPS;Technologique
COH2027-2899;19;63,9 %;14,1;6;8;6;3;6;3;1;2;Assez bien;Informatique;Technologique
COH2027-2900;20;72,7 %;32,7;7;9;7;4;7;2;2;1;Bien;Informatique;Général
COH2027-2901;21;57,3 %;10,3;7;9;7;2;7;3;3;;Passable;Informatique;Général
COH2027-2902;18;68,4 %;23,9;7;8;8;4;6;2;1;3;Assez bien;Lettres;Général
COH2027-2903;22;67,5 %;25,5;7;10;9;7;6;2;3;2;Passable;Lettres;Technologique
COH2027-2904;18;76,2 %;25,7;3;13;13;8;7;4;4;3;Passable;Informatique;Professionnel
COH2027-2905;19;56,3 %;15,1;7;9;7;0;6;2;3;2;Très bien;Informatique;Général
COH2027-2906;18;50,2 %;17,9;6;8;7;1;6;1;1;1;Passable;Gestion;Professionnel
COH2027-2907;21;65,6 %;36,9;4;8;8;5;5;1;3;;Passable;Psychologie;Technologique
COH2027-2908;21;39,9 %;18,7;6;9;7;1;6;1;2;2;Très bien;Informatique;Professionnel
COH2027-2909;21;77,9 %;13,2;5;10;8;7;5;3;3;3;Passable;Informatique;Général
COH2027-2910;22;62,7 %;10,6;6;8;6;3;5;2;4;2;Très bien;Informatique;Technologique
COH2027-2911;20;53,0 %;5,5;7;11;7;1;7;1;1;1;Assez bien;Informatique;Technologique
COH2027-2912;19;55,9 %;22,9;8;11;10;0;5;2;3;;Assez bien;Informatique;Général
COH2027-2913;18;69,3 %;29,2;5;10;10;3;5;3;3;3;Assez bien;Mathématiques;Technologique
COH2027-2914;19;68,8 %;28,9;4;9;8;6;6;2;3;2;;Informatique;Général
COH2027-2915;21;70,5 %;4,0;9;12;9;0;7;2;3;2;Bien;Droit;Général
COH2027-2916;19;77,9 %;18,4;7;11;7;4;5;2;3;3;Bien;Informatique;Technologique
COH2027-2917;20;48,6 %;36,1;5;9;7;2;5;3;3;2;Assez bien;Biologie;Général
COH2027-2918;20;65,7 %;21,9;4;9;9;2;6;4;3;1;Assez bien;Informatique;Général
COH2027-2919;20;73,5 %;35,2;3;12;12;1;5;3;4;3;Assez bien;Biologie;Professionnel
COH2027-2920;19;52,9 %;15,3;7;9;7;1;7;3;1;1;Bien;Informatique;Technologique
COH2027-2921;22;37,3 %;14,6;9;12;9;1;5;1;1;1;Très bien;Informatique;Général
COH2027-2922;18;55,7 %;30,1;8;10;8;0;5;3;;1;Assez bien;Informatique;Technologique
COH2027-2923;20;50,9 %;13,8;6;9;6;0;5;1;;1;Passable;Psychologie;Général
COH2027-2924;19;57,3 %;4,1;10;10;10;6;6;2;3;1;Assez bien;STAPS;Général
COH2027-2925;18;71,4 %;47,7;10;12;12;3;6;3;4;3;Passable;Mathématiques;Général
COH2027-2926;19;58,9 %;37,4;5;9;7;3;7;1;3;2;Bien;Droit;Général
COH2027-2927;22;63,8 %;23,4;6;8;6;4;6;2;3;1;Assez bien;Mathématiques;Général
COH2027-2928;20;41,9 %;2,0;8;13;8;0;6;2;2;1;Assez bien;Mathématiques;Général
COH2027-2929;20;67,5 %;15,6;6;10;7;6;6;2;4;4;Bien;Lettres;Technologique
COH2027-2930;24;53,1 %;26,8;5;9;7;3;5;2;3;4;Assez bien;Informatique;Professionnel
COH2027-2931;22;40,9 %;3,0;6;13;6;0;6;1;3;;Passable;Informatique;Général
COH2027-2932;21;69,9 %;28,3;4;13;13;3;6;2;3;3;Passable;Informatique;Technologique
COH2027-2933;24;54,9 %;2,9;9;11;9;0;7;1;3;1;Passable;Lettres;Général
COH2027-2934;19;36,5 %;9,6;9;11;9;3;6;3;2;3;Passable;Informatique;Général
COH2027-2935;18;44,8 %;18,6;7;9;8;2;6;1;1;1;Passable;Biologie;Général
COH2027-2936;18;58,2 %;10,8;6;10;9;0;6;4;1;1;Très bien;Informatique;Général
COH2027-2937;21;61,5 %;7,5;8;12;8;3;5;1;1;1;Assez bien;Informatique;Général
COH2027-2938;21;60,7 %;40,5;9;12;10;0;5;3;2;1;Assez bien;Informatique;Général
COH2027-2939;20;66,1 %;19,4;9;12;10;1;5;4;2;1;Bien;Informatique;Général
COH2027-2940;20;79,3 %;48,3;4;9;9;6;7;4;3;4;Bien;STAPS;Technologique
COH2027-2941;18;45,9 %;19,1;9;12;10;1;6;2;2;1;Assez bien;Informatique;Technologique
COH2027-2942;19;70,5 %;13,7;5;13;10;3;7;2;3;1;Bien;Informatique;Technologique
COH2027-2943;20;52,3 %;24,1;6;9;6;4;6;4;;2;;Informatique;Technologique
COH2027-2944;21;60,4 %;16,4;8;9;9;3;6;4;3;2;Très bien;Informatique;Général
COH2027-2945;21;64,0 %;30,6;9;10;9;5;5;;1;;Bien;Biologie;Professionnel
COH2027-2946;18;52,1 %;36,8;7;10;7;3;7;;2;3;Bien;Informatique;Technologique
COH2027-2947;20;41,4 %;19,6;5;8;6;1;5;2;1;;Assez bien;Psychologie;Général
COH2027-2948;20;61,5 %;14,3;5;8;8;2;6;2;2;1;Passable;STAPS;Général
COH2027-2949;20;47,6 %;21,4;9;10;9;1;5;1;;3;Passable;Informatique;Général
COH2027-2950;19;52,1 %;11,2;5;8;5;2;7;3;4;;Assez bien;Gestion;Général
COH2027-2951;20;43,5 %;6,7;8;13;8;0;5;1;3;1;Passable;Informatique;Général
COH2027-2952;18;68,5 %;32,1;4;8;7;7;5;3;2;1;;Informatique;Général
COH2027-2953;17;67,2 %;22,0;7;9;8;2;6;2;2;;Passable;Lettres;Technologique
COH2027-2954;19;70,4 %;23,4;5;10;7;2;5;1;4;3;Passable;Lettres;Général
COH2027-2955;19;47,0 %;6,5;5;8;5;0;6;1;1;1;Passable;Gestion;Général
COH2027-2956;20;75,1 %;8,1;8;11;8;2;7;2;4;1;Passable;Gestion;Général
COH2027-2957;21;56,9 %;25,7;7;9;7;4;5;2;3;1;Très bien;Informatique;Général
COH2027-2958;20;62,6 %;19,6;6;11;10;5;6;3;3;2;Très bien;Informatique;Général
COH2027-2959;20;72,6 %;36,5;8;13;13;2;5;2;4;1;Assez bien;STAPS;Général
COH2027-2960;19;51,0 %;2,9;8;13;9;1;5;;1;1;Assez bien;Informatique;Technologique
COH2027-2961;19;64,2 %;11,2;8;11;9;3;5;2;2;3;Passable;Droit;Professionnel
COH2027-2962;20;50,1 %;8,0;8;11;10;2;5;2;2;1;Passable;Informatique;Général
COH2027-2963;18;37,7 %;9,9;5;9;5;0;5;1;3;2;;Lettres;Général
COH2027-2964;20;61,6 %;17,4;4;10;9;5;6;4;4;2;Assez bien;STAPS;Technologique
COH2027-2965;19;73,7 %;28,2;7;8;7;5;6;4;4;1;Assez bien;Informatique;Général
COH2027-2966;20;66,9 %;39,0;3;13;12;3;5;3;4;4;Passable;STAPS;Technologique
COH2027-2967;19;55,4 %;31,8;7;12;11;1;6;3;1;2;Très bien;Biologie;Général
COH2027-2968;19;64,9 %;16,5;5;12;9;2;7;3;4;1;Très bien;Informatique;Professionnel
COH2027-2969;20;57,2 %;20,7;6;9;9;4;5;2;2;2;Passable;Psychologie;Général
COH2027-2970;17;55,4 %;9,7;8;8;8;0;6;2;2;1;Bien;Informatique;Général
COH2027-2971;19;78,3 %;36,4;5;9;9;7;6;4;;3;Passable;Psychologie;Technologique
COH2027-2972;18;69,9 %;45,8;5;10;9;6;7;4;3;1;Bien;Lettres;Technologique
COH2027-2973;20;70,8 %;19,2;4;8;8;6;7;3;3;1;Assez bien;Informatique;Général
COH2027-2974;20;43,3 %;16,1;7;13;7;0;6;1;2;1;Assez bien;Informatique;Professionnel
COH2027-2975;19;49,5 %;21,5;5;9;5;1;6;2;4;2;Passable;Informatique;Général
COH2027-2976;19;77,9 %;18,4;7;11;7;4;5;2;3;3;Bien;Gestion;Technologique
COH2027-2977;20;69,4 %;24,4;8;8;8;2;5;2;4;3;Bien;Droit;Technologique
COH2027-2978;19;51,4 %;18,4;7;13;12;3;5;2;2;1;Très bien;Informatique;Général
COH2027-2979;23;55,1 %;27,9;6;8;6;6;5;2;2;3;Bien;Gestion;Général
COH2027-2980;23;49,3 %;17,3;11;13;11;0;5;2;2;1;Très bien;Informatique;Général
COH2027-2981;17;44,1 %;15,2;8;10;8;1;6;2;2;2;Très bien;Informatique;Technologique
COH2027-2982;19;64,2 %;18,3;8;8;8;7;6;;4;1;Passable;Informatique;Général
COH2027-2983;21;73,7 %;21,3;3;8;7;8;5;3;2;4;Assez bien;Mathématiques;Général
COH2027-2984;23;58,5 %;14,7;6;8;7;7;7;3;2;2;Passable;Informatique;Technologique
COH2027-2985;20;20,5 %;9,7;9;13;9;1;6;1;2;2;Passable;Psychologie;Général
COH2027-2986;19;41,6 %;9,4;4;8;4;0;7;1;;1;Passable;Informatique;Professionnel
COH2027-2987;18;72,3 %;33,6;6;11;10;4;5;2;3;2;Assez bien;Informatique;Général
COH2027-2988;24;60,0 %;22,9;7;12;10;3;6;4;4;1;Passable;Informatique;Général
COH2027-2989;18;64,7 %;40,5;4;13;13;8;7;4;;3;Passable;Informatique;Général
COH2027-2990;21;50,7 %;7,5;7;8;7;3;7;1;;1;Passable;Informatique;Général
COH2027-2991;17;75,3 %;32,1;5;11;11;7;7;;4;3;Passable;Mathématiques;Général
COH2027-2992;19;40,8 %;10,1;6;12;6;0;6;1;3;1;Passable;Informatique;Professionnel
COH2027-2993;19;61,0 %;46,9;5;13;13;7;5;3;3;3;Passable;Psychologie;Général
COH2027-2994;20;66,8 %;20,1;4;10;10;4;7;4;3;2;Bien;Informatique;Général
COH2027-2995;21;49,4 %;16,7;7;11;7;5;5;3;2;2;Bien;Informatique;Général
COH2027-2996;19;56,0 %;35,2;10;12;10;4;6;2;4;1;Assez bien;Informatique;Général
COH2027-2997;19;71,5 %;22,3;8;8;8;7;5;4;3;2;Passable;Informatique;Général
COH2027-2998;21;72,8 %;35,9;6;12;11;6;5;;3;2;Passable;Informatique;Technologique
COH2027-2999;20;60,6 %;12,3;8;12;12;3;6;;1;2;Passable;Droit;Général
COH2027-3000;20;56,0 %;26,3;8;11;8;4;5;3;3;2;Assez bien;Informatique;Professionnel
COH2027-3001;18;43,9 %;23,6;7;9;7;4;7;4;2;1;Passable;Informatique;Général
COH2027-3002;18;63,2 %;20,4;6;13;11;2;5;;2;2;Bien;Droit;Général
COH2027-3003;22;67,6 %;24,2;8;9;8;1;6;4;3;1;Bien;Gestion;Général
COH2027-3004;19;49,5 %;6,2;7;10;7;0;7;1;1;1;Assez bien;Informatique;Général
COH2027-3005;24;72,5 %;34,6;5;9;9;5;7;1;3;;Passable;Lettres;Technologique
COH2027-3006;23;73,3 %;38,7;4;12;12;4;6;2;4;4;Assez bien;Informatique;Professionnel
COH2027-3007;19;54,4 %;12,7;8;11;10;2;6;2;3;1;Passable;Informatique;Technologique
COH2027-3008;21;36,7 %;16,3;6;9;6;0;6;1;2;1;Passable;Gestion;Professionnel
COH2027-3009;21;42,3 %;15,8;6;10;7;3;5;2;2;1;Bien;Informatique;Professionnel
COH2027-3010;19;60,7 %;28,6;6;9;7;3;5;2;1;1;Bien;STAPS;Général
COH2027-3011;18;36,5 %;7,4;8;12;9;2;6;;2;2;Assez bien;STAPS;Général
COH2027-3012;22;56,7 %;14,1;6;8;6;2;5;1;1;1;Très bien;Lettres;Professionnel
COH2027-3013;26;50,1 %;13,0;5;13;12;3;5;1;2;1;Très bien;Biologie;Professionnel
COH2027-3014;19;75,6 %;51,7;4;13;13;6;6;4;2;2;Assez bien;Informatique;Général
COH2027-3015;19;69,2 %;21,3;6;10;8;2;5;2;3;4;Très bien;Informatique;Général
COH2027-3016;19;60,4 %;39,0;5;12;9;4;5;2;2;2;Assez bien;Informatique;Général
COH2027-3017;22;79,3 %;51,6;5;11;8;6;5;3;4;3;Passable;Informatique;Général
COH2027-3018;24;32,9 %;1,4;8;11;8;0;6;2;2;2;Bien;Informatique;Général
COH2027-3019;20;50,8 %;5,7;7;12;9;0;7;1;2;4;Très bien;STAPS;Général
COH2027-3020;20;35,8 %;20,9;7;12;7;0;6;2;1;1;Passable;Droit;Technologique
COH2027-3021;20;40,7 %;14,6;8;12;8;1;6;1;1;3;Passable;Mathématiques;Général
COH2027-3022;21;60,4 %;12,7;6;13;12;5;7;4;4;2;Assez bien;Informatique;Général
COH2027-3023;18;55,0 %;7,2;6;13;11;2;5;3;3;1;Assez bien;Informatique;Technologique
COH2027-3024;17;56,3 %;18,6;9;13;9;0;6;1;1;2;Bien;Informatique;Technologique
COH2027-3025;17;42,8 %;2,5;4;9;4;0;5;1;;1;Très bien;Informatique;Général
COH2027-3026;19;60,5 %;21,8;6;9;6;2;6;2;1;2;Assez bien;Informatique;Général
COH2027-3027;22;40,2 %;2,0;4;12;4;0;7;1;;1;Passable;Droit;Général
COH2027-3028;25;57,7 %;3,8;4;9;4;0;6;1;1;;Assez bien;Informatique;Technologique
COH2027-3029;19;71,5 %;52,9;7;10;9;5;5;2;1;3;Passable;Psychologie;Général
COH2027-3030;18;72,7 %;29,9;6;8;7;7;7;4;2;2;Passable;Informatique;Technologique
COH2027-3031;19;50,1 %;21,8;5;8;7;1;6;1;2;1;Passable;Informatique;Technologique
COH2027-3032;20;63,3 %;11,1;5;8;7;1;7;2;2;1;Assez bien;Droit;Général
COH2027-3033;18;68,7 %;32,3;9;13;10;3;7;2;3;3;Assez bien;Psychologie;Technologique
COH2027-3034;20;47,0 %;26,8;8;11;8;2;6;2;2;1;Bien;Informatique;Technologique
COH2027-3035;19;48,2 %;25,9;9;11;10;1;6;1;3;4;Assez bien;Informatique;Général
COH2027-3036;21;24,3 %;9,0;6;10;6;0;6;1;2;2;Bien;Biologie;Général
COH2027-3037;21;45,3 %;5,3;5;10;5;0;6;2;2;2;Passable;Informatique;Général
COH2027-3038;21;45,7 %;9,5;6;9;6;1;6;2;1;1;Passable;Gestion;Général
COH2027-3039;20;39,2 %;10,2;5;13;12;6;6;1;3;1;Assez bien;Gestion;Professionnel
COH2027-3040;24;57,8 %;17,8;7;11;8;1;5;2;1;3;Assez bien;Informatique;Technologique
COH2027-3041;21;61,5 %;7,0;7;11;7;0;6;1;2;1;;Gestion;Technologique
COH2027-3042;17;51,7 %;23,6;8;11;9;4;6;2;4;1;Assez bien;Gestion;Technologique
COH2027-3043;20;55,7 %;24,1;4;13;9;1;7;2;2;1;Assez bien;Gestion;Général
COH2027-3044;22;53,4 %;8,8;9;13;9;0;7;1;1;1;Bien;Informatique;Général
COH2027-3045;18;61,6 %;33,2;4;13;11;3;5;3;3;1;Bien;Informatique;Général
COH2027-3046;23;48,4 %;8,6;7;12;7;0;5;1;1;1;Passable;Informatique;Général
COH2027-3047;22;73,6 %;41,6;4;12;12;6;5;4;2;3;Passable;Informatique;Général
COH2027-3048;22;66,3 %;17,7;5;12;11;4;6;;2;;Assez bien;Droit;Technologique
COH2027-3049;20;40,5 %;5,0;6;9;6;0;7;1;2;;Passable;Mathématiques;Général
COH2027-3050;19;53,4 %;7,8;8;12;9;2;5;1;1;2;Bien;Psychologie;Technologique
COH2027-3051;20;62,2 %;7,6;6;8;7;3;6;;4;3;Passable;Informatique;Général
COH2027-3052;23;70,7 %;45,5;5;9;7;6;7;4;3;1;Assez bien;Informatique;Général
COH2027-3053;18;57,0 %;56,8;11;13;11;2;5;3;;1;Passable;Gestion;Général
COH2027-3054;18;43,9 %;1,1;5;10;5;0;6;;1;3;Passable;Biologie;Technologique
COH2027-3055;22;68,3 %;31,4;7;10;8;8;6;4;2;4;Passable;Informatique;Général
COH2027-3056;20;73,0 %;26,1;7;9;9;5;6;3;4;3;Assez bien;Droit;Professionnel
COH2027-3057;20;41,9 %;15,8;6;12;6;0;5;3;2;1;Passable;Lettres;Général
COH2027-3058;19;53,0 %;16,1;5;12;11;1;6;1;3;2;Assez bien;Gestion;Technologique
COH2027-3059;23;54,5 %;15,6;7;12;11;1;6;2;1;1;Assez bien;Informatique;Professionnel
COH2027-3060;20;66,8 %;36,8;3;10;10;7;6;4;3;3;;Droit;Général
COH2027-3061;19;47,4 %;21,1;6;10;8;0;6;2;2;1;Assez bien;Biologie;Professionnel
COH2027-3062;22;66,3 %;17,7;5;12;11;4;6;;2;;Assez bien;Droit;Technologique
COH2027-3063;18;64,8 %;41,6;5;9;9;6;5;4;3;3;Très bien;Lettres;Général
COH2027-3064;17;55,1 %;7,2;8;10;8;2;6;1;2;1;Passable;STAPS;Général
COH2027-3065;18;47,7 %;13,7;7;9;7;4;5;4;2;1;Assez bien;Mathématiques;Technologique
COH2027-3066;20;76,9 %;27,6;3;9;9;8;5;4;4;4;Passable;Informatique;Général
COH2027-3067;21;72,8 %;17,3;7;11;8;3;6;1;3;2;Bien;Droit;Technologique
COH2027-3068;18;55,2 %;16,9;7;11;7;2;6;2;1;2;Assez bien;Droit;Général
COH2027-3069;18;44,5 %;14,8;5;10;5;2;5;2;2;1;Bien;Droit;Général
COH2027-3070;18;53,1 %;11,4;5;8;6;4;5;3;3;1;Bien;Informatique;Général
COH2027-3071;18;58,8 %;13,0;8;13;9;5;5;1;3;3;Bien;Informatique;Technologique
COH2027-3072;18;67,6 %;24,5;5;11;9;5;6;1;3;3;Passable;Informatique;Général
COH2027-3073;21;46,8 %;13,9;6;9;6;1;7;1;4;1;Assez bien;Biologie;Général
COH2027-3074;22;40,1 %;32,7;9;10;9;2;6;2;3;1;Passable;Informatique;Technologique
COH2027-3075;19;42,4 %;34,0;7;11;10;6;6;3;4;3;Assez bien;Informatique;Général
COH2027-3076;19;78,3 %;36,4;5;9;9;7;6;4;;3;Passable;Psychologie;Technologique
COH2027-3077;21;32,7 %;20,8;4;10;9;1;5;2;3;1;Passable;Informatique;Technologique
COH2027-3078;19;68,0 %;13,8;9;10;9;5;6;2;2;2;Passable;Gestion;Général
COH2027-3079;18;46,1 %;14,2;8;10;8;1;6;4;1;3;Très bien;Informatique;Général
COH2027-3080;18;57,2 %;14,0;6;11;10;4;6;4;3;1;Passable;Mathématiques;Technologique
COH2027-3081;22;42,4 %;26,4;8;13;8;0;5;2;3;1;Passable;Informatique;Professionnel
COH2027-3082;21;73,2 %;24,7;6;11;11;5;6;3;2;;Passable;Mathématiques;Général
COH2027-3083;18;54,2 %;18,9;5;13;10;0;6;4;1;;Très bien;Psychologie;Général
COH2027-3084;21;51,0 %;11,2;8;11;8;1;5;1;1;1;Bien;Droit;Général
COH2027-3085;19;48,2 %;25,9;9;11;10;1;6;1;3;4;Assez bien;Mathématiques;Général
COH2027-3086;17;61,3 %;44,9;5;8;8;2;7;1;2;2;Bien;Droit;Général
COH2027-3087;22;62,8 %;26,4;7;10;8;2;5;3;3;1;Assez bien;Mathématiques;Professionnel
COH2027-3088;18;48,3 %;27,2;9;12;12;3;6;3;2;1;Assez bien;Droit;Technologique
COH2027-3089;20;39,4 %;8,8;7;9;7;2;6;1;1;1;Passable;Gestion;Général
COH2027-3090;18;72,2 %;62,5;5;12;12;6;7;2;4;2;Très bien;Biologie;Général
COH2027-3091;22;46,6 %;31,6;6;13;11;3;6;2;;3;Assez bien;Lettres;Professionnel
COH2027-3092;19;59,3 %;62,4;7;8;7;5;6;3;3;3;Passable;Droit;Général
COH2027-3093;21;76,7 %;13,8;5;8;8;7;7;4;3;3;Passable;Informatique;Général
COH2027-3094;22;56,5 %;29,1;3;9;9;5;6;3;2;2;Assez bien;STAPS;Général
COH2027-3095;19;55,1 %;1,4;5;8;5;0;7;1;2;3;Assez bien;Psychologie;Professionnel
COH2027-3096;21;61,5 %;7,0;7;11;7;0;7;;1;2;Assez bien;Informatique;Général
COH2027-3097;19;66,0 %;26,1;6;13;11;3;5;3;4;2;Passable;Informatique;Général
COH2027-3098;21;60,1 %;39,5;4;8;8;6;7;1;2;4;Assez bien;Informatique;Professionnel
COH2027-3099;24;60,0 %;22,9;7;12;10;3;6;4;4;1;Passable;Informatique;Général
COH2027-3100;19;38,5 %;2,8;6;10;6;0;6;1;2;1;Passable;Gestion;Général
COH2027-3101;19;55,4 %;31,8;7;12;11;1;6;3;1;2;Très bien;Informatique;Général
COH2027-3102;18;58,6 %;28,1;10;12;11;3;6;2;3;2;Passable;STAPS;Général
COH2027-3103;19;78,7 %;25,9;5;12;9;4;5;2;2;1;Assez bien;Droit;Technologique
COH2027-3104;17;79,1 %;24,8;3;13;13;4;6;4;3;4;Passable;Mathématiques;Professionnel
COH2027-3105;18;66,2 %;35,4;6;11;11;3;5;2;4;2;Passable;Lettres;Général
COH2027-3106;17;58,5 %;8,7;7;10;8;5;6;1;4;2;;Informatique;Professionnel
COH2027-3107;23;76,1 %;25,1;6;11;11;2;6;4;2;3;Bien;Informatique;Technologique
COH2027-3108;21;79,0 %;24,9;6;10;10;10;5;1;3;1;Assez bien;Informatique;Général
COH2027-3109;20;64,5 %;12,1;6;9;9;0;6;3;4;1;Très bien;Lettres;Général
COH2027-3110;19;46,0 %;26,6;8;12;8;3;7;1;1;1;Passable;Informatique;Général
COH2027-3111;22;53,9 %;3,5;5;9;5;2;6;3;;2;Assez bien;Gestion;Professionnel
COH2027-3112;18;55,8 %;18,1;4;8;8;5;5;3;3;1;;Droit;Technologique
COH2027-3113;22;52,3 %;11,7;8;11;9;3;6;1;1;3;Assez bien;Lettres;Général
COH2027-3114;21;47,1 %;10,0;4;10;7;2;6;2;1;;Passable;Psychologie;Général
COH2027-3115;24;70,7 %;37,1;5;10;10;6;5;3;3;3;Assez bien;Informatique;Général
COH2027-3116;21;68,5 %;19,4;8;13;13;4;7;3;4;3;Assez bien;Informatique;Général
COH2027-3117;20;41,8 %;12,6;6;9;6;0;7;2;3;2;Bien;Lettres;Général
COH2027-3118;17;75,4 %;18,9;6;10;10;3;6;4;4;4;Passable;Gestion;Technologique
COH2027-3119;20;61,3 %;22,8;5;9;7;8;5;4;4;4;Passable;Informatique;Général
COH2027-3120;23;46,3 %;6,4;10;13;10;0;5;;2;2;Passable;Informatique;Général
COH2027-3121;22;57,1 %;7,3;7;13;12;3;5;4;4;3;Bien;Lettres;Technologique
COH2027-3122;21;63,1 %;27,6;5;11;10;2;6;3;3;1;Passable;Informatique;Général
COH2027-3123;18;61,0 %;8,3;6;8;6;2;6;1;2;3;Assez bien;Droit;Général
COH2027-3124;20;63,4 %;21,8;7;9;9;3;5;3;3;2;Passable;Informatique;Technologique
COH2027-3125;19;59,4 %;26,2;6;8;7;7;7;4;2;1;Assez bien;Informatique;Général
COH2027-3126;17;79,1 %;38,0;3;9;9;6;6;4;4;3;Bien;Psychologie;Technologique
COH2027-3127;19;60,0 %;30,9;8;8;8;11;7;3;;1;Passable;Informatique;Général
COH2027-3128;18;74,0 %;64,0;4;8;8;11;6;4;3;3;;STAPS;Général
COH2027-3129;20;49,7 %;10,1;7;9;7;1;5;;2;2;Assez bien;Informatique;Général
COH2027-3130;20;63,7 %;10,7;7;9;7;1;6;2;3;1;Assez bien;Droit;Technologique
COH2027-3131;19;50,1 %;8,7;9;13;10;0;7;1;1;1;Passable;Informatique;Général
COH2027-3132;23;56,5 %;12,2;7;9;7;0;5;1;1;1;Passable;Informatique;Général
COH2027-3133;24;65,8 %;20,8;6;13;11;3;7;3;2;2;Passable;Mathématiques;Général
COH2027-3134;17;40,4 %;0,1;5;10;5;0;6;2;2;2;;Informatique;Général
COH2027-3135;20;24,0 %;0,0;4;9;4;0;5;;1;1;Très bien;Gestion;Général
COH2027-3136;19;57,5 %;18,9;7;8;7;7;5;4;;2;Assez bien;Informatique;Professionnel
COH2027-3137;17;61,5 %;19,4;5;10;9;10;6;4;3;3;Bien;Informatique;Général
COH2027-3138;20;75,1 %;8,1;8;11;8;2;7;2;4;1;Passable;Informatique;Général
COH2027-3139;20;75,2 %;29,0;8;13;11;2;6;4;2;3;Bien;Lettres;Technologique
COH2027-3140;19;71,3 %;35,4;3;12;12;3;6;4;3;4;Très bien;Psychologie;Général
COH2027-3141;20;54,8 %;22,6;9;11;9;4;6;2;2;3;Passable;Biologie;Technologique
COH2027-3142;20;34,9 %;11,2;9;13;12;0;6;2;2;1;Passable;Gestion;Technologique
COH2027-3143;18;66,0 %;10,6;5;9;8;6;5;1;2;1;Passable;Biologie;Technologique
COH2027-3144;18;56,5 %;19,2;6;8;7;2;6;1;2;2;Assez bien;Informatique;Technologique
COH2027-3145;17;51,6 %;41,4;6;13;13;2;7;3;3;2;Assez bien;Informatique;Général
COH2027-3146;20;54,5 %;32,4;4;10;8;1;6;;2;3;Bien;Informatique;Technologique
COH2027-3147;23;79,1 %;15,2;10;10;10;7;7;2;2;2;Bien;Informatique;Technologique
COH2027-3148;19;65,8 %;25,6;5;13;12;2;7;2;4;1;Passable;Gestion;Technologique
COH2027-3149;18;35,1 %;7,6;6;8;6;0;6;2;;2;Passable;Informatique;Technologique
COH2027-3150;18;52,1 %;27,6;7;9;7;1;5;2;2;1;Passable;Informatique;Technologique
COH2027-3151;22;74,4 %;16,7;6;9;8;2;5;3;3;3;Passable;Informatique;Général
COH2027-3152;18;54,5 %;27,0;4;11;11;2;5;2;2;2;Passable;Gestion;Technologique
COH2027-3153;23;65,7 %;29,2;4;13;12;4;6;1;1;2;Passable;Informatique;Général
COH2027-3154;17;37,7 %;9,2;5;9;5;0;6;1;2;1;Bien;Informatique;Technologique
COH2027-3155;23;42,5 %;28,0;7;8;7;6;5;3;3;1;Passable;Informatique;Général
COH2027-3156;22;57,2 %;23,5;5;8;7;4;6;3;1;;Très bien;Biologie;Général
COH2027-3157;18;79,9 %;29,8;7;13;12;2;6;1;3;1;Passable;Informatique;Professionnel
COH2027-3158;22;46,6 %;31,6;6;13;11;3;6;2;;3;Assez bien;Lettres;Professionnel
COH2027-3159;21;37,9 %;4,4;6;11;6;0;5;2;1;1;Bien;Informatique;Général
COH2027-3160;21;59,3 %;7,2;6;8;6;1;7;2;1;1;Passable;Informatique;Technologique
COH2027-3161;18;41,8 %;17,3;6;11;6;1;5;3;2;3;Passable;STAPS;Général
COH2027-3162;19;62,4 %;16,1;6;9;7;2;5;3;4;2;Assez bien;Droit;Général
COH2027-3163;20;26,5 %;0,0;4;8;4;0;5;1;1;1;Passable;Informatique;Professionnel
COH2027-3164;18;50,4 %;40,3;7;10;10;8;6;2;;;Assez bien;Biologie;Technologique
COH2027-3165;17;75,5 %;30,9;3;8;8;5;5;3;4;4;Passable;STAPS;Général
COH2027-3166;18;50,6 %;21,1;6;13;9;3;5;2;2;;;Informatique;Professionnel
COH2027-3167;18;58,7 %;17,5;6;10;6;0;6;1;;1;Assez bien;Informatique;Général
COH2027-3168;22;68,2 %;29,0;5;9;8;9;5;2;2;4;Passable;Droit;Professionnel
COH2027-3169;19;71,8 %;30,9;5;11;8;4;5;1;4;2;Passable;Informatique;Technologique
COH2027-3170;17;67,5 %;22,1;6;11;9;3;5;3;;3;Passable;Informatique;Général
COH2027-3171;26;50,6 %;21,9;7;13;10;3;6;3;3;3;Assez bien;STAPS;Technologique
COH2027-3172;19;78,7 %;26,9;4;11;11;6;7;4;3;2;Très bien;Droit;Général
COH2027-3173;23;51,7 %;12,3;6;8;6;1;6;2;3;;Passable;STAPS;Technologique
COH2027-3174;20;44,2 %;12,9;6;12;8;0;7;3;1;1;Bien;Droit;Général
COH2027-3175;21;60,9 %;31,1;4;11;11;6;5;3;3;3;Passable;Biologie;Professionnel
COH2027-3176;18;78,1 %;44,5;3;8;8;13;7;4;4;4;Assez bien;Lettres;Général
COH2027-3177;20;62,3 %;20,3;5;11;11;7;7;4;3;3;Très bien;Mathématiques;Technologique
COH2027-3178;25;72,5 %;39,9;4;11;11;10;7;4;2;3;Très bien;Lettres;Général
COH2027-3179;20;42,6 %;2,6;6;9;6;1;6;1;3;;Passable;STAPS;Professionnel
COH2027-3180;23;42,2 %;17,9;8;10;8;1;6;1;3;2;Assez bien;Informatique;Général
COH2027-3181;19;64,2 %;18,3;8;8;8;7;6;;4;1;Passable;Psychologie;Général
COH2027-3182;20;54,8 %;25,4;6;10;6;0;6;3;2;1;Bien;Informatique;Général
COH2027-3183;20;41,2 %;26,7;8;11;8;2;6;1;2;2;Passable;STAPS;Général
COH2027-3184;18;45,8 %;13,4;8;12;8;1;6;2;2;2;Assez bien;STAPS;Technologique
COH2027-3185;17;33,1 %;10,2;4;8;4;0;7;1;1;;;Informatique;Professionnel
COH2027-3186;23;56,5 %;22,8;8;11;8;4;5;1;3;2;Très bien;Lettres;Général
COH2027-3187;21;41,5 %;9,6;8;11;8;0;6;2;2;2;Assez bien;Psychologie;Technologique
COH2027-3188;20;58,8 %;11,4;5;10;7;3;7;2;1;2;Bien;Droit;Général
COH2027-3189;17;78,1 %;15,9;4;13;13;6;6;2;4;2;Passable;Informatique;Technologique
COH2027-3190;23;71,8 %;28,1;4;11;11;6;5;4;3;3;Assez bien;STAPS;Général
COH2027-3191;20;53,9 %;31,1;8;13;10;1;5;2;3;1;Très bien;Psychologie;Général
COH2027-3192;22;70,5 %;35,4;5;11;10;4;6;4;4;3;Assez bien;Informatique;Général
COH2027-3193;23;59,9 %;28,4;6;8;7;5;5;2;2;3;Passable;Informatique;Général
COH2027-3194;19;54,3 %;19,4;7;13;11;6;6;4;3;3;Bien;Gestion;Général
COH2027-3195;18;59,5 %;36,5;5;8;8;5;6;2;3;2;Assez bien;Gestion;Technologique
COH2027-3196;20;73,7 %;23,5;3;10;10;6;6;4;4;1;Passable;Informatique;Général
COH2027-3197;20;64,4 %;12,2;7;12;10;3;5;1;3;1;Assez bien;Psychologie;Général
COH2027-3198;17;55,5 %;21,2;5;9;7;3;6;1;2;4;Assez bien;Informatique;Général
COH2027-3199;18;50,3 %;6,7;5;8;5;1;7;1;2;1;Passable;STAPS;Technologique
COH2027-3200;19;70,6 %;52,0;5;11;11;8;7;4;4;2;Bien;Informatique;Général
COH2027-3201;23;36,9 %;2,6;3;9;3;0;6;2;1;1;Très bien;Droit;Général
COH2027-3202;21;63,4 %;11,7;7;9;7;2;6;1;;2;Passable;Psychologie;Professionnel
COH2027-3203;17;66,4 %;30,9;7;11;7;6;6;4;4;4;Bien;Informatique;Professionnel
COH2027-3204;19;49,9 %;17,8;6;10;6;0;6;1;1;1;Passable;Informatique;Technologique
COH2027-3205;19;60,6 %;25,2;11;13;11;2;6;3;3;1;Assez bien;STAPS;Général
COH2027-3206;22;69,2 %;28,7;4;9;6;5;7;;3;4;Passable;Informatique;Général
COH2027-3207;18;40,7 %;13,8;6;8;6;1;6;1;2;3;Passable;Biologie;Technologique
COH2027-3208;18;59,0 %;21,7;7;8;7;1;6;;3;2;Assez bien;Biologie;Général
COH2027-3209;21;48,3 %;39,6;6;10;8;1;6;3;2;2;Bien;Informatique;Général
COH2027-3210;20;60,1 %;21,4;6;12;10;2;6;3;4;2;Assez bien;Informatique;Technologique
COH2027-3211;22;56,9 %;17,1;8;13;9;6;7;;1;3;Bien;Psychologie;Général
COH2027-3212;17;61,5 %;19,4;5;10;9;10;6;4;3;3;Bien;Informatique;Général
COH2027-3213;20;53,8 %;15,1;9;13;9;3;5;2;3;3;Passable;Informatique;Général
COH2027-3214;17;61,4 %;13,4;4;13;12;2;7;1;4;2;Assez bien;Informatique;Général
COH2027-3215;26;70,6 %;2,1;6;12;9;2;5;1;2;2;Assez bien;Informatique;Général
COH2027-3216;19;70,5 %;24,9;7;11;9;2;5;2;4;1;Passable;Informatique;Professionnel
COH2027-3217;18;65,3 %;20,4;3;13;13;2;6;2;3;2;Passable;Informatique;Général
COH2027-3218;20;71,6 %;14,4;6;12;10;4;6;1;3;1;Assez bien;Informatique;Technologique
COH2027-3219;18;74,2 %;37,3;6;10;8;3;6;2;1;2;Assez bien;Mathématiques;Technologique
COH2027-3220;18;74,8 %;21,2;5;12;11;4;5;3;1;4;Passable;Biologie;Général
COH2027-3221;20;32,8 %;11,2;9;13;11;0;7;;1;3;Passable;Lettres;Général
COH2027-3222;19;36,3 %;1,9;4;8;4;0;7;1;1;1;Passable;Gestion;Général
COH2027-3223;19;52,2 %;11,4;8;12;10;0;7;1;1;2;Bien;Informatique;Général
COH2027-3224;21;60,1 %;39,5;4;8;8;6;7;1;2;4;Assez bien;Informatique;Professionnel
COH2027-3225;19;50,5 %;7,0;8;11;8;0;6;1;3;3;Assez bien;Mathématiques;Général
COH2027-3226;20;61,9 %;26,8;7;9;9;5;6;4;4;1;Passable;Informatique;Général
COH2027-3227;20;58,2 %;17,3;4;10;8;0;7;2;2;2;Passable;Lettres;Général
COH2027-3228;19;46,9 %;12,8;7;10;9;1;6;2;1;2;Assez bien;Informatique;Général
COH2027-3229;23;63,6 %;21,8;7;9;9;3;7;2;2;2;Passable;Gestion;Technologique
COH2027-3230;18;40,5 %;7,8;9;13;10;0;6;3;1;1;Assez bien;Gestion;Professionnel
COH2027-3231;20;54,2 %;11,6;5;11;8;3;6;2;3;1;Passable;Biologie;Général
COH2027-3232;19;43,5 %;18,4;7;8;7;6;6;2;3;1;Assez bien;Informatique;Professionnel
COH2027-3233;24;79,6 %;23,1;6;8;8;7;6;4;2;4;Assez bien;Informatique;Professionnel
COH2027-3234;20;41,4 %;19,6;5;8;6;1;5;2;1;;Assez bien;Psychologie;Général
COH2027-3235;20;42,6 %;8,9;7;11;7;0;6;1;3;1;Passable;Droit;Professionnel
COH2027-3236;21;65,9 %;22,1;5;8;5;2;7;1;;2;Passable;Droit;Technologique
COH2027-3237;25;58,5 %;25,3;4;10;10;3;6;3;2;3;Passable;Psychologie;Général
COH2027-3238;19;60,1 %;12,0;7;8;7;1;5;1;3;2;Assez bien;Mathématiques;Technologique
COH2027-3239;21;60,1 %;31,4;7;9;8;3;5;3;;3;Assez bien;Informatique;Général
COH2027-3240;17;54,0 %;36,9;8;12;11;2;5;4;1;2;Très bien;Informatique;Général
COH2027-3241;20;72,5 %;28,5;5;12;11;3;7;4;1;2;Passable;Informatique;Technologique
COH2027-3242;20;66,8 %;29,1;8;11;9;7;6;3;2;1;Assez bien;Biologie;Général
COH2027-3243;21;70,1 %;30,6;6;9;9;5;6;3;4;3;Bien;Biologie;Général
COH2027-3244;20;53,9 %;17,1;10;12;10;0;5;2;2;1;Passable;Biologie;Général
COH2027-3245;23;47,3 %;9,2;9;13;9;1;7;1;2;1;Assez bien;Biologie;Général
COH2027-3246;19;64,8 %;19,2;6;8;8;6;6;4;4;2;Assez bien;Informatique;Général
COH2027-3247;21;72,3 %;31,9;5;12;11;4;5;4;1;2;Assez bien;Informatique;Général
COH2027-3248;23;76,8 %;23,4;4;11;11;3;5;4;2;3;Bien;Informatique;Technologique
COH2027-3249;18;53,3 %;32,6;5;8;7;2;7;4;2;1;Passable;Informatique;Technologique
COH2027-3250;22;60,2 %;8,2;5;8;5;0;5;2;1;1;Assez bien;Informatique;Général
COH2027-3251;21;36,8 %;3,0;9;13;9;0;7;1;2;1;Assez bien;Lettres;Général
COH2027-3252;18;34,4 %;18,4;8;11;8;0;6;1;1;2;Passable;Lettres;Général
COH2027-3253;20;72,3 %;25,2;3;9;9;6;6;4;4;;Passable;Informatique;Général
COH2027-3254;19;53,1 %;18,2;9;12;11;3;6;1;2;2;Assez bien;Droit;Technologique
COH2027-3255;20;33,0 %;0,0;5;10;5;0;6;1;1;1;Bien;Droit;Professionnel
COH2027-3256;19;70,1 %;6,8;8;13;11;1;6;3;3;1;;Informatique;Technologique
COH2027-3257;18;78,6 %;20,8;6;10;9;3;5;3;4;3;Assez bien;Informatique;Technologique
COH2027-3258;19;69,7 %;21,8;7;10;8;7;6;4;2;2;Passable;Psychologie;Technologique
COH2027-3259;20;70,9 %;36,1;3;12;12;2;6;;4;1;Assez bien;Mathématiques;Général
COH2027-3260;17;44,8 %;8,9;7;10;9;1;6;3;1;1;Assez bien;STAPS;Technologique
COH2027-3261;19;60,0 %;30,9;8;8;8;11;7;3;;1;Passable;Informatique;Général
COH2027-3262;18;77,9 %;37,8;7;9;9;2;7;3;4;1;Passable;Informatique;Général
COH2027-3263;18;72,6 %;27,2;7;11;11;4;5;;2;1;Assez bien;Informatique;Général
COH2027-3264;21;71,0 %;12,8;6;10;8;6;5;3;1;2;Passable;STAPS;Général
COH2027-3265;24;65,8 %;20,8;6;13;11;3;7;3;2;2;Passable;Informatique;Général
COH2027-3266;17;64,6 %;31,4;8;12;10;4;6;4;1;3;Passable;Biologie;Général
COH2027-3267;17;76,3 %;13,2;4;11;11;4;5;2;2;;;Informatique;Professionnel
COH2027-3268;20;76,1 %;42,5;3;8;8;6;5;4;2;4;Passable;STAPS;Professionnel
COH2027-3269;19;57,8 %;24,4;6;8;7;9;5;4;3;2;Assez bien;Informatique;Général
COH2027-3270;18;56,4 %;20,7;7;13;8;1;6;2;;2;Passable;Informatique;Général
COH2027-3271;17;62,4 %;15,8;8;11;8;3;5;2;2;2;Assez bien;Psychologie;Technologique
COH2027-3272;20;77,0 %;30,4;3;12;12;11;6;4;3;3;Bien;Droit;Général
COH2027-3273;18;76,9 %;31,8;4;11;11;6;6;4;4;3;Assez bien;Informatique;Technologique
COH2027-3274;20;61,5 %;14,3;5;8;8;2;6;2;2;1;Passable;Informatique;Général
COH2027-3275;21;61,8 %;32,3;7;8;7;10;5;;;1;Passable;Biologie;Professionnel
COH2027-3276;18;68,0 %;26,8;7;12;10;2;5;3;1;3;Bien;STAPS;Général
COH2027-3277;20;44,6 %;5,2;6;9;6;0;6;1;1;1;Bien;STAPS;Technologique
COH2027-3278;21;61,5 %;7,0;7;11;7;0;6;1;2;1;;Gestion;Technologique
COH2027-3279;21;70,6 %;40,6;4;13;13;6;7;3;4;3;Passable;Informatique;Technologique
COH2027-3280;17;56,3 %;18,6;9;13;9;0;6;1;1;2;Bien;Informatique;Technologique
COH2027-3281;21;66,0 %;45,4;9;12;10;4;6;2;2;1;Passable;Droit;Général
COH2027-3282;20;76,8 %;15,6;6;13;12;4;7;3;2;2;Très bien;Informatique;Général
COH2027-3283;23;61,0 %;27,1;3;10;8;3;5;3;4;1;Bien;Mathématiques;Général
COH2027-3284;18;61,2 %;27,8;8;11;9;4;5;2;3;3;Assez bien;Psychologie;Technologique
COH2027-3285;22;42,4 %;26,4;8;13;8;0;5;2;3;1;Passable;Informatique;Professionnel
COH2027-3286;19;56,3 %;9,7;7;11;7;0;6;1;1;1;Assez bien;Informatique;Technologique
COH2027-3287;19;79,9 %;27,4;8;9;9;2;6;3;3;2;Passable;Biologie;Général
COH2027-3288;20;50,7 %;10,8;7;10;7;0;6;2;2;2;Très bien;Gestion;Technologique
COH2027-3289;17;49,3 %;10,6;7;12;9;3;5;3;1;1;Très bien;Gestion;Général
COH2027-3290;19;41,4 %;29,6;6;10;6;2;6;1;3;2;Assez bien;STAPS;Professionnel
COH2027-3291;20;71,8 %;23,6;8;12;9;4;7;3;1;4;Bien;Gestion;Général
COH2027-3292;23;45,7 %;27,6;9;13;10;4;5;1;3;3;Assez bien;Gestion;Professionnel
COH2027-3293;23;77,3 %;53,0;3;11;10;4;6;;4;3;Assez bien;Informatique;Général
COH2027-3294;20;41,8 %;8,8;9;11;9;0;6;2;1;1;Passable;Informatique;Technologique
COH2027-3295;18;56,7 %;15,9;8;10;8;1;5;2;1;3;Passable;Informatique;Technologique
COH2027-3296;21;60,6 %;16,4;5;12;11;6;6;2;2;2;Bien;Lettres;Technologique
COH2027-3297;20;65,0 %;21,4;6;10;7;1;7;1;3;2;Bien;Droit;Général
COH2027-3298;18;44,6 %;11,4;6;9;7;2;5;4;1;4;Passable;Informatique;Technologique
COH2027-3299;18;55,3 %;28,1;6;10;8;2;6;2;3;2;Passable;Informatique;Général
COH2027-3300;19;58,5 %;29,6;5;12;10;3;5;;1;3;Passable;Droit;Général
COH2027-3301;19;28,8 %;4,9;5;8;5;0;6;1;1;1;Assez bien;Gestion;Général
COH2027-3302;18;56,5 %;19,2;6;8;7;2;6;1;2;2;Assez bien;Biologie;Technologique
COH2027-3303;24;49,7 %;22,7;6;10;6;1;6;3;1;2;Bien;Biologie;Technologique
COH2027-3304;21;46,8 %;13,9;6;9;6;1;7;1;4;1;Assez bien;Biologie;Général
COH2027-3305;18;55,4 %;32,3;7;11;9;2;5;3;1;1;Assez bien;Mathématiques;Professionnel
COH2027-3306;20;58,8 %;11,4;5;10;7;3;7;2;1;2;Bien;Droit;Général
COH2027-3307;21;50,4 %;19,8;5;10;8;1;7;;3;3;Passable;Psychologie;Technologique
COH2027-3308;19;38,0 %;6,7;8;10;8;0;7;1;1;1;Passable;Mathématiques;Technologique
COH2027-3309;20;79,2 %;57,4;7;11;11;3;5;;2;2;Passable;Psychologie;Professionnel
COH2027-3310;21;79,7 %;31,9;4;9;7;6;6;3;1;4;Passable;Gestion;Général
COH2027-3311;20;67,3 %;34,8;3;11;10;7;5;3;4;2;Passable;Informatique;Technologique
COH2027-3312;23;54,9 %;6,8;7;12;9;0;6;2;1;2;Passable;Informatique;Technologique
COH2027-3313;18;64,1 %;25,3;7;11;7;2;6;2;;1;Assez bien;STAPS;Général
COH2027-3314;21;67,3 %;10,8;4;9;9;5;7;3;2;1;Bien;Informatique;Technologique
COH2027-3315;21;77,7 %;22,1;7;13;13;6;6;3;3;3;;Informatique;Technologique
COH2027-3316;20;57,4 %;14,1;4;8;7;2;6;2;2;1;Très bien;Lettres;Général
COH2027-3317;22;70,7 %;3,0;4;12;11;4;6;4;4;2;Passable;Informatique;Technologique
COH2027-3318;17;42,2 %;5,3;7;12;10;0;7;3;1;2;Passable;Informatique;Professionnel
COH2027-3319;18;57,4 %;8,4;9;13;9;2;7;2;2;3;Passable;Psychologie;Général
COH2027-3320;19;78,7 %;26,9;4;11;11;6;7;4;3;2;Très bien;Informatique;Général
COH2027-3321;18;66,2 %;35,4;6;11;11;3;5;2;4;2;Passable;Lettres;Général
COH2027-3322;21;62,7 %;19,9;8;9;8;3;6;3;3;2;Bien;Biologie;Général
COH2027-3323;19;75,4 %;31,2;4;10;9;5;6;4;2;3;Bien;Lettres;Général
COH2027-3324;17;52,1 %;0,1;5;8;5;0;6;1;1;1;Passable;Informatique;Professionnel
COH2027-3325;20;51,6 %;14,2;5;8;7;1;6;2;2;4;Assez bien;Biologie;Général
COH2027-3326;21;69,5 %;33,6;4;12;10;6;5;3;2;2;Bien;Droit;Technologique
COH2027-3327;19;55,1 %;25,6;6;12;7;3;6;3;2;1;Passable;Gestion;Général
COH2027-3328;17;76,6 %;40,9;4;11;11;7;7;;;4;Passable;Droit;Général
COH2027-3329;22;53,9 %;3,5;5;9;5;2;6;3;;2;Assez bien;Gestion;Professionnel
COH2027-3330;20;53,9 %;17,1;10;12;10;0;5;2;2;1;Passable;Biologie;Général
COH2027-3331;19;54,3 %;19,4;7;13;11;6;6;4;3;3;Bien;Informatique;Général
COH2027-3332;21;61,2 %;18,1;5;10;9;6;7;3;;3;Assez bien;Informatique;Technologique
COH2027-3333;17;49,8 %;11,4;6;9;7;2;7;1;1;1;Passable;Informatique;Général
COH2027-3334;19;77,4 %;15,2;4;10;8;2;6;3;2;4;Assez bien;Informatique;Professionnel
COH2027-3335;21;55,4 %;20,2;6;8;6;1;6;;2;2;Assez bien;Gestion;Général
COH2027-3336;21;54,9 %;16,1;9;13;10;0;7;2;1;3;Assez bien;Biologie;Général
COH2027-3337;18;64,0 %;27,9;5;11;9;2;6;3;;1;Passable;Mathématiques;Général
COH2027-3338;20;51,2 %;2,4;6;8;6;2;6;;2;1;Passable;Informatique;Général
COH2027-3339;20;46,3 %;12,9;8;9;8;0;6;1;3;3;Passable;Biologie;Général
COH2027-3340;20;79,9 %;24,1;7;12;11;5;6;2;4;2;Bien;Informatique;Technologique
COH2027-3341;21;49,4 %;14,7;9;10;10;3;5;1;4;2;Assez bien;Informatique;Général
COH2027-3342;19;65,6 %;31,9;4;12;11;5;6;4;3;2;Assez bien;Mathématiques;Général
COH2027-3343;17;67,4 %;32,8;4;9;9;5;5;4;2;3;Passable;Gestion;Général
COH2027-3344;20;68,3 %;22,1;6;10;8;7;5;4;;2;Assez bien;Biologie;Général
COH2027-3345;20;45,2 %;18,2;9;12;9;0;6;1;4;1;Passable;Informatique;Général
COH2027-3346;22;50,5 %;11,9;7;12;7;0;6;1;2;;Assez bien;Gestion;Général
COH2027-3347;21;42,8 %;0,1;8;12;8;0;6;1;2;1;Assez bien;Informatique;Général
COH2027-3348;19;54,5 %;12,8;8;9;8;4;5;1;2;2;Passable;Psychologie;Technologique
COH2027-3349;20;71,9 %;19,4;6;10;6;1;7;2;2;2;Assez bien;Informatique;Technologique
COH2027-3350;21;62,8 %;20,8;3;12;12;5;6;4;1;2;Assez bien;Gestion;Général
COH2027-3351;20;77,0 %;30,1;4;10;9;8;7;4;4;2;Passable;STAPS;Technologique
COH2027-3352;18;41,3 %;5,3;10;12;10;0;6;3;1;1;Assez bien;Biologie;Général
COH2027-3353;19;66,4 %;10,9;5;10;9;3;7;3;4;3;Passable;Informatique;Technologique
COH2027-3354;22;52,6 %;13,9;7;13;10;1;7;2;1;2;Passable;Gestion;Technologique
COH2027-3355;24;61,0 %;18,3;7;10;9;2;6;2;2;2;Passable;Informatique;Général
COH2027-3356;20;66,9 %;20,8;6;12;12;8;5;3;3;3;Bien;Gestion;Technologique
COH2027-3357;19;47,9 %;18,4;10;13;13;1;7;2;2;1;Passable;Psychologie;Général
COH2027-3358;21;61,5 %;7,0;7;11;7;0;7;;1;2;Assez bien;Informatique;Général
COH2027-3359;18;64,8 %;23,5;8;11;8;0;6;1;1;1;Bien;Gestion;Professionnel
COH2027-3360;21;36,2 %;22,2;4;11;9;0;6;1;;2;Assez bien;Informatique;Professionnel
COH2027-3361;19;66,8 %;11,8;6;9;6;0;6;1;2;1;Bien;Informatique;Technologique
COH2027-3362;17;55,2 %;24,1;6;8;6;0;6;3;3;3;Bien;Informatique;Technologique
COH2027-3363;24;55,8 %;19,9;4;10;9;2;6;2;;2;Très bien;Droit;Général
COH2027-3364;21;71,4 %;18,9;6;12;10;4;6;2;2;3;Très bien;Informatique;Général
COH2027-3365;21;37,9 %;4,8;7;12;7;0;5;1;1;3;Bien;Informatique;Général
COH2027-3366;19;41,4 %;36,4;9;13;12;2;7;;1;2;Passable;Lettres;Général
COH2027-3367;21;37,9 %;4,4;6;11;6;0;5;2;1;1;Bien;Informatique;Général
COH2027-3368;18;55,8 %;18,1;4;8;8;5;5;3;3;1;;Droit;Technologique
COH2027-3369;21;32,5 %;6,1;6;10;6;0;5;1;;2;Assez bien;Informatique;Professionnel
COH2027-3370;26;42,1 %;15,8;7;12;10;4;6;3;3;2;Passable;Lettres;Général
COH2027-3371;21;35,8 %;11,2;6;9;6;0;5;1;1;1;Bien;Droit;Professionnel
COH2027-3372;21;78,3 %;35,0;3;11;11;9;7;4;4;3;Passable;Informatique;Général
COH2027-3373;22;67,4 %;33,0;6;13;13;5;5;2;2;3;Passable;Informatique;Technologique
COH2027-3374;19;54,6 %;22,2;9;13;9;1;6;;3;3;Bien;Lettres;Professionnel
COH2027-3375;18;71,5 %;22,9;4;8;8;3;6;1;3;2;Assez bien;Droit;Général
COH2027-3376;20;46,5 %;3,5;7;12;8;2;6;2;1;3;Très bien;Informatique;Technologique
COH2027-3377;19;28,3 %;25,5;5;8;5;0;6;2;2;2;Très bien;Biologie;Général
COH2027-3378;19;46,5 %;16,4;4;10;7;0;7;1;2;1;Assez bien;Biologie;Général
COH2027-3379;19;50,0 %;9,8;7;10;7;1;7;1;1;;Assez bien;Biologie;Général
COH2027-3380;19;41,4 %;36,4;9;13;12;2;7;;1;2;Passable;Lettres;Général
COH2027-3381;20;44,6 %;30,9;5;10;10;4;6;2;;2;Passable;Mathématiques;Général
COH2027-3382;21;57,0 %;33,8;7;9;8;1;6;1;1;1;Passable;Psychologie;Professionnel
COH2027-3383;18;55,6 %;28,1;6;8;6;1;6;2;1;3;Passable;Droit;Général
COH2027-3384;20;54,5 %;32,4;4;10;8;1;6;;2;3;Bien;Informatique;Technologique
COH2027-3385;20;60,1 %;21,4;6;12;10;2;6;3;4;2;Assez bien;Informatique;Technologique
COH2027-3386;18;42,0 %;16,5;5;8;5;5;6;2;2;1;Assez bien;Informatique;Général
COH2027-3387;19;73,1 %;35,2;5;12;11;4;6;3;2;3;Assez bien;Droit;Technologique
COH2027-3388;19;68,0 %;13,8;9;10;9;5;6;2;2;2;Passable;Informatique;Général
COH2027-3389;20;57,7 %;22,0;8;9;8;3;6;3;2;2;Passable;Informatique;Général
COH2027-3390;18;62,7 %;16,5;4;12;9;2;7;3;2;1;Assez bien;STAPS;Général
COH2027-3391;17;58,0 %;17,6;5;9;7;2;6;3;2;1;Assez bien;Informatique;Technologique
COH2027-3392;19;73,4 %;35,8;5;13;11;3;5;3;3;3;Bien;Biologie;Général
COH2027-3393;24;71,8 %;34,7;11;13;12;1;6;1;2;2;;Informatique;Général
COH2027-3394;18;60,8 %;17,4;6;13;10;1;7;1;3;1;Passable;Droit;Technologique
COH2027-3395;22;47,7 %;15,8;6;12;9;1;6;4;2;3;Assez bien;Informatique;Technologique
COH2027-3396;18;68,8 %;40,2;6;9;9;5;7;2;3;2;Passable;Informatique;Général
COH2027-3397;18;49,0 %;17,7;7;11;7;0;7;1;2;1;Assez bien;Lettres;Général
COH2027-3398;20;66,7 %;19,6;8;11;9;5;5;3;2;1;Passable;STAPS;Général
COH2027-3399;21;73,2 %;24,7;6;11;11;5;6;3;2;;Passable;Informatique;Général
COH2027-3400;17;75,5 %;30,9;3;8;8;5;5;3;4;4;Passable;STAPS;Général
COH2027-3401;20;57,6 %;15,3;7;8;7;2;6;2;2;2;Passable;Informatique;Général
COH2027-3402;20;61,5 %;14,3;5;8;8;2;6;2;2;1;Passable;STAPS;Général
COH2027-3403;19;76,8 %;70,6;3;12;11;4;5;4;4;3;Passable;Informatique;Général
COH2027-3404;22;76,8 %;36,5;4;13;13;5;6;4;4;4;Assez bien;Mathématiques;Général
COH2027-3405;21;55,4 %;17,6;6;9;8;4;7;1;2;3;Passable;Mathématiques;Technologique
COH2027-3406;18;62,9 %;48,0;4;11;11;4;6;4;2;1;Passable;Gestion;Professionnel
COH2027-3407;20;36,6 %;15,8;6;8;6;2;7;3;;2;Passable;Informatique;Général
COH2027-3408;22;56,7 %;14,1;6;8;6;2;5;1;1;1;Très bien;Lettres;Professionnel
COH2027-3409;20;69,4 %;24,4;8;8;8;2;5;2;4;3;Bien;Informatique;Technologique
COH2027-3410;21;59,9 %;22,9;5;9;8;6;6;4;2;3;Bien;Biologie;Général
COH2027-3411;23;65,4 %;11,9;4;9;9;4;6;4;3;3;Passable;Droit;Général
COH2027-3412;21;74,1 %;29,6;3;9;9;8;5;4;3;2;Très bien;Informatique;Général
COH2027-3413;18;72,6 %;27,2;7;11;11;4;5;;2;1;Assez bien;Lettres;Général
COH2027-3414;18;50,1 %;14,8;5;11;11;5;5;2;2;2;Passable;STAPS;Général
COH2027-3415;21;51,2 %;20,1;6;9;8;4;5;3;3;3;Passable;Informatique;Technologique
COH2027-3416;20;75,0 %;52,9;5;12;12;9;5;4;4;3;Assez bien;Informatique;Général
COH2027-3417;19;48,3 %;1,4;5;9;5;1;6;1;1;2;Passable;Psychologie;Général
COH2027-3418;20;68,6 %;30,0;5;12;9;3;6;3;3;4;Assez bien;Informatique;Général
COH2027-3419;19;68,2 %;20,9;5;12;10;4;6;3;2;2;Assez bien;Droit;Technologique
COH2027-3420;20;57,6 %;29,4;7;8;8;4;7;3;2;2;Assez bien;Gestion;Technologique
COH2027-3421;19;57,9 %;14,0;8;10;8;0;6;2;2;2;Passable;Mathématiques;Professionnel
COH2027-3422;20;54,5 %;9,5;6;13;6;0;7;;1;1;Assez bien;Informatique;Général
COH2027-3423;22;52,6 %;10,8;6;9;6;2;5;3;1;1;Assez bien;Informatique;Technologique
COH2027-3424;18;59,2 %;41,3;7;9;8;5;5;4;4;1;Très bien;Informatique;Technologique
COH2027-3425;21;79,2 %;34,5;4;9;9;4;5;;4;4;Passable;Informatique;Général
COH2027-3426;19;41,4 %;36,4;9;13;12;2;7;;1;2;Passable;Lettres;Général
COH2027-3427;17;77,1 %;46,8;4;10;10;9;5;4;2;;Bien;STAPS;Technologique
COH2027-3428;18;51,4 %;9,4;7;12;11;3;5;3;2;2;Assez bien;Informatique;Général
COH2027-3429;25;48,4 %;25,5;7;10;7;1;7;1;2;2;Passable;Informatique;Général
COH2027-3430;20;46,7 %;7,1;10;13;11;2;6;1;3;1;Assez bien;Droit;Technologique
COH2027-3431;19;63,9 %;22,4;7;10;7;1;6;2;;1;Passable;Gestion;Général
COH2027-3432;20;51,2 %;19,8;5;12;11;2;6;2;3;3;Bien;Informatique;Général
COH2027-3433;19;50,8 %;3,5;6;9;6;0;6;1;1;1;Assez bien;Lettres;Général
COH2027-3434;23;56,5 %;22,8;8;11;8;4;5;1;3;2;Très bien;Informatique;Général
COH2027-3435;19;65,8 %;25,6;5;13;12;2;7;2;4;1;Passable;Informatique;Technologique
COH2027-3436;18;67,3 %;37,2;3;13;13;6;7;4;4;4;Passable;Biologie;Technologique
COH2027-3437;18;77,0 %;85,2;3;13;13;10;7;4;4;3;Passable;Psychologie;Général
COH2027-3438;19;78,2 %;29,4;3;11;11;5;6;4;4;1;Assez bien;Droit;Technologique
COH2027-3439;21;79,8 %;45,3;3;10;9;12;6;4;1;4;Passable;STAPS;Général
COH2027-3440;21;50,0 %;13,8;8;10;9;2;5;4;1;2;Assez bien;Informatique;Général
COH2027-3441;20;64,5 %;30,1;5;9;9;4;7;3;3;2;Passable;Psychologie;Général
COH2027-3442;20;75,3 %;25,0;5;11;11;10;6;4;4;2;Bien;Informatique;Technologique
COH2027-3443;20;63,4 %;11,3;7;8;7;2;5;4;2;3;Passable;Mathématiques;Général
COH2027-3444;23;56,5 %;12,2;7;9;7;0;5;1;1;1;Passable;Informatique;Général
COH2027-3445;19;72,8 %;33,2;6;12;10;5;6;1;2;3;Passable;Informatique;Technologique
COH2027-3446;20;63,6 %;17,8;5;11;8;0;5;2;3;3;Passable;Biologie;Général
COH2027-3447;19;74,6 %;16,4;8;13;13;5;6;4;3;4;Bien;Informatique;Technologique
COH2027-3448;19;63,8 %;16,2;6;10;7;3;6;3;3;;Passable;Mathématiques;Général
COH2027-3449;19;49,2 %;15,1;6;10;7;0;6;1;2;1;Bien;STAPS;Général
COH2027-3450;20;72,5 %;28,5;5;12;11;3;7;4;1;2;Passable;Informatique;Technologique
COH2027-3451;23;76,7 %;25,4;10;12;11;4;6;4;;4;Très bien;Informatique;Général
COH2027-3452;19;52,1 %;41,0;3;12;9;4;5;1;3;2;Passable;Gestion;Général
COH2027-3453;20;61,0 %;34,8;4;13;10;8;7;3;3;1;Passable;Informatique;Général
COH2027-3454;21;73,9 %;18,6;4;10;9;3;7;3;2;;Bien;STAPS;Général
COH2027-3455;19;42,5 %;9,1;7;12;7;0;6;2;2;1;Assez bien;Mathématiques;Général
COH2027-3456;17;45,9 %;27,9;7;9;7;0;5;2;3;;Passable;Informatique;Général
COH2027-3457;18;61,9 %;12,6;3;13;13;8;5;4;3;1;Passable;Psychologie;Général
COH2027-3458;21;58,0 %;34,0;3;11;9;7;7;2;2;1;Très bien;Psychologie;Général
COH2027-3459;20;73,5 %;15,6;6;9;8;2;7;1;4;2;Bien;Informatique;Technologique
COH2027-3460;18;46,8 %;28,6;6;13;9;5;6;4;3;3;Passable;Informatique;Général
COH2027-3461;19;52,2 %;11,4;8;12;10;0;7;1;1;2;Bien;Informatique;Général
COH2027-3462;17;50,9 %;0,6;5;9;5;0;5;1;1;2;Très bien;Droit;Technologique
COH2027-3463;21;40,3 %;3,2;7;11;9;0;6;1;1;1;Bien;Informatique;Général
COH2027-3464;22;63,5 %;41,0;4;13;13;6;6;4;2;4;Passable;Informatique;Général
COH2027-3465;21;75,3 %;13,9;5;9;8;3;5;3;3;2;;Lettres;Général
COH2027-3466;19;51,8 %;1,4;5;9;5;0;6;1;1;2;Bien;Biologie;Général
COH2027-3467;18;41,2 %;0,2;8;12;8;0;6;1;1;1;Très bien;Informatique;Général
COH2027-3468;20;56,1 %;28,3;10;13;10;5;6;3;4;2;Assez bien;Informatique;Général
COH2027-3469;20;64,7 %;27,6;8;13;11;7;6;4;4;2;Passable;Lettres;Technologique
COH2027-3470;18;32,2 %;9,3;7;11;7;0;6;1;2;1;Bien;Informatique;Général
COH2027-3471;18;69,8 %;10,1;9;13;10;2;6;2;3;1;Passable;STAPS;Général
COH2027-3472;20;58,2 %;20,5;8;10;8;2;6;2;1;3;Assez bien;Informatique;Technologique
COH2027-3473;23;48,7 %;12,2;6;8;6;0;5;1;;3;Assez bien;Informatique;Technologique
COH2027-3474;23;45,8 %;15,7;5;9;7;5;6;4;4;1;Bien;Gestion;Général
COH2027-3475;17;38,1 %;8,5;5;8;5;0;5;2;2;1;Bien;Gestion;Général
COH2027-3476;19;58,5 %;27,6;6;13;13;2;7;4;2;;;Informatique;Général
COH2027-3477;20;59,3 %;10,2;7;13;10;7;6;2;1;3;Bien;Psychologie;Général
COH2027-3478;22;59,3 %;26,8;10;12;10;3;5;2;2;1;Passable;Droit;Général
COH2027-3479;19;64,8 %;22,5;8;8;8;2;6;3;2;4;Assez bien;Psychologie;Général
COH2027-3480;17;56,3 %;18,6;9;13;9;0;6;1;1;2;Bien;Informatique;Technologique
COH2027-3481;21;59,4 %;24,9;6;11;8;3;5;2;1;3;Passable;Informatique;Professionnel
COH2027-3482;20;50,2 %;45,9;7;11;10;5;6;4;2;3;Bien;Informatique;Général
COH2027-3483;20;55,3 %;1,5;7;12;7;0;6;2;1;1;Passable;Informatique;Général
COH2027-3484;17;69,0 %;27,6;5;8;7;7;5;3;;4;Passable;Gestion;Général
COH2027-3485;17;75,9 %;14,7;4;12;12;3;5;4;3;4;Passable;Biologie;Général
COH2027-3486;21;76,7 %;13,8;5;8;8;7;7;4;3;3;Passable;Informatique;Général
COH2027-3487;21;79,5 %;53,9;5;9;8;3;6;4;2;3;Assez bien;Droit;Professionnel
COH2027-3488;19;51,4 %;19,8;4;13;11;2;7;2;1;2;Passable;Informatique;Général
COH2027-3489;20;45,3 %;7,8;8;12;8;0;7;1;1;1;;Droit;Technologique
COH2027-3490;20;57,1 %;3,4;6;10;6;0;6;1;2;4;Assez bien;Mathématiques;Général
COH2027-3491;18;21,3 %;4,2;1;8;1;0;5;1;1;1;Assez bien;STAPS;Général
COH2027-3492;20;73,5 %;35,2;3;12;12;1;5;3;4;3;Assez bien;Biologie;Professionnel
COH2027-3493;21;65,9 %;22,1;5;8;5;2;7;1;;2;Passable;Droit;Technologique
COH2027-3494;20;60,7 %;5,8;5;10;7;2;5;1;2;3;;Psychologie;Général
COH2027-3495;22;45,3 %;30,6;7;11;9;2;5;2;2;1;Assez bien;Informatique;Général
COH2027-3496;19;41,1 %;11,3;8;12;8;1;6;3;3;2;;Droit;Technologique
COH2027-3497;17;69,7 %;21,1;6;11;10;0;5;1;2;1;Très bien;Informatique;Général
COH2027-3498;19;53,1 %;12,1;9;12;10;0;6;;1;1;;STAPS;Professionnel
COH2027-3499;18;63,4 %;37,0;8;10;8;2;5;2;2;1;Passable;Informatique;Général
COH2027-3500;21;73,7 %;21,3;3;8;7;8;5;3;2;4;Assez bien;Informatique;Général
COH2027-3501;19;73,6 %;23,9;3;9;8;1;5;3;3;1;Bien;Lettres;Général
COH2027-3502;24;76,1 %;34,5;4;10;9;6;6;2;4;3;Assez bien;Informatique;Général
COH2027-3503;19;36,6 %;11,1;5;8;7;2;6;2;2;2;Assez bien;STAPS;Général
COH2027-3504;17;37,7 %;7,7;5;10;6;1;5;3;1;2;Assez bien;Informatique;Technologique
COH2027-3505;22;48,8 %;17,2;6;11;9;6;7;3;1;1;Assez bien;Mathématiques;Technologique
COH2027-3506;20;40,3 %;12,5;8;12;8;0;6;2;;2;Assez bien;Biologie;Général
COH2027-3507;19;65,6 %;39,2;7;8;7;2;6;4;3;4;Assez bien;Informatique;Professionnel
COH2027-3508;20;40,3 %;20,6;8;12;8;0;7;1;3;1;Passable;Informatique;Général
COH2027-3509;23;49,1 %;19,1;7;10;7;2;6;1;;1;Assez bien;Informatique;Professionnel
COH2027-3510;20;39,1 %;1,6;4;10;4;0;6;1;2;1;Très bien;Biologie;Technologique
COH2027-3511;20;55,4 %;11,6;6;8;6;0;5;2;1;3;Bien;Informatique;Général
COH2027-3512;19;60,7 %;20,7;6;8;6;1;7;1;4;2;Passable;Informatique;Technologique
COH2027-3513;19;46,7 %;1,9;6;12;8;1;6;2;;1;Bien;Informatique;Technologique
COH2027-3514;20;77,7 %;46,2;6;9;9;3;6;3;4;2;Passable;Biologie;Général
COH2027-3515;23;62,3 %;24,0;5;10;9;4;7;1;3;2;Bien;Informatique;Professionnel
COH2027-3516;22;75,3 %;37,5;6;10;8;3;6;2;2;3;Assez bien;Informatique;Technologique
COH2027-3517;18;59,0 %;16,0;6;8;6;2;5;2;1;1;Passable;Lettres;Général
COH2027-3518;20;45,9 %;13,2;10;12;10;0;5;1;1;;Bien;Informatique;Général
COH2027-3519;21;63,8 %;47,1;7;9;7;8;7;1;3;2;Très bien;Informatique;Technologique
COH2027-3520;20;50,6 %;5,7;7;9;9;6;7;2;2;2;Passable;Psychologie;Technologique
COH2027-3521;27;67,4 %;13,6;7;9;7;4;6;2;2;1;Bien;Informatique;Général
COH2027-3522;21;59,9 %;9,7;4;8;7;1;6;1;2;2;Assez bien;Informatique;Général
COH2027-3523;18;58,7 %;14,9;4;11;7;5;5;3;4;2;Assez bien;Gestion;Général
COH2027-3524;19;60,7 %;20,7;6;8;6;1;7;1;4;2;Passable;Psychologie;Technologique
COH2027-3525;19;58,1 %;24,8;7;11;9;1;6;3;3;2;Très bien;Droit;Général
COH2027-3526;19;48,3 %;13,3;7;10;9;0;7;1;1;1;Assez bien;Informatique;Technologique
COH2027-3527;17;43,2 %;3,5;5;8;5;1;5;1;2;1;Bien;Informatique;Général
COH2027-3528;17;45,4 %;36,8;6;8;7;5;5;1;3;2;Passable;Droit;Général
COH2027-3529;21;70,7 %;25,8;7;13;13;5;5;3;;2;Assez bien;Gestion;Général
COH2027-3530;20;51,7 %;3,8;6;8;6;0;6;2;2;2;;Informatique;Général
COH2027-3531;20;52,3 %;15,7;7;13;9;0;6;1;2;2;Passable;Psychologie;Général
COH2027-3532;19;43,5 %;18,4;7;8;7;6;6;2;3;1;Assez bien;Mathématiques;Professionnel
COH2027-3533;21;51,0 %;2,7;5;10;5;0;6;1;1;1;Passable;Droit;Général
COH2027-3534;20;78,8 %;1,1;7;10;9;4;7;2;3;3;Passable;Gestion;Technologique
COH2027-3535;20;40,3 %;5,8;7;9;7;0;5;3;3;1;Passable;Informatique;Général
COH2027-3536;18;55,2 %;10,4;4;8;4;2;6;2;1;1;Assez bien;Informatique;Technologique
COH2027-3537;22;75,1 %;25,1;4;10;10;9;5;3;3;;Assez bien;Informatique;Général
COH2027-3538;20;51,9 %;29,9;8;9;8;6;6;4;;1;Assez bien;Informatique;Général
COH2027-3539;19;64,9 %;16,5;5;12;9;2;7;3;4;1;Très bien;Biologie;Professionnel
COH2027-3540;20;72,6 %;9,9;4;12;11;5;7;2;4;1;;Informatique;Technologique
COH2027-3541;20;66,7 %;19,6;8;11;9;5;5;3;2;1;Passable;STAPS;Général
COH2027-3542;19;52,7 %;5,7;8;13;8;0;5;1;2;1;Passable;Lettres;Technologique
COH2027-3543;19;68,2 %;31,4;7;8;8;2;7;4;4;3;Passable;Informatique;Général
COH2027-3544;22;58,1 %;5,5;5;8;5;1;5;1;1;1;Assez bien;Droit;Général
COH2027-3545;18;64,7 %;40,5;4;13;13;8;7;4;;3;Passable;Informatique;Général
COH2027-3546;23;69,8 %;36,0;4;12;12;4;6;4;4;3;Passable;Informatique;Général
COH2027-3547;18;68,8 %;27,9;8;10;10;5;7;3;3;1;Passable;Informatique;Général
COH2027-3548;18;73,8 %;35,0;5;12;12;6;6;4;4;4;Très bien;STAPS;Général
COH2027-3549;19;62,4 %;18,2;6;8;6;1;6;2;4;4;Passable;Informatique;Technologique
COH2027-3550;19;57,6 %;6,3;6;10;6;0;5;1;1;1;Assez bien;Droit;Technologique
COH2027-3551;18;70,9 %;63,4;3;12;11;6;7;;4;3;Passable;Informatique;Technologique
COH2027-3552;22;58,1 %;8,1;6;9;6;4;6;2;2;2;Assez bien;Gestion;Général
COH2027-3553;23;58,0 %;48,9;6;10;10;4;6;;2;2;Assez bien;Informatique;Professionnel
COH2027-3554;20;58,5 %;15,6;6;13;10;6;6;3;;1;Assez bien;Mathématiques;Général
COH2027-3555;17;55,1 %;7,2;8;10;8;2;6;1;2;1;Passable;STAPS;Général
COH2027-3556;18;70,7 %;24,2;8;13;8;3;7;2;3;1;Passable;Droit;Général
COH2027-3557;22;77,2 %;40,2;7;13;13;7;6;2;2;2;Passable;Psychologie;Général
COH2027-3558;19;79,2 %;16,2;5;9;9;4;5;4;2;;Bien;Informatique;Général
COH2027-3559;17;71,5 %;37,4;5;12;9;5;6;4;4;2;Très bien;Informatique;Professionnel
COH2027-3560;22;78,4 %;28,3;5;12;10;7;5;4;2;;Passable;Mathématiques;Général
COH2027-3561;18;70,7 %;25,9;5;9;7;1;6;1;4;1;Bien;Informatique;Général
COH2027-3562;17;43,3 %;19,6;6;10;9;7;5;3;4;2;Très bien;Gestion;Professionnel
COH2027-3563;21;34,8 %;5,0;7;13;10;0;7;;1;1;Assez bien;Informatique;Général
COH2027-3564;20;42,5 %;1,9;8;10;8;0;5;1;2;4;Assez bien;Informatique;Général
COH2027-3565;23;58,6 %;22,4;4;11;8;11;6;3;2;3;Passable;Informatique;Général
COH2027-3566;19;43,6 %;16,1;7;11;7;0;6;1;1;1;Assez bien;Psychologie;Général
COH2027-3567;19;62,5 %;26,6;5;9;5;3;6;4;2;1;Passable;STAPS;Professionnel
COH2027-3568;19;68,6 %;26,9;6;11;10;3;6;3;3;2;Passable;Informatique;Général
COH2027-3569;22;53,9 %;15,8;7;10;8;0;6;1;2;2;Assez bien;Biologie;Technologique
COH2027-3570;22;79,3 %;42,5;7;10;9;7;7;4;2;3;Bien;Lettres;Général
COH2027-3571;17;39,2 %;14,7;8;13;8;1;6;1;;1;Bien;Informatique;Général
COH2027-3572;19;53,1 %;12,1;9;12;10;0;6;;1;1;;STAPS;Professionnel
COH2027-3573;20;53,7 %;8,6;6;12;6;1;6;3;1;1;Passable;Mathématiques;Général
COH2027-3574;18;37,5 %;19,2;8;9;8;4;7;4;3;2;Assez bien;Psychologie;Général
COH2027-3575;18;75,8 %;23,6;8;10;8;3;6;1;1;3;Bien;Informatique;Technologique
COH2027-3576;17;56,9 %;1,2;7;12;10;3;5;2;3;2;Bien;Informatique;Technologique
COH2027-3577;24;66,4 %;20,5;8;11;8;1;6;2;2;1;Passable;Psychologie;Technologique
COH2027-3578;21;65,3 %;24,5;7;8;7;4;7;4;1;2;Assez bien;Informatique;Technologique
COH2027-3579;20;39,9 %;4,3;6;8;6;0;6;1;3;2;Passable;Lettres;Technologique
COH2027-3580;19;55,1 %;12,6;6;9;7;4;6;2;3;1;Assez bien;Droit;Général
COH2027-3581;24;61,8 %;38,4;6;8;8;2;5;3;;1;Assez bien;Informatique;Technologique
COH2027-3582;21;64,0 %;30,6;9;10;9;5;5;;1;;Bien;Informatique;Professionnel
COH2027-3583;23;62,3 %;24,0;5;10;9;4;7;1;3;2;Bien;Informatique;Professionnel
COH2027-3584;17;51,7 %;16,4;7;12;11;2;6;2;2;4;Assez bien;Informatique;Professionnel
COH2027-3585;18;51,0 %;25,9;8;10;8;1;5;1;2;2;Assez bien;Informatique;Professionnel
COH2027-3586;22;68,2 %;29,0;5;9;8;9;5;2;2;4;Passable;Droit;Professionnel
COH2027-3587;19;35,7 %;10,6;8;13;8;0;5;3;1;1;Assez bien;Informatique;Général
COH2027-3588;19;65,2 %;20,4;4;11;9;3;6;2;3;2;Assez bien;Informatique;Général
COH2027-3589;21;47,1 %;10,0;4;10;7;2;6;2;1;;Passable;Informatique;Général
COH2027-3590;23;45,1 %;14,1;8;10;8;1;6;1;1;2;Passable;Informatique;Technologique
COH2027-3591;18;56,5 %;17,6;8;11;8;3;6;1;2;1;Passable;STAPS;Technologique
COH2027-3592;21;50,7 %;7,5;7;8;7;3;7;1;;1;Passable;Droit;Général
COH2027-3593;20;48,7 %;4,7;10;12;10;3;6;1;3;1;Assez bien;Informatique;Général
COH2027-3594;19;42,5 %;9,1;7;12;7;0;6;2;2;1;Assez bien;Informatique;Général
COH2027-3595;18;44,0 %;9,1;10;12;10;1;6;3;2;1;Passable;Informatique;Général
COH2027-3596;19;47,5 %;16,3;5;8;6;2;7;2;1;;Assez bien;Informatique;Général
COH2027-3597;19;61,3 %;12,5;8;10;8;3;6;;4;3;Bien;Psychologie;Technologique
COH2027-3598;20;64,2 %;19,4;10;13;12;1;5;1;1;1;Passable;Informatique;Technologique
COH2027-3599;22;60,0 %;17,6;5;10;9;6;6;3;3;3;Bien;Informatique;Général
COH2027-3600;17;55,0 %;24,2;7;11;9;2;5;;1;3;Passable;Gestion;Professionnel
COH2027-3601;20;51,5 %;39,0;6;9;6;3;6;1;1;1;Passable;Psychologie;Général
COH2027-3602;22;57,2 %;23,5;5;8;7;4;6;3;1;;Très bien;Biologie;Général
COH2027-3603;21;59,7 %;23,1;5;10;5;1;6;2;3;1;Bien;Informatique;Technologique
COH2027-3604;18;77,0 %;33,0;5;8;8;8;6;4;2;1;Bien;Informatique;Technologique
COH2027-3605;20;69,9 %;22,7;4;13;12;1;6;3;1;2;Très bien;STAPS;Général
COH2027-3606;21;55,1 %;40,9;4;12;10;8;7;2;3;1;Passable;Informatique;Général
COH2027-3607;18;55,4 %;5,7;6;11;6;0;5;1;2;2;Passable;Informatique;Général
COH2027-3608;21;49,7 %;16,1;6;11;8;1;5;1;1;1;Passable;Gestion;Technologique
COH2027-3609;20;39,9 %;4,3;6;8;6;0;6;1;3;2;Passable;Lettres;Technologique
COH2027-3610;20;75,4 %;37,0;5;12;12;9;7;4;4;4;Passable;Informatique;Général
COH2027-3611;21;67,0 %;15,1;9;11;9;4;6;;4;2;Passable;Lettres;Technologique
COH2027-3612;20;63,1 %;16,4;7;12;11;2;5;2;3;3;Assez bien;Mathématiques;Général
COH2027-3613;18;35,2 %;8,1;7;12;8;0;6;;3;1;Passable;Informatique;Général
COH2027-3614;20;72,9 %;21,1;3;13;13;11;5;3;3;2;Passable;Informatique;Général
COH2027-3615;22;54,1 %;31,1;7;9;8;4;6;2;2;2;Passable;Informatique;Général
COH2027-3616;19;78,3 %;36,4;5;9;9;7;6;4;;3;Passable;Informatique;Technologique
COH2027-3617;19;58,5 %;29,6;5;12;10;3;5;;1;3;Passable;Droit;Général
COH2027-3618;23;47,0 %;11,6;6;9;6;2;6;2;1;2;Assez bien;Psychologie;Technologique
COH2027-3619;20;66,2 %;18,8;8;11;8;0;6;2;1;1;Assez bien;STAPS;Technologique
COH2027-3620;21;67,9 %;22,3;8;9;8;2;6;3;1;2;Passable;Informatique;Général
COH2027-3621;20;63,6 %;39,4;5;9;9;3;6;3;2;4;Passable;Informatique;Général
COH2027-3622;17;79,1 %;46,5;4;8;8;4;6;3;4;2;Passable;Informatique;Technologique
COH2027-3623;20;64,4 %;16,2;6;10;10;3;5;2;3;2;Bien;Mathématiques;Général
COH2027-3624;20;79,0 %;30,7;6;8;8;6;6;4;4;3;Passable;Gestion;Professionnel
COH2027-3625;20;64,4 %;16,2;6;10;10;3;5;2;3;2;Bien;Informatique;Général
COH2027-3626;19;42,2 %;14,2;6;10;9;2;5;3;2;2;Assez bien;Informatique;Général
COH2027-3627;20;73,5 %;35,2;3;12;12;1;5;3;4;3;Assez bien;Biologie;Professionnel
COH2027-3628;20;55,1 %;17,2;7;9;7;1;6;2;1;1;Assez bien;Informatique;Général
COH2027-3629;20;72,5 %;28,5;5;12;11;3;7;4;1;2;Passable;Informatique;Technologique
COH2027-3630;20;40,9 %;1,1;5;8;5;1;7;2;1;;Passable;Informatique;Général
COH2027-3631;20;56,6 %;29,4;7;13;11;3;7;3;2;3;Très bien;Informatique;Technologique
COH2027-3632;19;49,6 %;15,1;3;11;8;1;6;3;2;1;Bien;Biologie;Général
COH2027-3633;23;59,8 %;26,9;6;9;6;1;6;2;1;3;Passable;Biologie;Général
COH2027-3634;23;42,8 %;24,6;6;12;9;0;5;1;1;4;Passable;Mathématiques;Technologique
COH2027-3635;18;64,8 %;24,6;7;13;12;3;5;2;2;2;Très bien;STAPS;Professionnel
COH2027-3636;18;54,6 %;3,4;7;9;7;2;7;1;1;3;Bien;Droit;Général
COH2027-3637;19;54,9 %;35,4;3;9;8;2;5;4;2;1;Passable;Droit;Général
COH2027-3638;21;68,1 %;27,7;3;12;10;7;5;4;3;1;Assez bien;Informatique;Général
COH2027-3639;17;63,9 %;16,1;6;9;7;1;6;2;2;2;Bien;STAPS;Général
COH2027-3640;17;69,0 %;54,5;5;10;10;9;7;3;4;3;Passable;Gestion;Général
COH2027-3641;20;38,5 %;13,8;6;9;6;1;6;2;2;1;Passable;STAPS;Général
COH2027-3642;21;40,0 %;5,5;9;13;10;0;7;1;1;1;Assez bien;Informatique;Général
COH2027-3643;19;78,1 %;41,5;4;9;9;7;7;4;4;4;Passable;Gestion;Général
COH2027-3644;20;71,3 %;21,9;4;13;12;4;5;2;3;2;Passable;Informatique;Général
COH2027-3645;21;69,9 %;9,1;7;9;7;5;5;2;1;2;Bien;Mathématiques;Général
COH2027-3646;23;41,1 %;10,8;7;11;7;0;5;1;1;1;Passable;Lettres;Technologique
COH2027-3647;20;51,6 %;20,4;6;10;10;2;5;3;3;3;Bien;Biologie;Technologique
COH2027-3648;23;43,4 %;3,6;6;11;7;1;6;1;3;2;Assez bien;Informatique;Général
COH2027-3649;22;70,3 %;35,6;5;12;12;10;6;4;4;4;Passable;Biologie;Général
COH2027-3650;21;61,5 %;15,9;5;12;11;4;7;3;2;3;Assez bien;Mathématiques;Technologique
COH2027-3651;22;57,5 %;6,4;5;10;9;4;6;1;3;1;Bien;Psychologie;Général
COH2027-3652;20;48,9 %;14,2;9;10;9;0;5;2;2;2;Bien;Informatique;Général
COH2027-3653;18;44,4 %;9,6;6;9;6;0;7;1;2;1;Passable;Informatique;Professionnel
COH2027-3654;19;31,2 %;8,7;9;13;9;0;6;1;3;1;Assez bien;Informatique;Professionnel
COH2027-3655;17;59,4 %;10,8;7;11;7;3;5;2;1;1;Passable;Informatique;Général
COH2027-3656;20;61,6 %;21,3;6;10;9;4;6;2;3;3;Passable;Informatique;Technologique
COH2027-3657;18;55,8 %;18,1;4;8;8;5;5;3;3;1;;Droit;Technologique
COH2027-3658;20;51,3 %;9,6;5;8;5;1;6;2;4;2;Assez bien;Informatique;Général
COH2027-3659;20;79,4 %;38,9;6;8;8;7;6;3;2;;Assez bien;Informatique;Général
COH2027-3660;17;79,2 %;29,1;3;10;9;11;6;4;;4;Bien;Psychologie;Technologique
COH2027-3661;22;60,5 %;25,8;5;8;7;6;6;2;2;1;Très bien;Psychologie;Technologique
COH2027-3662;19;61,9 %;16,4;6;11;6;3;6;2;;2;Très bien;STAPS;Général
COH2027-3663;21;68,0 %;17,0;4;11;9;4;7;3;3;2;Bien;Psychologie;Général
COH2027-3664;18;48,0 %;42,0;3;12;11;3;6;4;1;3;Bien;Gestion;Général
COH2027-3665;21;55,2 %;25,1;6;11;7;4;6;4;2;2;Assez bien;Gestion;Général
COH2027-3666;19;69,4 %;45,9;3;10;10;13;5;3;4;4;Assez bien;Informatique;Général
COH2027-3667;22;35,4 %;0,1;2;11;2;1;6;1;2;1;Passable;Informatique;Général
COH2027-3668;24;75,7 %;21,8;5;11;11;6;7;3;3;3;Assez bien;Biologie;Technologique
COH2027-3669;19;49,5 %;6,2;7;10;7;0;7;1;1;1;Assez bien;Informatique;Général
COH2027-3670;22;67,2 %;13,8;3;12;10;3;7;2;2;2;Passable;Informatique;Technologique
COH2027-3671;21;73,6 %;9,3;9;10;9;1;5;3;3;;Passable;Biologie;Général
COH2027-3672;21;62,2 %;3,5;6;9;8;0;6;2;3;1;Très bien;Informatique;Technologique
COH2027-3673;18;68,2 %;26,4;5;11;9;1;7;2;1;2;Assez bien;Informatique;Technologique
COH2027-3674;18;51,5 %;23,3;5;12;9;0;6;1;1;1;Très bien;Droit;Général
COH2027-3675;19;65,3 %;34,4;7;9;7;2;6;1;3;2;Passable;Biologie;Général
COH2027-3676;20;29,2 %;3,1;4;8;4;1;6;1;2;1;Assez bien;STAPS;Général
COH2027-3677;18;69,8 %;10,1;9;13;10;2;6;2;3;1;Passable;STAPS;Général
COH2027-3678;24;65,8 %;20,8;6;13;11;3;7;3;2;2;Passable;Mathématiques;Général
COH2027-3679;22;58,3 %;14,3;7;9;7;1;6;2;3;2;Passable;Informatique;Technologique
COH2027-3680;22;63,6 %;53,0;5;13;10;4;6;3;2;2;Assez bien;Informatique;Professionnel
COH2027-3681;17;50,6 %;4,3;6;8;6;5;5;4;;1;Bien;Gestion;Général
COH2027-3682;19;68,4 %;19,8;6;9;9;7;5;4;3;2;Bien;Informatique;Technologique
COH2027-3683;17;59,5 %;16,1;8;9;8;3;7;1;1;1;Assez bien;Informatique;Général
COH2027-3684;20;77,0 %;30,4;3;12;12;11;6;4;3;3;Bien;Informatique;Général
COH2027-3685;18;56,5 %;6,8;8;13;8;1;6;1;1;2;Passable;Psychologie;Général
COH2027-3686;20;79,9 %;24,1;7;12;11;5;6;2;4;2;Bien;Informatique;Technologique
COH2027-3687;20;77,9 %;47,1;3;13;13;6;6;4;4;;Passable;Informatique;Technologique
COH2027-3688;20;47,8 %;17,5;7;10;7;2;5;1;2;1;;Droit;Technologique
COH2027-3689;22;72,7 %;54,8;3;13;13;5;5;4;2;3;Assez bien;Informatique;Technologique
COH2027-3690;18;77,6 %;33,0;3;12;12;11;6;4;3;3;Passable;Lettres;Général
COH2027-3691;19;62,4 %;18,2;6;8;6;1;6;2;4;4;Passable;Informatique;Technologique
COH2027-3692;18;54,4 %;15,4;5;10;8;0;6;1;3;1;;Informatique;Technologique
COH2027-3693;20;47,3 %;42,0;7;10;7;0;7;1;1;1;Assez bien;Psychologie;Général
COH2027-3694;19;59,8 %;29,5;5;8;8;7;6;2;4;3;Passable;Informatique;Technologique
COH2027-3695;19;30,7 %;0,5;5;8;5;0;7;1;2;1;Bien;Informatique;Technologique
COH2027-3696;22;60,0 %;17,6;5;10;9;6;6;3;3;3;Bien;Informatique;Général
COH2027-3697;19;51,1 %;13,0;6;8;6;3;7;1;2;1;Passable;Informatique;Technologique
COH2027-3698;19;61,0 %;20,9;7;10;10;3;6;2;3;3;;Informatique;Professionnel
COH2027-3699;19;60,6 %;25,2;11;13;11;2;6;3;3;1;Assez bien;Informatique;Général
COH2027-3700;21;65,8 %;42,2;4;12;12;3;6;4;4;3;Passable;Informatique;Professionnel
COH2027-3701;25;64,9 %;47,7;8;9;9;4;6;3;2;3;;Droit;Technologique
COH2027-3702;19;51,6 %;27,6;9;10;9;2;5;;2;1;Bien;Informatique;Général
COH2027-3703;19;60,7 %;28,6;6;9;7;3;5;2;1;1;Bien;STAPS;Général
COH2027-3704;23;62,4 %;24,5;4;10;4;0;5;2;3;2;Assez bien;STAPS;Général
COH2027-3705;24;54,9 %;2,9;9;11;9;0;7;1;3;1;Passable;Informatique;Général
COH2027-3706;18;64,8 %;27,2;5;9;8;3;6;1;2;1;;STAPS;Général
COH2027-3707;18;71,7 %;14,1;7;11;7;1;6;2;1;1;Passable;Informatique;Professionnel
COH2027-3708;18;32,0 %;10,4;6;8;6;0;6;1;1;1;Passable;Gestion;Général
COH2027-3709;19;77,0 %;37,2;3;10;10;6;5;4;4;3;Assez bien;Biologie;Général
COH2027-3710;19;58,5 %;14,9;9;11;9;3;5;2;2;1;Assez bien;Mathématiques;Général
COH2027-3711;21;46,8 %;13,9;6;9;6;1;7;1;4;1;Assez bien;Informatique;Général
COH2027-3712;20;65,3 %;26,7;7;11;10;3;5;2;2;3;Passable;Lettres;Technologique
COH2027-3713;19;78,0 %;28,6;3;8;8;7;6;4;4;1;Passable;Informatique;Général
COH2027-3714;18;50,3 %;14,2;5;11;8;2;6;1;2;1;Très bien;Mathématiques;Général
COH2027-3715;18;52,2 %;16,2;6;10;8;3;5;2;1;2;Très bien;Lettres;Général
COH2027-3716;21;62,8 %;20,8;3;12;12;5;6;4;1;2;Assez bien;Gestion;Général
COH2027-3717;19;48,5 %;5,0;6;8;6;0;5;1;;1;Bien;Informatique;Général
COH2027-3718;20;59,5 %;7,5;6;8;6;1;6;1;2;1;Passable;Gestion;Technologique
COH2027-3719;20;59,8 %;23,2;5;12;11;8;5;2;4;1;Assez bien;Droit;Général
COH2027-3720;22;41,5 %;4,8;6;9;6;1;6;1;4;1;Bien;Informatique;Général
COH2027-3721;20;54,3 %;17,9;6;12;8;1;7;2;1;4;Passable;Informatique;Général
COH2027-3722;20;59,1 %;23,6;6;11;11;4;6;3;3;3;Assez bien;Informatique;Général
COH2027-3723;19;61,0 %;20,9;7;10;10;3;6;2;3;3;;Gestion;Professionnel
COH2027-3724;19;61,0 %;46,9;5;13;13;7;5;3;3;3;Passable;Informatique;Général
COH2027-3725;26;50,1 %;13,0;5;13;12;3;5;1;2;1;Très bien;Biologie;Professionnel
COH2027-3726;18;56,6 %;22,4;8;11;10;3;6;3;3;3;Bien;Biologie;Technologique
COH2027-3727;22;62,8 %;26,4;7;10;8;2;5;3;3;1;Assez bien;Mathématiques;Professionnel
COH2027-3728;22;79,6 %;34,4;4;11;10;3;6;4;4;3;Bien;Informatique;Général
COH2027-3729;20;46,5 %;3,5;7;12;8;2;6;2;1;3;Très bien;Informatique;Technologique
COH2027-3730;18;69,2 %;20,2;8;12;11;2;6;2;2;3;Assez bien;Psychologie;Professionnel
COH2027-3731;23;45,1 %;14,1;8;10;8;1;6;1;1;2;Passable;Informatique;Technologique
COH2027-3732;21;52,1 %;34,0;8;10;9;1;6;3;1;1;Passable;Biologie;Technologique
COH2027-3733;20;58,2 %;13,1;6;13;9;2;7;3;3;2;Très bien;Biologie;Général
COH2027-3734;21;75,4 %;30,6;7;10;9;4;6;2;2;3;Passable;Biologie;Général
COH2027-3735;19;66,1 %;21,9;7;9;9;6;5;3;2;2;Passable;Droit;Général
COH2027-3736;17;71,5 %;37,4;5;12;9;5;6;4;4;2;Très bien;Informatique;Professionnel
COH2027-3737;21;79,6 %;38,1;4;9;9;4;5;3;3;3;Assez bien;Informatique;Général
COH2027-3738;22;64,4 %;23,6;4;13;10;3;6;2;1;2;Assez bien;Informatique;Technologique
COH2027-3739;19;68,4 %;19,8;6;9;9;7;5;4;3;2;Bien;STAPS;Technologique
COH2027-3740;18;70,1 %;7,7;4;11;9;6;6;1;1;4;Bien;Mathématiques;Général
COH2027-3741;17;71,5 %;36,0;5;8;7;7;5;3;2;1;Assez bien;STAPS;Général
COH2027-3742;18;68,7 %;32,3;9;13;10;3;7;2;3;3;Assez bien;Informatique;Technologique
COH2027-3743;21;62,9 %;13,0;6;11;8;2;6;1;2;1;Passable;Informatique;Général
COH2027-3744;19;68,2 %;36,8;3;13;10;3;7;3;1;2;Passable;Informatique;Général
COH2027-3745;19;50,5 %;7,0;8;11;8;0;6;1;3;3;Assez bien;Mathématiques;Général
COH2027-3746;19;57,0 %;11,3;7;11;7;3;6;3;2;1;Assez bien;Informatique;Général
COH2027-3747;22;38,3 %;3,9;8;10;8;0;7;1;1;1;Passable;Lettres;Technologique
COH2027-3748;22;62,6 %;11,1;5;9;5;2;5;;2;1;Bien;Informatique;Technologique
COH2027-3749;19;57,8 %;21,4;9;12;9;2;6;2;;3;;Informatique;Technologique
COH2027-3750;25;60,9 %;22,2;5;8;5;4;5;1;3;1;Passable;Biologie;Général
COH2027-3751;18;54,1 %;8,8;7;9;7;1;6;1;4;1;Assez bien;Psychologie;Technologique
COH2027-3752;20;64,3 %;53,9;4;11;11;8;6;4;2;1;Passable;Droit;Général
COH2027-3753;22;45,7 %;8,7;9;12;9;0;5;2;1;1;Passable;Biologie;Général
COH2027-3754;24;48,9 %;12,5;6;8;6;2;5;2;2;2;Assez bien;Informatique;Général
COH2027-3755;19;67,5 %;24,6;3;10;10;7;6;3;2;4;Très bien;Lettres;Général
COH2027-3756;23;43,7 %;7,9;9;11;9;0;5;2;2;1;Très bien;Informatique;Général
COH2027-3757;24;67,2 %;25,1;6;13;13;2;6;4;3;2;Assez bien;Informatique;Général
COH2027-3758;22;73,3 %;43,5;4;8;8;7;5;4;3;2;Passable;Biologie;Professionnel
COH2027-3759;19;57,6 %;46,3;7;9;7;3;7;3;3;1;Bien;Psychologie;Technologique
COH2027-3760;20;69,1 %;48,1;5;8;7;4;6;1;3;3;Bien;Informatique;Général
COH2027-3761;19;58,1 %;24,8;7;11;9;1;6;3;3;2;Très bien;Droit;Général
COH2027-3762;22;47,9 %;28,4;6;12;11;3;5;3;1;2;Assez bien;Droit;Général
COH2027-3763;23;38,5 %;3,2;6;10;8;1;7;2;2;2;Bien;Droit;Technologique
COH2027-3764;19;52,7 %;32,9;3;8;7;7;5;3;3;3;Passable;Informatique;Général
COH2027-3765;23;56,0 %;27,5;5;11;8;0;5;1;3;2;Assez bien;Informatique;Général
COH2027-3766;22;50,5 %;18,9;7;11;9;3;6;2;2;2;Assez bien;Informatique;Général
COH2027-3767;20;49,7 %;12,8;8;11;10;4;5;2;2;;Assez bien;Droit;Général
COH2027-3768;19;31,0 %;10,2;6;11;6;1;5;1;1;;Passable;Informatique;Technologique
COH2027-3769;21;48,2 %;33,1;4;9;8;5;6;3;2;3;Passable;STAPS;Général
COH2027-3770;20;57,7 %;22,0;8;9;8;3;6;3;2;2;Passable;Informatique;Général
COH2027-3771;17;65,4 %;9,7;6;13;11;6;6;3;2;2;Très bien;Informatique;Général
COH2027-3772;20;58,5 %;28,2;5;8;8;4;6;1;4;2;Passable;Informatique;Général
COH2027-3773;18;59,5 %;9,3;7;13;11;2;6;;3;2;Bien;STAPS;Technologique
COH2027-3774;19;42,1 %;5,2;6;10;6;0;7;1;;2;Assez bien;Informatique;Général
COH2027-3775;18;78,2 %;43,5;5;8;8;6;7;;4;4;Passable;Informatique;Technologique
COH2027-3776;21;67,0 %;6,5;7;11;9;1;5;2;2;1;Passable;Psychologie;Général
COH2027-3777;19;65,4 %;14,8;6;8;6;0;6;3;1;1;Passable;Gestion;Général
COH2027-3778;21;56,4 %;39,0;6;10;9;8;5;3;1;3;Passable;Gestion;Général
COH2027-3779;19;51,7 %;33,0;7;13;12;1;5;1;3;1;Passable;Informatique;Général
COH2027-3780;21;79,8 %;45,3;3;10;9;12;6;4;1;4;Passable;Informatique;Général
COH2027-3781;18;71,5 %;16,4;4;8;8;6;5;2;2;2;;STAPS;Général
COH2027-3782;18;42,8 %;18,2;6;10;8;6;6;3;4;3;Assez bien;Informatique;Général
COH2027-3783;17;55,6 %;26,9;6;11;10;2;6;1;2;2;Passable;Informatique;Général
COH2027-3784;21;62,7 %;32,0;6;12;10;4;6;4;1;2;Passable;Informatique;Technologique
COH2027-3785;20;69,6 %;8,0;6;9;8;3;5;4;2;3;Assez bien;Biologie;Technologique
COH2027-3786;19;63,1 %;33,2;5;8;7;3;7;3;2;2;Passable;Informatique;Général
COH2027-3787;19;55,1 %;8,7;5;10;7;3;6;1;3;1;Assez bien;Psychologie;Général
COH2027-3788;18;43,3 %;11,3;8;10;8;3;7;1;3;1;Assez bien;Informatique;Professionnel
COH2027-3789;18;49,7 %;21,1;5;9;8;5;6;2;3;3;Bien;Informatique;Général
COH2027-3790;18;43,9 %;1,1;5;10;5;0;6;;1;3;Passable;Biologie;Technologique
COH2027-3791;18;76,3 %;28,6;6;12;11;5;6;4;2;;Passable;Informatique;Général
COH2027-3792;18;76,4 %;36,0;3;10;10;9;6;4;3;4;Assez bien;Mathématiques;Technologique
COH2027-3793;17;56,7 %;36,0;5;10;8;5;7;4;4;3;Passable;Informatique;Professionnel
COH2027-3794;20;57,5 %;18,9;6;8;6;3;6;3;;4;Assez bien;Psychologie;Général
COH2027-3795;24;75,7 %;21,8;5;11;11;6;7;3;3;3;Assez bien;Biologie;Technologique
COH2027-3796;19;44,8 %;2,8;9;12;9;3;6;4;1;3;Très bien;Gestion;Général
COH2027-3797;19;39,1 %;2,0;7;10;7;0;5;1;3;;Bien;STAPS;Général
COH2027-3798;21;57,8 %;22,2;7;13;11;3;5;;;1;Passable;Informatique;Technologique
COH2027-3799;17;50,8 %;14,6;7;11;8;4;6;;1;2;Assez bien;Informatique;Général
COH2027-3800;18;56,4 %;20,7;7;13;8;1;6;2;;2;Passable;Droit;Général
COH2027-3801;19;47,7 %;14,2;3;13;9;2;5;1;1;3;Passable;Informatique;Général
COH2027-3802;18;59,9 %;19,2;7;10;9;1;5;3;3;3;Bien;Informatique;Général
COH2027-3803;20;40,7 %;16,1;7;13;7;0;6;1;1;3;Passable;Mathématiques;Général
COH2027-3804;19;49,8 %;12,2;5;8;8;3;6;3;1;3;Bien;Mathématiques;Général
COH2027-3805;19;66,6 %;15,3;7;13;10;6;5;4;4;;Passable;Gestion;Technologique
COH2027-3806;19;57,8 %;24,4;6;8;7;9;5;4;3;2;Assez bien;Informatique;Général
COH2027-3807;19;78,3 %;18,9;7;13;10;2;5;1;3;1;Assez bien;Biologie;Général
COH2027-3808;18;73,6 %;20,0;5;11;8;3;5;2;4;2;Bien;Informatique;Professionnel
COH2027-3809;18;78,8 %;38,5;5;11;11;8;6;2;3;4;Passable;Mathématiques;Général
COH2027-3810;18;76,3 %;27,6;5;9;8;7;6;2;2;1;Passable;Psychologie;Professionnel
COH2027-3811;18;51,7 %;4,8;7;11;7;2;5;3;2;3;Passable;Informatique;Général
COH2027-3812;18;52,6 %;5,2;8;13;8;0;6;1;3;3;Passable;Droit;Technologique
COH2027-3813;19;75,8 %;22,4;6;11;8;4;5;1;2;3;;Informatique;Général
COH2027-3814;18;66,1 %;12,0;4;9;7;3;5;3;1;2;Bien;Biologie;Technologique
COH2027-3815;20;79,3 %;48,3;4;9;9;6;7;4;3;4;Bien;STAPS;Technologique
COH2027-3816;20;58,2 %;15,3;9;10;9;7;6;2;2;3;Assez bien;Informatique;Professionnel
COH2027-3817;18;65,7 %;15,2;4;8;7;1;6;2;1;1;Bien;Biologie;Général
COH2027-3818;20;63,5 %;48,4;5;13;13;4;5;3;3;1;Assez bien;Informatique;Général
COH2027-3819;21;46,7 %;17,9;7;12;8;3;5;2;1;1;Bien;Biologie;Technologique
COH2027-3820;17;39,7 %;24,4;4;9;6;3;7;3;3;2;Passable;STAPS;Général
COH2027-3821;18;47,5 %;30,1;7;9;7;1;6;1;1;1;Assez bien;Informatique;Professionnel
COH2027-3822;20;44,2 %;12,9;6;12;8;0;7;3;1;1;Bien;Informatique;Général
COH2027-3823;18;38,8 %;10,2;5;9;6;1;7;1;1;1;Assez bien;Biologie;Technologique
COH2027-3824;17;74,5 %;23,1;3;13;11;3;5;4;2;2;Passable;Informatique;Technologique
COH2027-3825;21;72,3 %;31,9;5;12;11;4;5;4;1;2;Assez bien;Psychologie;Général
COH2027-3826;19;56,3 %;5,5;6;9;8;2;5;2;3;1;Assez bien;Biologie;Général
COH2027-3827;17;55,8 %;27,0;7;10;7;1;6;2;3;1;Assez bien;Informatique;Général
COH2027-3828;20;51,1 %;30,1;9;9;9;2;5;3;1;1;Passable;STAPS;Technologique
COH2027-3829;19;60,3 %;16,1;6;8;6;2;6;3;3;1;Très bien;STAPS;Général
COH2027-3830;20;39,2 %;5,5;6;10;6;0;5;1;;1;Bien;Gestion;Général
COH2027-3831;21;41,4 %;1,9;6;10;6;0;5;2;1;1;Très bien;Psychologie;Général
COH2027-3832;20;55,1 %;20,1;11;13;11;7;6;4;2;2;Passable;Informatique;Général
COH2027-3833;18;77,2 %;27,6;4;13;13;5;5;4;2;1;Bien;Informatique;Technologique
COH2027-3834;19;60,5 %;21,8;6;9;6;2;6;2;1;2;Assez bien;Mathématiques;Général
COH2027-3835;19;61,1 %;21,4;5;8;7;5;6;4;3;4;Assez bien;Informatique;Général
COH2027-3836;17;45,4 %;36,8;6;8;7;5;5;1;3;2;Passable;Droit;Général
COH2027-3837;19;69,5 %;33,5;4;8;8;5;6;4;3;3;Passable;Gestion;Général
COH2027-3838;19;47,5 %;3,4;6;8;6;1;7;;1;3;;Psychologie;Professionnel
COH2027-3839;21;46,4 %;10,8;6;10;7;2;5;1;2;1;Bien;Mathématiques;Technologique
COH2027-3840;20;79,1 %;45,9;5;12;12;10;6;4;4;3;Passable;STAPS;Professionnel
COH2027-3841;18;55,5 %;28,4;8;8;8;2;7;3;1;1;Bien;Informatique;Technologique
COH2027-3842;25;66,7 %;21,5;7;8;8;1;5;1;3;3;Passable;Droit;Général
COH2027-3843;17;64,8 %;14,9;8;13;11;3;5;1;2;2;Très bien;Informatique;Technologique
COH2027-3844;21;58,0 %;10,2;5;9;8;3;6;1;4;2;Assez bien;STAPS;Technologique
COH2027-3845;22;79,9 %;36,7;5;8;6;9;7;3;3;3;Bien;Biologie;Général
COH2027-3846;23;46,8 %;10,3;9;13;9;3;5;3;2;1;Bien;Psychologie;Général
COH2027-3847;23;74,1 %;43,0;5;10;10;6;5;4;2;2;Assez bien;Informatique;Général
COH2027-3848;18;56,8 %;41,6;8;12;8;2;5;1;3;4;Assez bien;Gestion;Professionnel
COH2027-3849;20;53,8 %;30,3;5;11;9;5;6;4;3;3;Assez bien;Informatique;Général
COH2027-3850;18;62,3 %;30,1;5;9;8;3;6;3;2;1;Passable;Informatique;Général
COH2027-3851;20;63,6 %;29,2;4;13;13;3;6;4;3;2;Bien;Gestion;Technologique
COH2027-3852;19;71,0 %;38,4;3;13;13;6;6;4;4;4;Bien;Lettres;Technologique
COH2027-3853;24;53,2 %;37,1;7;9;7;1;6;1;3;1;Passable;Informatique;Technologique
COH2027-3854;20;57,0 %;21,6;9;13;9;2;5;3;1;;Assez bien;Gestion;Général
COH2027-3855;20;63,3 %;20,4;7;10;10;5;6;3;3;1;Passable;Biologie;Général
COH2027-3856;20;72,5 %;20,2;9;11;9;4;6;1;1;1;Passable;Informatique;Technologique
COH2027-3857;21;48,9 %;12,4;9;12;9;0;7;1;2;1;Assez bien;STAPS;Général
COH2027-3858;17;55,8 %;27,0;7;10;7;1;6;2;3;1;Assez bien;Gestion;Général
COH2027-3859;17;39,2 %;14,7;8;13;8;1;6;1;;1;Bien;Informatique;Général
COH2027-3860;20;44,5 %;15,2;9;12;10;1;5;2;1;1;Bien;STAPS;Technologique
COH2027-3861;19;76,9 %;36,8;6;11;11;6;5;;3;2;Assez bien;Psychologie;Général
COH2027-3862;19;67,8 %;33,2;3;8;8;7;5;4;4;2;Très bien;Mathématiques;Technologique
COH2027-3863;17;59,9 %;37,0;5;8;7;9;5;2;3;3;Bien;Psychologie;Général
COH2027-3864;19;48,6 %;25,9;6;11;9;6;7;2;;3;Assez bien;Informatique;Technologique
COH2027-3865;19;65,0 %;35,6;6;8;6;4;6;3;;2;Assez bien;Droit;Général
COH2027-3866;22;55,2 %;35,0;8;8;8;7;7;2;3;4;Passable;Informatique;Professionnel
COH2027-3867;18;56,7 %;6,2;5;11;10;1;6;1;2;2;Assez bien;Informatique;Technologique
COH2027-3868;17;68,5 %;44,5;5;10;9;5;5;3;3;4;Bien;Droit;Général
COH2027-3869;19;54,0 %;11,7;8;11;9;2;6;3;1;;Passable;Informatique;Professionnel
COH2027-3870;18;60,5 %;26,2;5;12;9;0;6;2;2;2;Bien;Informatique;Technologique
COH2027-3871;20;57,5 %;26,1;8;11;10;0;5;4;2;2;Passable;Informatique;Technologique
COH2027-3872;18;38,2 %;19,7;6;8;6;3;6;1;1;1;Passable;Psychologie;Général
COH2027-3873;19;70,5 %;13,7;5;13;10;3;7;2;3;1;Bien;Informatique;Technologique
COH2027-3874;19;56,8 %;35,9;6;13;13;4;7;4;3;4;Assez bien;Informatique;Général
COH2027-3875;21;79,0 %;29,4;6;13;9;8;6;3;4;2;Passable;Informatique;Professionnel
COH2027-3876;20;48,2 %;16,6;8;11;8;3;5;2;1;2;Très bien;Psychologie;Professionnel
COH2027-3877;18;56,3 %;28,3;7;10;10;2;6;3;4;1;Assez bien;Psychologie;Général
COH2027-3878;18;59,2 %;5,8;6;9;6;2;5;1;2;1;Passable;Informatique;Technologique
COH2027-3879;19;78,0 %;54,0;6;9;9;6;6;4;4;1;Passable;Informatique;Technologique
COH2027-3880;22;58,5 %;8,6;6;9;9;6;6;1;2;1;Assez bien;Informatique;Technologique
COH2027-3881;20;51,8 %;27,6;7;11;8;1;6;1;2;1;Passable;Informatique;Général
COH2027-3882;19;59,5 %;11,8;4;11;9;3;6;2;;2;Passable;Mathématiques;Général
COH2027-3883;21;55,2 %;26,1;4;8;8;4;7;2;2;3;Assez bien;Informatique;Général
COH2027-3884;18;65,0 %;41,3;5;10;8;9;7;4;4;1;Passable;STAPS;Général
COH2027-3885;21;61,1 %;26,7;7;9;7;2;6;2;1;3;Passable;Informatique;Technologique
COH2027-3886;17;78,2 %;24,3;6;9;8;3;7;4;2;2;Assez bien;Informatique;Général
COH2027-3887;17;60,9 %;22,6;3;12;11;0;6;3;3;2;Bien;Mathématiques;Général
COH2027-3888;19;56,5 %;17,9;8;13;8;3;6;2;2;1;Assez bien;Informatique;Général
COH2027-3889;19;31,9 %;4,7;7;13;8;0;6;1;1;4;Passable;Droit;Technologique
COH2027-3890;18;60,6 %;12,6;8;11;8;0;6;2;1;1;Passable;Informatique;Général
COH2027-3891;21;52,3 %;27,2;7;9;7;4;6;1;2;2;Assez bien;Biologie;Professionnel
COH2027-3892;22;47,7 %;15,8;6;12;9;1;6;4;2;3;Assez bien;Droit;Technologique
COH2027-3893;22;49,9 %;20,2;11;12;11;0;6;2;1;2;Bien;Informatique;Général
COH2027-3894;19;51,5 %;2,2;7;13;7;1;6;1;2;1;Assez bien;Biologie;Professionnel
COH2027-3895;22;56,4 %;13,7;4;8;6;4;5;2;1;3;Assez bien;Gestion;Général
COH2027-3896;18;66,9 %;27,1;6;12;10;3;6;3;3;1;Passable;Informatique;Général
COH2027-3897;19;48,3 %;1,4;5;9;5;1;6;1;1;2;Passable;Informatique;Général
COH2027-3898;21;57,2 %;20,9;8;11;8;0;7;2;2;1;Passable;Informatique;Professionnel
COH2027-3899;18;59,6 %;30,9;10;13;10;2;6;2;3;;Très bien;Psychologie;Général
COH2027-3900;20;45,3 %;7,8;8;12;8;0;7;1;1;1;;Informatique;Technologique
COH2027-3901;19;58,9 %;37,4;5;9;7;3;7;1;3;2;Bien;Droit;Général
COH2027-3902;23;69,6 %;34,0;3;13;12;2;7;4;4;4;Passable;Droit;Général
COH2027-3903;21;74,7 %;44,0;4;13;12;9;5;4;4;4;Assez bien;Informatique;Général
COH2027-3904;20;71,2 %;48,0;3;10;10;6;6;4;4;4;Bien;Psychologie;Général
COH2027-3905;18;57,6 %;20,9;4;13;12;2;7;3;;3;Assez bien;Informatique;Général
COH2027-3906;23;47,1 %;0,1;9;11;9;1;5;1;3;1;Passable;Psychologie;Technologique
COH2027-3907;19;58,6 %;5,5;7;10;7;0;7;2;;;Bien;Mathématiques;Général
COH2027-3908;18;39,3 %;10,4;4;10;7;2;7;1;;1;Assez bien;Informatique;Général
COH2027-3909;19;63,0 %;28,4;4;9;9;1;6;3;4;2;Assez bien;Informatique;Général
COH2027-3910;20;51,9 %;29,9;8;9;8;6;6;4;;1;Assez bien;Informatique;Général
COH2027-3911;23;54,9 %;6,8;7;12;9;0;6;2;1;2;Passable;Informatique;Technologique
COH2027-3912;18;47,8 %;23,1;7;12;7;0;6;2;2;1;Passable;Informatique;Général
COH2027-3913;20;47,9 %;37,6;6;10;6;1;6;2;1;1;Bien;Gestion;Général
COH2027-3914;19;61,2 %;7,0;9;12;9;1;6;1;2;1;Assez bien;Psychologie;Général
COH2027-3915;21;47,8 %;19,4;7;9;7;3;5;2;2;;Très bien;Informatique;Technologique
COH2027-3916;19;60,5 %;9,2;8;9;8;2;7;2;2;2;Bien;Gestion;Général
COH2027-3917;18;66,7 %;1,1;7;12;7;1;5;2;4;2;Bien;Informatique;Général
COH2027-3918;22;38,3 %;3,9;8;10;8;0;7;1;1;1;Passable;Informatique;Technologique
COH2027-3919;19;68,0 %;9,8;7;12;10;4;5;3;1;1;Passable;Gestion;Technologique
COH2027-3920;18;77,7 %;47,8;5;8;8;10;6;4;4;1;Bien;Mathématiques;Général
COH2027-3921;20;77,9 %;25,8;7;8;7;5;6;3;3;2;Passable;Lettres;Technologique
COH2027-3922;22;37,8 %;13,3;5;8;5;1;6;2;2;1;Passable;Informatique;Technologique
COH2027-3923;20;57,1 %;3,4;6;10;6;0;6;1;2;4;Assez bien;Informatique;Général
COH2027-3924;24;66,4 %;20,5;8;11;8;1;6;2;2;1;Passable;Psychologie;Technologique
COH2027-3925;19;48,8 %;15,8;5;9;5;0;5;2;1;1;Assez bien;Gestion;Général
COH2027-3926;24;42,2 %;2,8;7;12;7;0;5;1;1;1;Assez bien;Gestion;Général
COH2027-3927;19;47,7 %;4,4;8;10;8;1;5;2;1;1;Bien;Psychologie;Technologique
COH2027-3928;20;52,6 %;6,2;7;12;11;4;7;2;;1;Bien;Informatique;Général
COH2027-3929;18;65,3 %;20,4;3;13;13;2;6;2;3;2;Passable;Lettres;Général
COH2027-3930;18;69,9 %;45,8;5;10;9;6;7;4;3;1;Bien;Lettres;Technologique
COH2027-3931;19;77,9 %;52,5;3;11;11;14;6;3;4;3;Très bien;Informatique;Général
COH2027-3932;20;36,6 %;15,8;6;8;6;2;7;3;;2;Passable;Informatique;Général
COH2027-3933;21;54,6 %;17,6;6;8;6;2;7;3;3;2;Passable;Biologie;Général
COH2027-3934;23;73,6 %;60,4;4;13;13;6;6;3;4;;;Informatique;Professionnel
COH2027-3935;18;51,7 %;18,0;7;8;8;3;6;4;2;2;Assez bien;STAPS;Général
COH2027-3936;23;53,6 %;27,4;8;9;8;3;5;2;2;1;Bien;Informatique;Technologique
COH2027-3937;22;65,9 %;30,1;6;12;10;8;7;1;4;2;Assez bien;Informatique;Général
COH2027-3938;18;62,7 %;28,9;8;10;8;4;5;3;2;3;Passable;Informatique;Technologique
COH2027-3939;19;42,5 %;9,1;7;12;7;0;6;2;2;1;Assez bien;Mathématiques;Général
COH2027-3940;21;70,2 %;33,2;5;8;7;3;5;2;4;2;Bien;Informatique;Général
COH2027-3941;20;52,6 %;6,2;7;12;11;4;7;2;;1;Bien;Informatique;Général
COH2027-3942;24;32,1 %;10,2;6;10;6;0;5;1;2;1;Passable;Droit;Général
COH2027-3943;20;59,2 %;40,9;3;8;5;2;6;2;2;3;Assez bien;Droit;Professionnel
COH2027-3944;20;59,6 %;16,0;7;10;7;2;7;1;1;2;Passable;Informatique;Professionnel
COH2027-3945;20;65,9 %;30,4;3;13;12;8;6;3;2;4;Passable;Informatique;Général
COH2027-3946;18;52,2 %;16,2;6;10;8;3;5;2;1;2;Très bien;Informatique;Général
COH2027-3947;21;40,1 %;12,8;6;10;6;0;5;;1;1;Bien;STAPS;Général
COH2027-3948;20;76,6 %;41,5;5;11;11;6;7;4;4;4;Assez bien;Informatique;Général
COH2027-3949;18;60,3 %;34,8;4;11;11;3;6;1;3;;Passable;Gestion;Technologique
COH2027-3950;25;60,3 %;35,0;5;13;11;2;7;4;2;1;Passable;STAPS;Général
COH2027-3951;21;57,9 %;22,2;10;13;12;1;7;3;3;2;Assez bien;Biologie;Professionnel
COH2027-3952;18;77,6 %;21,4;5;10;9;3;6;3;;2;Passable;Informatique;Technologique
COH2027-3953;20;64,6 %;12,8;6;8;6;0;6;2;2;3;Assez bien;Biologie;Général
COH2027-3954;22;79,3 %;42,5;7;10;9;7;7;4;2;3;Bien;Lettres;Général
COH2027-3955;19;47,1 %;11,8;5;12;5;0;6;1;2;2;Passable;STAPS;Technologique
COH2027-3956;24;51,5 %;31,8;5;10;8;3;6;2;1;4;Bien;Informatique;Général
COH2027-3957;20;67,6 %;18,9;6;11;11;2;6;4;3;1;Passable;Gestion;Général
COH2027-3958;19;60,4 %;39,0;5;12;9;4;5;2;2;2;Assez bien;Informatique;Général
COH2027-3959;19;61,0 %;12,2;6;9;6;1;6;1;1;2;Assez bien;Mathématiques;Général
COH2027-3960;21;58,0 %;6,8;7;13;12;1;6;3;3;1;Bien;Droit;Général
COH2027-3961;19;77,3 %;44,0;6;13;12;4;5;4;4;4;Assez bien;Informatique;Technologique
COH2027-3962;19;64,1 %;25,8;7;13;13;3;5;4;4;3;Assez bien;Informatique;Général
COH2027-3963;20;67,6 %;18,9;6;11;11;2;6;4;3;1;Passable;Informatique;Général
COH2027-3964;22;69,7 %;26,2;5;12;12;6;6;4;4;4;Passable;Informatique;Général
COH2027-3965;21;44,3 %;15,2;5;9;5;0;6;1;1;1;Passable;Biologie;Technologique
COH2027-3966;21;63,0 %;32,5;10;10;10;2;6;2;3;;Passable;Informatique;Général
COH2027-3967;19;50,6 %;5,7;6;12;6;0;6;2;2;1;Bien;Informatique;Général
COH2027-3968;20;39,6 %;14,7;5;10;5;0;7;3;4;1;Bien;Gestion;Général
COH2027-3969;18;66,1 %;22,4;3;8;8;8;6;3;2;;Très bien;Informatique;Général
COH2027-3970;19;56,8 %;3,6;10;13;10;0;5;1;2;1;Assez bien;STAPS;Professionnel
COH2027-3971;22;64,2 %;29,1;6;12;10;5;5;2;2;1;Bien;Informatique;Général
COH2027-3972;18;65,6 %;20,3;6;10;8;1;7;2;;3;Bien;Gestion;Général
COH2027-3973;17;52,0 %;12,2;7;13;12;4;5;2;2;1;Assez bien;Biologie;Technologique
COH2027-3974;21;74,7 %;44,0;4;13;12;9;5;4;4;4;Assez bien;Informatique;Général
COH2027-3975;18;52,0 %;18,7;7;11;10;2;6;2;1;1;Passable;Informatique;Technologique
COH2027-3976;17;78,9 %;21,9;7;9;8;2;5;3;3;2;Assez bien;Psychologie;Technologique
COH2027-3977;20;49,7 %;12,8;8;11;10;4;5;2;2;;Assez bien;Droit;Général
COH2027-3978;26;50,2 %;18,3;8;11;8;1;7;1;1;3;Assez bien;Psychologie;Général
COH2027-3979;20;44,5 %;15,2;9;12;10;1;5;2;1;1;Bien;Informatique;Technologique
COH2027-3980;23;78,4 %;22,6;5;10;10;7;5;4;2;4;Assez bien;Lettres;Général
COH2027-3981;21;66,1 %;15,2;4;8;8;6;6;3;2;;Assez bien;Informatique;Professionnel
COH2027-3982;18;67,0 %;18,4;10;13;11;3;7;3;3;1;;Lettres;Général
COH2027-3983;21;44,7 %;30,1;4;12;10;5;5;2;3;1;Bien;Biologie;Général
COH2027-3984;22;55,5 %;16,4;3;10;9;6;6;2;4;2;Bien;Informatique;Général
COH2027-3985;24;46,3 %;5,8;5;11;8;0;5;3;2;2;Assez bien;Informatique;Général
COH2027-3986;18;69,2 %;38,7;8;10;9;4;5;;2;;Assez bien;Biologie;Technologique
COH2027-3987;19;62,9 %;13,3;6;10;9;0;6;2;2;3;Passable;Biologie;Professionnel
COH2027-3988;19;73,1 %;39,3;6;12;11;6;6;1;2;2;Très bien;Informatique;Général
COH2027-3989;21;58,3 %;21,4;6;9;8;2;6;3;4;2;Assez bien;Gestion;Technologique
COH2027-3990;19;52,1 %;41,0;3;12;9;4;5;1;3;2;Passable;Informatique;Général
COH2027-3991;20;71,8 %;23,6;8;12;9;4;7;3;1;4;Bien;Gestion;Général
COH2027-3992;17;60,1 %;42,6;6;9;6;5;7;2;2;3;Assez bien;Informatique;Technologique
COH2027-3993;17;62,8 %;27,6;7;11;10;4;5;2;3;1;Passable;Gestion;Général
COH2027-3994;17;64,6 %;31,4;8;12;10;4;6;4;1;3;Passable;Informatique;Général
COH2027-3995;19;65,2 %;28,4;3;12;12;9;6;4;4;3;Assez bien;Informatique;Technologique
COH2027-3996;18;49,5 %;25,4;7;11;7;1;6;1;2;1;Très bien;Biologie;Technologique
COH2027-3997;22;43,4 %;11,7;7;9;7;3;6;2;1;1;Bien;Informatique;Général
COH2027-3998;19;44,7 %;28,2;6;11;9;8;6;1;2;2;Passable;Biologie;Technologique
COH2027-3999;20;29,5 %;2,1;7;10;7;0;7;1;1;1;Passable;Droit;Général
COH2027-4000;22;66,9 %;48,9;5;8;7;9;5;3;3;3;Assez bien;Informatique;Général
COH2027-4001;19;51,6 %;38,4;6;8;8;7;6;4;4;4;Assez bien;Informatique;Général
COH2027-4002;20;58,5 %;21,1;6;8;6;6;6;1;2;1;Passable;Informatique;Général
COH2027-4003;18;45,8 %;37,6;5;13;9;4;6;2;1;;Très bien;Informatique;Général
COH2027-4004;18;57,4 %;8,4;9;13;9;2;7;2;2;3;Passable;Informatique;Général
COH2027-4005;21;61,2 %;23,9;7;8;7;3;5;3;3;2;Assez bien;Informatique;Général
COH2027-4006;17;64,5 %;21,1;10;12;10;1;5;1;3;1;Assez bien;Lettres;Technologique
COH2027-4007;18;35,7 %;23,0;7;13;7;2;6;1;2;3;Assez bien;Informatique;Général
COH2027-4008;17;79,0 %;40,8;7;9;8;5;6;3;1;3;Bien;Informatique;Général
COH2027-4009;19;48,0 %;5,2;9;13;9;0;5;1;1;1;Bien;Psychologie;Technologique
COH2027-4010;21;63,4 %;11,4;6;10;9;3;6;2;4;1;Très bien;Informatique;Général
COH2027-4011;18;64,2 %;4,3;7;10;7;1;7;2;2;2;Assez bien;Psychologie;Général
COH2027-4012;20;79,3 %;48,3;4;9;9;6;7;4;3;4;Bien;Informatique;Technologique
COH2027-4013;25;60,3 %;35,0;5;13;11;2;7;4;2;1;Passable;STAPS;Général
COH2027-4014;22;64,5 %;34,0;9;13;11;0;6;2;3;1;Très bien;Mathématiques;Professionnel
COH2027-4015;19;49,9 %;30,1;9;13;10;5;7;2;2;4;Assez bien;Informatique;Général
COH2027-4016;18;59,2 %;2,1;6;9;6;0;7;1;1;1;Bien;Informatique;Général
COH2027-4017;18;45,8 %;8,2;8;11;8;0;6;1;3;1;Assez bien;Gestion;Professionnel
COH2027-4018;19;47,7 %;4,4;8;10;8;1;5;2;1;1;Bien;Informatique;Technologique
COH2027-4019;20;42,5 %;1,9;8;10;8;0;5;1;2;4;Assez bien;Informatique;Général
COH2027-4020;23;53,7 %;20,6;7;10;7;0;6;2;2;1;Passable;Biologie;Technologique
COH2027-4021;20;50,4 %;17,1;7;9;7;0;5;1;2;1;Passable;Informatique;Général
COH2027-4022;17;74,6 %;21,6;4;12;11;4;5;3;2;3;Assez bien;Informatique;Technologique
COH2027-4023;19;71,9 %;14,6;5;9;9;2;6;3;1;1;Assez bien;Informatique;Général
COH2027-4024;24;60,4 %;2,8;7;10;7;0;6;2;1;1;Passable;Informatique;Professionnel
COH2027-4025;19;67,8 %;33,2;3;8;8;7;5;4;4;2;Très bien;Mathématiques;Technologique
COH2027-4026;22;63,7 %;27,6;7;12;9;0;6;1;3;1;Assez bien;Mathématiques;Professionnel
COH2027-4027;17;38,1 %;1,4;6;12;9;0;7;1;3;1;Assez bien;Mathématiques;Général
COH2027-4028;20;42,2 %;23,0;5;10;9;4;7;1;;1;Passable;Informatique;Technologique
COH2027-4029;18;44,6 %;11,4;6;9;7;2;5;4;1;4;Passable;Mathématiques;Technologique
COH2027-4030;18;66,1 %;27,0;5;8;5;6;6;1;3;1;Passable;Informatique;Professionnel
COH2027-4031;18;50,5 %;9,3;4;10;10;2;6;3;2;3;Assez bien;Psychologie;Général
COH2027-4032;23;25,6 %;0,0;7;13;7;0;5;1;1;1;Assez bien;Informatique;Général
COH2027-4033;20;39,5 %;8,2;9;13;9;0;6;2;1;1;Bien;Psychologie;Général
COH2027-4034;19;52,2 %;11,4;8;12;10;0;7;1;1;2;Bien;STAPS;Général
COH2027-4035;19;63,2 %;9,7;5;8;5;0;7;2;2;1;Assez bien;Mathématiques;Général
COH2027-4036;22;60,6 %;10,6;8;12;8;1;6;3;3;1;Passable;Informatique;Général
COH2027-4037;23;67,7 %;32,1;4;11;11;4;5;3;;4;Bien;Lettres;Général
COH2027-4038;20;71,8 %;8,4;5;11;11;3;7;3;;2;Assez bien;Informatique;Général
COH2027-4039;19;51,8 %;20,6;6;10;9;2;7;2;1;;Passable;STAPS;Professionnel
COH2027-4040;21;57,4 %;16,2;3;9;8;10;6;4;4;2;Assez bien;STAPS;Général
COH2027-4041;24;53,5 %;24,6;8;9;8;2;7;2;1;3;Très bien;Gestion;Général
COH2027-4042;22;50,1 %;12,8;9;11;9;1;6;1;3;1;Bien;Informatique;Général
COH2027-4043;23;40,4 %;23,1;7;10;7;1;5;1;1;2;Passable;Droit;Professionnel
COH2027-4044;18;50,0 %;34,4;7;8;7;7;5;3;2;4;Assez bien;Informatique;Technologique
COH2027-4045;20;46,1 %;8,6;7;10;7;3;6;1;1;1;Bien;Informatique;Général
COH2027-4046;20;59,5 %;17,1;8;12;10;3;6;1;2;1;Passable;STAPS;Professionnel
COH2027-4047;19;64,8 %;22,5;8;8;8;2;6;3;2;4;Assez bien;Informatique;Général
COH2027-4048;19;59,1 %;14,3;6;9;6;2;7;1;3;1;Passable;Informatique;Général
COH2027-4049;22;77,0 %;43,9;8;10;8;5;6;4;3;2;Passable;Informatique;Général
COH2027-4050;21;59,1 %;39,5;4;11;11;2;6;3;4;2;Assez bien;Informatique;Technologique
COH2027-4051;19;52,6 %;19,0;6;11;9;3;6;;1;1;Bien;Biologie;Général
COH2027-4052;18;50,5 %;3,0;7;12;7;0;6;1;2;1;Bien;Informatique;Professionnel
COH2027-4053;21;43,8 %;21,6;6;10;6;1;6;1;1;3;Assez bien;Biologie;Technologique
COH2027-4054;18;45,1 %;12,1;6;10;6;1;5;3;3;2;Passable;Informatique;Général
COH2027-4055;20;49,2 %;35,8;7;10;7;2;7;2;1;2;Passable;Informatique;Technologique
COH2027-4056;19;59,3 %;16,7;8;12;11;0;7;3;2;1;Passable;Informatique;Général
COH2027-4057;22;63,6 %;53,0;5;13;10;4;6;3;2;2;Assez bien;Informatique;Professionnel
COH2027-4058;22;61,8 %;10,6;6;10;9;1;5;4;1;3;Bien;Informatique;Général
COH2027-4059;18;52,6 %;5,2;8;13;8;0;6;1;3;3;Passable;Informatique;Technologique
COH2027-4060;20;36,9 %;0,9;8;11;8;0;7;1;2;1;Assez bien;Informatique;Général
COH2027-4061;19;79,3 %;33,8;3;13;13;8;6;4;;4;Passable;Droit;Général
COH2027-4062;18;55,8 %;26,1;5;12;11;0;6;3;2;2;Passable;Psychologie;Général
COH2027-4063;17;58,6 %;27,9;6;12;7;3;7;4;3;2;Très bien;Informatique;Technologique
COH2027-4064;17;50,7 %;56,5;6;12;9;3;7;2;2;1;Passable;Informatique;Technologique
COH2027-4065;19;51,2 %;13,3;5;8;5;1;6;1;1;1;Passable;Informatique;Général
COH2027-4066;19;62,9 %;13,3;6;10;9;0;6;2;2;3;Passable;Informatique;Professionnel
COH2027-4067;19;44,3 %;24,4;7;13;10;2;6;1;2;1;Assez bien;Psychologie;Technologique
COH2027-4068;20;48,6 %;36,1;5;9;7;2;5;3;3;2;Assez bien;Informatique;Général
COH2027-4069;20;60,1 %;21,4;6;12;10;2;6;3;4;2;Assez bien;STAPS;Technologique
COH2027-4070;20;65,7 %;21,9;4;9;9;2;6;4;3;1;Assez bien;Informatique;Général
COH2027-4071;20;49,4 %;19,9;4;10;8;3;6;3;4;2;Bien;Droit;Technologique
COH2027-4072;24;48,9 %;12,5;6;8;6;2;5;2;2;2;Assez bien;Informatique;Général
COH2027-4073;20;26,5 %;0,0;4;8;4;0;5;1;1;1;Passable;Droit;Professionnel
COH2027-4074;21;64,5 %;20,1;3;12;10;4;6;4;4;3;Assez bien;Informatique;Général
COH2027-4075;20;50,9 %;17,4;7;8;7;2;6;2;;2;Assez bien;Psychologie;Général
COH2027-4076;17;65,7 %;14,2;8;9;8;2;6;2;4;1;Bien;Informatique;Général
COH2027-4077;23;70,0 %;23,8;4;9;8;11;7;3;2;2;Assez bien;Psychologie;Général
COH2027-4078;19;49,8 %;12,2;5;8;8;3;6;3;1;3;Bien;Informatique;Général
COH2027-4079;24;61,5 %;17,4;7;13;12;2;6;1;2;1;Passable;Droit;Général
COH2027-4080;22;50,4 %;8,0;7;10;7;0;5;1;3;1;Assez bien;Biologie;Général
COH2027-4081;18;49,7 %;17,4;8;10;8;4;6;2;3;2;;Informatique;Général
COH2027-4082;20;57,3 %;23,9;6;8;6;3;6;1;3;2;Bien;Lettres;Général
COH2027-4083;20;54,0 %;29,9;5;10;9;3;6;1;2;3;Assez bien;Droit;Technologique
COH2027-4084;22;42,7 %;17,4;6;10;7;2;6;1;1;2;Passable;Informatique;Professionnel
COH2027-4085;18;51,5 %;14,8;5;11;9;4;7;2;2;1;Passable;Informatique;Professionnel
COH2027-4086;23;57,8 %;15,2;8;13;10;0;5;3;3;2;Passable;Biologie;Général
COH2027-4087;22;51,4 %;18,6;8;13;12;5;6;3;2;1;Assez bien;Psychologie;Général
COH2027-4088;20;79,4 %;44,5;4;10;10;9;6;4;4;3;Passable;Informatique;Professionnel
COH2027-4089;21;67,3 %;13,8;6;8;7;6;7;3;4;1;Assez bien;Informatique;Technologique
COH2027-4090;22;77,4 %;40,8;5;10;10;9;5;;4;4;Passable;STAPS;Technologique
COH2027-4091;18;55,8 %;9,1;9;10;10;2;6;2;2;1;Bien;Informatique;Général
COH2027-4092;22;54,2 %;29,1;6;13;11;6;5;1;;3;Passable;Gestion;Général
COH2027-4093;20;66,9 %;29,2;4;12;11;9;5;1;3;2;Passable;Informatique;Professionnel
COH2027-4094;21;73,6 %;31,1;5;12;10;7;7;3;3;1;Très bien;Informatique;Général
COH2027-4095;20;53,6 %;27,1;8;10;8;4;7;;;2;Passable;Informatique;Général
COH2027-4096;18;63,0 %;10,2;9;13;10;0;6;;2;2;Assez bien;Informatique;Général
COH2027-4097;23;64,9 %;25,3;9;11;10;1;6;3;1;1;Passable;Informatique;Général
COH2027-4098;19;66,4 %;16,6;6;11;11;6;6;2;3;;Passable;Informatique;Général
COH2027-4099;19;54,0 %;13,8;8;10;10;3;6;3;3;2;Très bien;Informatique;Technologique
COH2027-4100;18;51,0 %;25,9;8;10;8;1;5;1;2;2;Assez bien;Informatique;Professionnel
COH2027-4101;17;67,3 %;34,2;5;8;8;11;6;3;2;4;Passable;Biologie;Général
COH2027-4102;18;64,1 %;21,9;6;13;10;3;7;4;4;;Passable;Psychologie;Général
COH2027-4103;20;65,4 %;26,1;6;13;11;0;5;3;3;2;Bien;Psychologie;Général
COH2027-4104;24;58,7 %;30,9;7;10;10;3;5;3;3;1;Passable;Psychologie;Technologique
COH2027-4105;19;76,1 %;19,1;5;12;12;4;5;4;4;3;Passable;Informatique;Technologique
COH2027-4106;18;56,0 %;27,9;3;8;6;1;6;1;2;;Passable;Informatique;Général
COH2027-4107;18;59,2 %;17,2;4;8;7;3;7;2;3;1;Passable;Mathématiques;Professionnel
COH2027-4108;22;35,4 %;0,1;2;11;2;1;6;1;2;1;Passable;Psychologie;Général
COH2027-4109;18;25,8 %;0,0;3;9;3;0;6;1;1;1;Bien;Gestion;Général
COH2027-4110;22;50,4 %;8,0;7;10;7;0;5;1;3;1;Assez bien;Biologie;Général
COH2027-4111;20;72,4 %;22,0;4;13;13;3;6;2;4;3;Assez bien;Informatique;Général
COH2027-4112;21;67,3 %;10,8;4;9;9;5;7;3;2;1;Bien;Informatique;Technologique
COH2027-4113;19;50,1 %;8,7;9;13;10;0;7;1;1;1;Passable;STAPS;Général
COH2027-4114;18;64,9 %;12,8;6;11;9;5;5;3;2;2;Assez bien;Psychologie;Général
COH2027-4115;20;58,9 %;32,0;8;11;11;8;5;3;3;;Assez bien;Informatique;Général
COH2027-4116;19;28,4 %;0,0;6;10;6;0;6;1;1;1;Bien;STAPS;Technologique
COH2027-4117;19;73,7 %;52,6;3;10;9;5;5;4;;4;Assez bien;Informatique;Général
COH2027-4118;21;69,9 %;37,5;4;9;9;7;5;4;2;4;Passable;Informatique;Général
COH2027-4119;19;64,5 %;21,6;6;9;7;0;5;2;4;1;Assez bien;Informatique;Général
COH2027-4120;21;41,4 %;1,9;6;10;6;0;5;2;1;1;Très bien;Informatique;Général
COH2027-4121;20;49,2 %;35,8;7;10;7;2;7;2;1;2;Passable;Gestion;Technologique
COH2027-4122;21;63,2 %;11,0;6;10;7;2;6;3;2;;Bien;Gestion;Technologique
COH2027-4123;18;56,2 %;44,2;7;13;13;6;6;2;2;3;;Informatique;Général
COH2027-4124;17;69,4 %;49,6;4;9;8;6;6;3;1;4;Assez bien;Biologie;Général
COH2027-4125;22;51,0 %;11,4;6;8;6;2;6;4;1;3;Passable;Informatique;Général
COH2027-4126;19;49,8 %;12,2;5;8;8;3;6;3;1;3;Bien;Mathématiques;Général
COH2027-4127;19;59,3 %;17,8;7;11;10;1;5;3;4;1;Assez bien;Informatique;Général
COH2027-4128;17;77,1 %;21,3;3;9;9;5;5;4;2;4;Bien;Informatique;Général
COH2027-4129;20;52,3 %;20,6;8;12;8;2;7;3;2;2;Passable;Mathématiques;Professionnel
COH2027-4130;17;39,1 %;10,3;5;8;6;1;6;1;1;1;Passable;Biologie;Général
COH2027-4131;17;53,3 %;15,6;10;13;12;3;7;3;2;1;Très bien;Gestion;Général
COH2027-4132;18;54,7 %;15,4;9;12;10;5;6;4;3;4;Bien;Mathématiques;Général
COH2027-4133;25;50,7 %;32,2;7;13;10;0;5;;2;1;Bien;Mathématiques;Général
COH2027-4134;18;71,5 %;22,9;4;8;8;3;6;1;3;2;Assez bien;Informatique;Général
COH2027-4135;19;47,1 %;11,8;5;12;5;0;6;1;2;2;Passable;Informatique;Technologique
COH2027-4136;21;57,2 %;25,4;7;12;10;4;5;3;1;3;Passable;Gestion;Général
COH2027-4137;21;41,6 %;4,0;8;13;10;1;7;1;;3;Bien;Psychologie;Général
COH2027-4138;20;55,3 %;10,9;6;9;8;3;5;1;;1;Bien;Psychologie;Général
COH2027-4139;19;73,2 %;24,1;6;13;13;4;6;4;;3;Passable;Informatique;Général
COH2027-4140;18;48,4 %;19,2;6;13;11;6;5;2;3;1;Bien;STAPS;Technologique
COH2027-4141;19;41,9 %;15,8;6;12;8;1;6;2;1;1;Assez bien;Informatique;Technologique
COH2027-4142;19;59,3 %;62,4;7;8;7;5;6;3;3;3;Passable;Droit;Général
COH2027-4143;19;48,7 %;23,1;9;11;9;5;6;3;;3;Passable;Informatique;Général
COH2027-4144;21;38,4 %;3,4;7;12;7;0;7;1;1;1;;STAPS;Général
COH2027-4145;20;33,8 %;3,8;7;12;7;0;5;1;2;1;Bien;Informatique;Général
COH2027-4146;21;32,5 %;1,8;8;12;8;0;5;1;1;1;Assez bien;STAPS;Général
COH2027-4147;22;58,1 %;8,1;6;9;6;4;6;2;2;2;Assez bien;Gestion;Général
COH2027-4148;21;61,1 %;26,7;7;9;7;2;6;2;1;3;Passable;Informatique;Technologique
COH2027-4149;17;57,4 %;19,8;6;8;6;3;5;1;1;2;Passable;Informatique;Professionnel
COH2027-4150;20;65,7 %;21,9;4;9;9;2;6;4;3;1;Assez bien;Informatique;Général
COH2027-4151;20;55,0 %;17,4;7;9;7;3;6;2;1;;Assez bien;Informatique;Général
COH2027-4152;20;76,5 %;42,7;6;11;9;6;5;3;3;2;Très bien;Mathématiques;Technologique
COH2027-4153;20;37,7 %;14,5;7;11;9;0;7;1;2;1;Assez bien;Informatique;Général
COH2027-4154;17;67,5 %;22,1;6;11;9;3;5;3;;3;Passable;Informatique;Général
COH2027-4155;19;67,1 %;39,7;6;9;8;2;5;3;2;2;Assez bien;Gestion;Général
COH2027-4156;19;72,4 %;19,1;4;10;10;4;6;4;3;1;Assez bien;Informatique;Général
COH2027-4157;19;48,1 %;17,6;7;9;7;1;5;1;2;1;Passable;Mathématiques;Technologique
COH2027-4158;19;64,7 %;16,4;8;13;13;2;5;3;4;3;;Gestion;Général
COH2027-4159;22;48,8 %;17,2;6;11;9;6;7;3;1;1;Assez bien;Informatique;Technologique
COH2027-4160;21;54,8 %;21,8;4;9;6;4;5;3;3;4;Passable;Psychologie;Professionnel
COH2027-4161;19;75,6 %;51,7;4;13;13;6;6;4;2;2;Assez bien;Informatique;Général
COH2027-4162;19;14,8 %;0,0;5;12;5;0;7;1;3;1;Assez bien;Droit;Général
COH2027-4163;21;53,2 %;22,2;6;9;6;4;7;4;2;3;Assez bien;Gestion;Technologique
COH2027-4164;20;72,7 %;32,7;7;9;7;4;7;2;2;1;Bien;STAPS;Général
COH2027-4165;21;55,9 %;23,1;6;11;9;5;6;2;2;1;Bien;Informatique;Général
COH2027-4166;21;40,3 %;3,2;7;11;9;0;6;1;1;1;Bien;Informatique;Général
COH2027-4167;19;71,4 %;15,8;8;9;9;3;6;3;;2;Assez bien;Biologie;Général
COH2027-4168;22;63,6 %;53,0;5;13;10;4;6;3;2;2;Assez bien;Informatique;Professionnel
COH2027-4169;19;69,2 %;21,3;6;10;8;2;5;2;3;4;Très bien;Informatique;Général
COH2027-4170;19;64,3 %;30,1;7;8;7;1;5;1;3;2;Bien;Psychologie;Technologique
COH2027-4171;22;60,7 %;6,2;5;9;7;4;5;2;4;3;Passable;Informatique;Général
COH2027-4172;21;79,2 %;34,5;4;9;9;4;5;;4;4;Passable;Biologie;Général
COH2027-4173;21;70,2 %;32,1;6;8;6;6;6;3;2;2;Assez bien;STAPS;Technologique
COH2027-4174;18;77,5 %;43,5;4;12;11;4;5;4;;4;Assez bien;Informatique;Général
COH2027-4175;20;45,7 %;18,3;6;8;6;4;6;3;3;2;Passable;Gestion;Professionnel
COH2027-4176;20;78,0 %;32,5;3;12;10;7;5;;4;3;Assez bien;Biologie;Professionnel
COH2027-4177;19;75,2 %;16,9;8;8;8;4;6;2;2;2;Très bien;Psychologie;Professionnel
COH2027-4178;23;50,2 %;23,9;7;9;7;0;5;1;;;Assez bien;Droit;Technologique
COH2027-4179;17;37,5 %;13,8;7;12;7;0;6;1;1;;Passable;Psychologie;Général
COH2027-4180;21;60,4 %;12,7;6;13;12;5;7;4;4;2;Assez bien;Informatique;Général
COH2027-4181;20;44,7 %;5,5;6;10;6;4;5;1;3;2;Assez bien;Informatique;Professionnel
COH2027-4182;23;56,7 %;68,1;4;13;13;4;5;4;3;3;Passable;Informatique;Général
COH2027-4183;20;41,8 %;8,8;9;11;9;0;6;2;1;1;Passable;Informatique;Technologique
COH2027-4184;18;51,0 %;35,2;6;12;10;3;6;2;2;2;Passable;Lettres;Technologique
COH2027-4185;17;64,6 %;29,8;6;8;6;1;6;;;;Assez bien;Droit;Général
COH2027-4186;17;55,1 %;7,2;8;10;8;2;6;1;2;1;Passable;Informatique;Général
COH2027-4187;19;54,4 %;12,7;8;11;10;2;6;2;3;1;Passable;Informatique;Technologique
COH2027-4188;19;67,8 %;33,2;3;8;8;7;5;4;4;2;Très bien;Mathématiques;Technologique
COH2027-4189;19;43,5 %;18,4;7;8;7;6;6;2;3;1;Assez bien;Informatique;Professionnel
COH2027-4190;18;56,5 %;35,5;7;12;9;5;6;;4;3;Passable;Informatique;Général
COH2027-4191;18;62,3 %;19,0;7;11;10;3;5;3;3;1;Assez bien;Informatique;Général
COH2027-4192;21;55,4 %;14,8;10;13;12;0;6;1;1;;Assez bien;Biologie;Général
COH2027-4193;19;44,9 %;15,1;6;9;6;0;6;2;1;1;Très bien;Psychologie;Général
COH2027-4194;18;44,5 %;7,5;7;13;7;1;6;;2;1;Très bien;Informatique;Professionnel
COH2027-4195;20;46,8 %;10,7;5;13;8;0;7;1;1;1;Assez bien;Informatique;Technologique
COH2027-4196;24;57,0 %;39,4;9;11;10;2;6;3;1;2;Bien;Psychologie;Général
COH2027-4197;20;63,0 %;27,2;6;11;8;4;6;3;2;2;Assez bien;Droit;Technologique
COH2027-4198;20;75,4 %;37,0;5;12;12;9;7;4;4;4;Passable;Informatique;Général
COH2027-4199;22;55,2 %;35,0;8;8;8;7;7;2;3;4;Passable;Informatique;Professionnel
COH2027-4200;21;46,2 %;12,6;5;8;5;0;6;;3;1;Passable;Informatique;Technologique
COH2027-4201;18;41,5 %;1,0;5;12;8;0;7;1;2;1;Passable;Informatique;Général
COH2027-4202;18;76,9 %;40,0;4;13;13;7;6;;3;3;Bien;Droit;Technologique
COH2027-4203;20;64,3 %;53,9;4;11;11;8;6;4;2;1;Passable;Droit;Général
COH2027-4204;19;46,6 %;29,4;3;9;7;1;7;2;2;1;Passable;Informatique;Technologique
COH2027-4205;24;46,0 %;9,4;6;8;6;0;5;1;1;3;Assez bien;Informatique;Général
COH2027-4206;18;69,9 %;45,8;5;10;9;6;7;4;3;1;Bien;Informatique;Technologique
COH2027-4207;19;49,8 %;1,9;5;13;9;0;6;1;1;1;Très bien;Biologie;Général
COH2027-4208;18;45,4 %;40,5;6;9;8;1;6;3;;4;Assez bien;Gestion;Général
COH2027-4209;25;58,5 %;25,3;4;10;10;3;6;3;2;3;Passable;Informatique;Général
COH2027-4210;19;44,9 %;15,1;6;9;6;0;6;2;1;1;Très bien;Psychologie;Général
COH2027-4211;21;45,6 %;11,8;7;11;7;2;7;1;1;2;Passable;Informatique;Professionnel
COH2027-4212;20;67,6 %;54,3;5;12;12;7;5;2;3;3;Assez bien;Informatique;Technologique
COH2027-4213;18;63,3 %;15,7;5;8;8;5;7;3;3;4;Bien;Informatique;Général
COH2027-4214;22;60,5 %;9,8;7;10;7;0;5;1;3;2;Assez bien;Informatique;Général
COH2027-4215;20;72,9 %;21,1;3;13;13;11;5;3;3;2;Passable;Informatique;Général
COH2027-4216;17;64,1 %;12,3;7;8;8;7;6;3;2;1;Très bien;Informatique;Technologique
COH2027-4217;22;56,1 %;12,2;7;9;9;2;5;2;2;1;Assez bien;STAPS;Général
COH2027-4218;23;76,8 %;23,4;4;11;11;3;5;4;2;3;Bien;Informatique;Technologique
COH2027-4219;19;41,6 %;9,4;4;8;4;0;7;1;;1;Passable;STAPS;Professionnel
COH2027-4220;20;73,5 %;13,4;7;8;7;9;7;4;4;1;Passable;Biologie;Général
COH2027-4221;19;78,0 %;28,6;3;8;8;7;6;4;4;1;Passable;Informatique;Général
COH2027-4222;20;43,5 %;6,7;8;13;8;0;5;1;3;1;Passable;Gestion;Général
COH2027-4223;23;56,9 %;11,2;7;11;7;1;5;1;3;1;Passable;Informatique;Technologique
COH2027-4224;19;51,0 %;23,6;5;8;6;1;5;3;4;2;Bien;Mathématiques;Général
COH2027-4225;19;51,6 %;27,6;9;10;9;2;5;;2;1;Bien;Informatique;Général
COH2027-4226;18;73,5 %;21,6;8;10;8;2;6;2;1;2;Assez bien;Informatique;Général
COH2027-4227;21;59,7 %;19,7;7;11;9;3;5;;2;2;Assez bien;Psychologie;Professionnel
COH2027-4228;21;40,2 %;6,8;6;9;6;0;6;1;1;1;Bien;Droit;Technologique
COH2027-4229;18;54,4 %;10,5;6;8;6;1;6;3;;3;Assez bien;Gestion;Général
COH2027-4230;24;60,0 %;22,9;7;12;10;3;6;4;4;1;Passable;Droit;Général
COH2027-4231;21;50,7 %;31,7;6;12;10;1;7;2;3;1;Passable;Informatique;Technologique
COH2027-4232;17;29,8 %;14,6;8;13;10;1;6;1;2;1;Assez bien;Mathématiques;Général
COH2027-4233;18;78,6 %;40,5;3;13;12;5;6;;4;3;Très bien;Informatique;Professionnel
COH2027-4234;20;74,9 %;37,0;6;10;10;3;6;4;2;3;;Psychologie;Technologique
COH2027-4235;21;52,3 %;27,2;7;9;7;4;6;1;2;2;Assez bien;Biologie;Professionnel
COH2027-4236;21;53,1 %;34,9;4;12;11;4;6;4;1;3;Passable;Informatique;Technologique
COH2027-4237;20;54,3 %;17,9;6;12;8;1;7;2;1;4;Passable;Gestion;Général
COH2027-4238;18;52,0 %;18,7;7;11;10;2;6;2;1;1;Passable;Psychologie;Technologique
COH2027-4239;19;46,9 %;46,4;5;13;10;3;5;3;3;1;Passable;Informatique;Professionnel
COH2027-4240;19;58,5 %;29,6;5;12;10;3;5;;1;3;Passable;Droit;Général
COH2027-4241;23;63,6 %;21,8;7;9;9;3;7;2;2;2;Passable;Gestion;Technologique
COH2027-4242;20;49,7 %;17,6;3;13;11;0;6;1;2;2;Passable;Informatique;Professionnel
COH2027-4243;17;58,4 %;5,5;9;13;10;0;5;;3;2;;Informatique;Général
COH2027-4244;20;49,5 %;22,5;5;8;5;0;5;1;1;2;Passable;Informatique;Général
COH2027-4245;19;64,3 %;12,6;6;13;10;2;5;4;2;1;Bien;Lettres;Général
COH2027-4246;17;63,0 %;37,2;5;9;7;5;7;4;3;;Bien;Gestion;Général
COH2027-4247;22;47,6 %;6,5;7;9;7;2;7;;1;2;Assez bien;Informatique;Professionnel
COH2027-4248;21;55,0 %;23,6;8;10;8;1;7;1;2;1;Assez bien;Psychologie;Général
COH2027-4249;22;59,0 %;0,1;6;11;6;0;7;1;1;3;Passable;Droit;Général
COH2027-4250;18;57,4 %;8,4;9;13;9;2;7;2;2;3;Passable;Informatique;Général
COH2027-4251;18;68,5 %;32,1;4;8;7;7;5;3;2;1;;Droit;Général
COH2027-4252;20;66,8 %;20,1;4;10;10;4;7;4;3;2;Bien;Informatique;Général
COH2027-4253;18;50,2 %;17,9;6;8;7;1;6;1;1;1;Passable;Gestion;Professionnel
COH2027-4254;18;47,4 %;27,5;7;11;11;4;6;2;1;3;Assez bien;STAPS;Général
COH2027-4255;23;58,0 %;21,6;3;13;10;6;6;2;3;4;Assez bien;Informatique;Général
COH2027-4256;19;57,5 %;15,5;7;10;7;2;6;2;2;2;Assez bien;Informatique;Professionnel
COH2027-4257;23;56,4 %;29,6;6;10;9;4;5;3;4;2;Passable;Informatique;Général
COH2027-4258;19;47,7 %;8,2;7;8;7;0;7;1;1;3;Assez bien;Informatique;Général
COH2027-4259;20;48,6 %;36,1;5;9;7;2;5;3;3;2;Assez bien;Biologie;Général
COH2027-4260;19;73,7 %;28,2;7;8;7;5;6;4;4;1;Assez bien;Informatique;Général
COH2027-4261;18;50,7 %;0,1;10;13;10;2;6;;1;2;Passable;Lettres;Général
COH2027-4262;20;54,3 %;4,2;5;9;5;2;5;3;;2;Très bien;Psychologie;Général
COH2027-4263;19;72,6 %;35,5;8;9;8;3;5;3;2;1;Bien;Informatique;Général
COH2027-4264;22;57,6 %;13,9;4;9;6;2;5;1;2;2;Très bien;Informatique;Général
COH2027-4265;18;44,4 %;14,9;8;11;8;2;6;3;3;1;Bien;Lettres;Général
COH2027-4266;18;71,1 %;57,6;3;8;8;7;6;;;;Bien;Informatique;Technologique
COH2027-4267;21;73,3 %;14,9;3;9;6;3;6;3;2;2;Passable;Informatique;Général
COH2027-4268;19;78,3 %;36,4;5;9;9;7;6;4;;3;Passable;Informatique;Technologique
COH2027-4269;18;55,6 %;27,2;6;13;11;4;5;;3;;Passable;Informatique;Professionnel
COH2027-4270;17;53,3 %;15,6;10;13;12;3;7;3;2;1;Très bien;Gestion;Général
COH2027-4271;20;52,2 %;11,2;3;8;6;0;5;1;1;1;Passable;Informatique;Technologique
COH2027-4272;18;69,6 %;41,3;7;9;7;4;6;4;;1;Très bien;STAPS;Professionnel
COH2027-4273;18;42,7 %;4,8;5;13;5;1;7;1;2;1;Bien;Informatique;Général
COH2027-4274;20;54,4 %;33,4;3;13;12;4;6;3;1;2;Assez bien;Biologie;Général
COH2027-4275;18;57,5 %;12,8;5;13;10;2;5;3;3;3;Passable;Gestion;Général
COH2027-4276;19;51,6 %;27,6;9;10;9;2;5;;2;1;Bien;Informatique;Général
COH2027-4277;21;67,0 %;15,1;9;11;9;4;6;;4;2;Passable;Informatique;Technologique
COH2027-4278;18;61,2 %;24,8;5;12;11;1;6;4;2;1;Assez bien;Informatique;Général
COH2027-4279;21;50,7 %;17,9;5;8;6;1;6;2;4;;Assez bien;Biologie;Technologique
COH2027-4280;18;50,3 %;6,0;5;8;5;0;6;1;1;1;Assez bien;Informatique;Général
COH2027-4281;22;60,1 %;15,2;9;12;11;3;6;2;;2;Passable;Biologie;Général
COH2027-4282;24;46,0 %;9,4;6;8;6;0;5;1;1;3;Assez bien;Gestion;Général
COH2027-4283;20;34,0 %;6,0;8;11;8;0;6;1;3;1;Bien;Informatique;Technologique
COH2027-4284;21;40,4 %;8,1;7;13;9;0;5;1;;1;Passable;Psychologie;Technologique
COH2027-4285;21;58,3 %;18,8;6;8;6;3;7;3;3;2;Bien;Droit;Technologique
COH2027-4286;18;45,1 %;12,1;6;10;6;1;5;3;3;2;Passable;Mathématiques;Général
COH2027-4287;19;78,2 %;35,8;4;12;12;6;6;4;3;3;Passable;Informatique;Général
COH2027-4288;25;57,7 %;3,8;4;9;4;0;6;1;1;;Assez bien;Informatique;Technologique
COH2027-4289;19;52,5 %;24,8;4;12;10;2;6;2;2;1;Passable;STAPS;Technologique
COH2027-4290;25;60,3 %;35,0;5;13;11;2;7;4;2;1;Passable;STAPS;Général
COH2027-4291;20;52,7 %;23,6;6;11;10;6;6;1;3;4;;Gestion;Général
COH2027-4292;19;37,3 %;8,3;5;13;10;0;7;1;1;1;Assez bien;Droit;Général
COH2027-4293;18;62,2 %;16,9;6;12;10;2;5;;1;1;Assez bien;Psychologie;Général
COH2027-4294;21;63,0 %;27,1;8;9;8;2;5;;2;2;Passable;Informatique;Général
COH2027-4295;18;74,8 %;21,2;5;12;11;4;5;3;1;4;Passable;Informatique;Général
COH2027-4296;19;40,2 %;22,3;9;12;9;1;6;1;3;1;Assez bien;Mathématiques;Professionnel
COH2027-4297;21;54,4 %;13,8;5;8;5;0;6;3;;1;Bien;Informatique;Général
COH2027-4298;19;46,5 %;16,4;4;10;7;0;7;1;2;1;Assez bien;Biologie;Général
COH2027-4299;22;61,5 %;0,1;7;12;9;0;6;1;1;1;Passable;Droit;Technologique
COH2027-4300;18;54,0 %;18,8;7;9;7;1;6;1;2;;Assez bien;Informatique;Général
COH2027-4301;21;52,1 %;34,0;8;10;9;1;6;3;1;1;Passable;Informatique;Technologique
COH2027-4302;25;66,5 %;32,0;5;8;7;5;6;3;;4;Très bien;Droit;Général
COH2027-4303;21;51,4 %;10,4;6;8;6;3;7;1;1;3;Passable;Biologie;Technologique
COH2027-4304;19;51,8 %;24,7;8;11;11;6;5;3;3;4;Assez bien;Informatique;Général
COH2027-4305;22;60,2 %;34,9;9;13;11;4;5;3;2;;Passable;Droit;Technologique
COH2027-4306;19;43,1 %;14,2;8;12;10;1;5;2;1;1;Assez bien;Biologie;Général
COH2027-4307;18;73,2 %;18,7;5;11;9;4;6;3;3;2;;Gestion;Général
COH2027-4308;20;71,0 %;35,9;5;9;9;6;6;4;2;4;Bien;STAPS;Technologique
COH2027-4309;21;50,8 %;10,8;7;10;7;1;5;1;1;1;Passable;Droit;Général
COH2027-4310;21;49,4 %;16,7;7;11;7;5;5;3;2;2;Bien;Lettres;Général
COH2027-4311;19;66,0 %;26,1;6;13;11;3;5;3;4;2;Passable;Informatique;Général
COH2027-4312;18;50,6 %;21,1;6;13;9;3;5;2;2;;;Informatique;Professionnel
COH2027-4313;20;61,0 %;9,1;8;12;11;4;5;3;;;Bien;Informatique;Professionnel
COH2027-4314;21;42,4 %;23,5;4;11;7;1;6;2;2;1;;Biologie;Général
COH2027-4315;17;43,2 %;3,5;5;8;5;1;5;1;2;1;Bien;STAPS;Général
COH2027-4316;21;52,8 %;23,1;8;12;8;3;5;2;1;1;Bien;Mathématiques;Général
COH2027-4317;18;79,9 %;30,6;3;9;9;6;6;4;4;;;Informatique;Général
COH2027-4318;18;68,8 %;32,0;9;10;10;7;7;1;1;2;Assez bien;Lettres;Professionnel
COH2027-4319;18;58,6 %;28,1;10;12;11;3;6;2;3;2;Passable;STAPS;Général
COH2027-4320;19;60,0 %;30,9;8;8;8;11;7;3;;1;Passable;Informatique;Général
COH2027-4321;18;64,0 %;27,9;5;11;9;2;6;3;;1;Passable;Mathématiques;Général
COH2027-4322;20;30,1 %;8,3;7;13;7;0;6;1;3;1;Bien;Informatique;Général
COH2027-4323;21;52,8 %;23,1;8;12;8;3;5;2;1;1;Bien;Informatique;Général
COH2027-4324;19;55,8 %;18,4;5;9;7;2;6;1;1;2;Assez bien;Gestion;Technologique
COH2027-4325;19;31,2 %;4,8;5;9;5;0;5;1;1;2;Passable;Informatique;Général
COH2027-4326;19;67,5 %;16,1;7;10;9;4;6;1;1;2;Assez bien;Informatique;Professionnel
COH2027-4327;18;39,6 %;2,1;5;11;5;0;5;1;1;;Passable;Lettres;Technologique
COH2027-4328;19;51,0 %;2,9;8;13;9;1;5;;1;1;Assez bien;Informatique;Technologique
COH2027-4329;20;57,4 %;28,5;10;13;11;4;6;4;3;2;Passable;Gestion;Général
COH2027-4330;18;50,9 %;21,0;7;10;7;2;5;2;4;1;Passable;Informatique;Général
COH2027-4331;21;42,3 %;15,8;6;10;7;3;5;2;2;1;Bien;Mathématiques;Professionnel
COH2027-4332;19;52,6 %;15,8;8;11;8;2;6;1;1;1;Bien;Droit;Technologique
COH2027-4333;21;56,5 %;17,6;6;12;6;1;5;1;3;3;Passable;Informatique;Général
COH2027-4334;19;78,7 %;26,9;4;11;11;6;7;4;3;2;Très bien;Droit;Général
COH2027-4335;21;42,2 %;27,4;6;8;6;1;6;1;3;;Assez bien;Lettres;Général
COH2027-4336;19;60,5 %;16,8;6;13;9;5;6;4;3;1;Bien;Informatique;Professionnel
COH2027-4337;23;59,8 %;26,9;6;9;6;1;6;2;1;3;Passable;Biologie;Général
COH2027-4338;17;38,1 %;8,5;5;8;5;0;5;2;2;1;Bien;Gestion;Général
COH2027-4339;21;79,8 %;23,1;5;9;8;10;6;4;3;3;Bien;Informatique;Général
COH2027-4340;17;66,5 %;22,4;7;12;9;3;5;3;3;4;Très bien;Psychologie;Technologique
COH2027-4341;20;55,6 %;15,6;9;11;9;1;7;1;2;1;Assez bien;Informatique;Technologique
COH2027-4342;21;77,7 %;22,1;7;13;13;6;6;3;3;3;;Informatique;Technologique
COH2027-4343;18;64,9 %;12,8;6;11;9;5;5;3;2;2;Assez bien;Informatique;Général
COH2027-4344;22;60,2 %;34,9;9;13;11;4;5;3;2;;Passable;Droit;Technologique
COH2027-4345;20;63,3 %;27,8;4;9;8;5;6;4;2;3;Assez bien;Informatique;Général
COH2027-4346;19;50,2 %;33,6;5;8;7;2;5;3;3;1;Passable;Gestion;Général
COH2027-4347;18;55,8 %;26,1;5;12;11;0;6;3;2;2;Passable;Psychologie;Général
COH2027-4348;21;34,1 %;6,0;4;8;4;0;6;1;1;1;Assez bien;Informatique;Général
COH2027-4349;17;69,7 %;21,1;6;11;10;0;5;1;2;1;Très bien;Gestion;Général
COH2027-4350;22;47,9 %;28,4;6;12;11;3;5;3;1;2;Assez bien;Droit;Général
COH2027-4351;22;69,2 %;28,7;4;9;6;5;7;;3;4;Passable;Informatique;Général
COH2027-4352;18;40,2 %;17,9;6;12;6;2;7;1;1;1;Passable;Psychologie;Général
COH2027-4353;18;58,2 %;8,8;8;10;8;1;7;2;3;3;Assez bien;Gestion;Général
COH2027-4354;18;60,4 %;20,2;5;11;11;4;6;2;2;3;Assez bien;Informatique;Général
COH2027-4355;22;47,9 %;6,0;7;11;10;0;6;1;2;2;Très bien;Psychologie;Technologique
COH2027-4356;21;63,2 %;33,8;8;13;13;7;6;2;3;2;Assez bien;STAPS;Professionnel
COH2027-4357;19;55,1 %;1,4;5;8;5;0;7;1;2;3;Assez bien;Informatique;Professionnel
COH2027-4358;18;67,4 %;35,7;8;10;8;0;6;3;1;1;Bien;Informatique;Général
COH2027-4359;18;61,8 %;38,6;3;8;7;10;6;4;3;2;Passable;Informatique;Général
COH2027-4360;20;64,7 %;30,6;6;13;11;3;7;2;3;4;Bien;Gestion;Général
COH2027-4361;22;52,0 %;4,2;8;12;10;0;6;1;1;2;Assez bien;Lettres;Général
COH2027-4362;17;55,6 %;26,9;6;11;10;2;6;1;2;2;Passable;Mathématiques;Général
COH2027-4363;21;77,2 %;39,0;7;11;11;4;7;4;3;3;Assez bien;Psychologie;Général
COH2027-4364;18;72,7 %;29,9;6;8;7;7;7;4;2;2;Passable;Informatique;Technologique
COH2027-4365;22;60,0 %;17,6;5;10;9;6;6;3;3;3;Bien;Informatique;Général
COH2027-4366;21;67,0 %;17,9;9;9;9;2;5;4;1;1;Passable;Informatique;Général
COH2027-4367;21;79,5 %;32,9;3;11;11;5;7;4;3;3;Assez bien;Biologie;Général
COH2027-4368;19;70,0 %;33,4;7;9;7;2;6;2;4;3;Assez bien;Psychologie;Général
COH2027-4369;18;69,5 %;20,3;5;12;10;5;6;;4;;Bien;Biologie;Général
COH2027-4370;18;57,5 %;18,1;6;13;12;5;5;3;3;1;Passable;Gestion;Général
COH2027-4371;20;54,2 %;30,9;6;9;6;2;6;2;3;1;Passable;Informatique;Général
COH2027-4372;20;46,5 %;10,3;7;10;7;1;6;2;1;3;Passable;Informatique;Général
COH2027-4373;19;67,1 %;39,7;6;9;8;2;5;3;2;2;Assez bien;Gestion;Général
COH2027-4374;17;78,1 %;28,2;6;12;11;3;7;2;4;1;Bien;Psychologie;Général
COH2027-4375;20;52,7 %;31,4;8;9;8;3;7;1;2;2;Assez bien;Lettres;Professionnel
COH2027-4376;22;53,8 %;26,2;6;8;6;2;5;1;2;;Bien;Informatique;Général
COH2027-4377;20;72,6 %;9,9;4;12;11;5;7;2;4;1;;Informatique;Technologique
COH2027-4378;21;62,7 %;32,0;6;12;10;4;6;4;1;2;Passable;Informatique;Technologique
COH2027-4379;20;62,7 %;27,9;6;8;8;5;5;1;3;2;Passable;Psychologie;Général
COH2027-4380;19;76,9 %;19,1;4;8;8;2;5;4;3;4;Très bien;Informatique;Général
COH2027-4381;19;66,3 %;19,4;7;8;8;4;5;2;4;;Assez bien;Informatique;Général
COH2027-4382;21;62,2 %;3,5;6;9;8;0;6;2;3;1;Très bien;Psychologie;Technologique
COH2027-4383;18;45,8 %;17,9;4;9;7;0;5;2;1;2;Passable;Informatique;Général
COH2027-4384;18;57,2 %;21,4;6;8;6;2;5;2;1;3;Bien;Informatique;Général
COH2027-4385;20;56,4 %;11,8;9;10;9;4;7;1;;1;;Informatique;Général
COH2027-4386;21;68,3 %;22,4;6;13;13;5;7;4;3;2;Passable;Informatique;Technologique
COH2027-4387;17;57,7 %;11,3;6;10;10;2;6;3;2;3;Passable;Droit;Général
COH2027-4388;18;76,3 %;28,6;6;12;11;5;6;4;2;;Passable;Mathématiques;Général
COH2027-4389;20;65,3 %;26,7;7;11;10;3;5;2;2;3;Passable;Lettres;Technologique
COH2027-4390;18;72,7 %;24,2;5;12;12;4;5;4;2;2;Assez bien;Psychologie;Général
COH2027-4391;21;79,3 %;35,1;3;8;8;7;5;3;3;4;Assez bien;Informatique;Général
COH2027-4392;18;30,1 %;0,0;6;8;6;0;6;;1;1;Passable;Informatique;Général
COH2027-4393;21;70,6 %;20,6;3;12;12;5;6;4;3;2;Passable;Informatique;Général
COH2027-4394;19;50,2 %;33,6;5;8;7;2;5;3;3;1;Passable;Gestion;Général
COH2027-4395;20;57,1 %;24,1;7;9;8;1;6;2;3;3;Bien;Psychologie;Général
COH2027-4396;21;59,3 %;33,4;8;11;8;5;7;4;;2;Passable;Biologie;Général
COH2027-4397;20;77,9 %;69,3;5;10;10;5;7;4;4;4;Bien;Gestion;Général
COH2027-4398;18;57,6 %;5,3;7;13;11;4;7;3;1;2;Passable;Mathématiques;Général
COH2027-4399;18;59,8 %;2,6;8;10;8;0;6;1;1;3;Bien;Biologie;Général
COH2027-4400;19;63,3 %;22,2;9;13;10;2;5;1;3;1;Passable;Droit;Général
COH2027-4401;21;79,3 %;35,1;3;8;8;7;5;3;3;4;Assez bien;STAPS;Général
COH2027-4402;17;55,0 %;24,2;7;11;9;2;5;;1;3;Passable;Informatique;Professionnel
COH2027-4403;18;55,9 %;21,7;6;11;11;6;5;4;;2;Très bien;Gestion;Technologique
COH2027-4404;19;60,1 %;12,0;7;8;7;1;5;1;3;2;Assez bien;Informatique;Technologique
COH2027-4405;20;36,8 %;3,0;6;10;6;1;7;1;1;1;Assez bien;Informatique;Technologique
COH2027-4406;23;64,9 %;25,3;9;11;10;1;6;3;1;1;Passable;Informatique;Général
COH2027-4407;18;59,2 %;22,6;6;13;11;1;6;1;2;1;Bien;Mathématiques;Professionnel
COH2027-4408;21;49,3 %;12,9;6;9;6;0;6;2;2;2;Bien;Droit;Technologique
COH2027-4409;21;45,3 %;5,3;5;10;5;0;6;2;2;2;Passable;Informatique;Général
COH2027-4410;20;51,5 %;39,0;6;9;6;3;6;1;1;1;Passable;Psychologie;Général
COH2027-4411;21;40,0 %;7,8;7;12;7;0;7;2;2;1;Assez bien;Biologie;Général
COH2027-4412;22;65,9 %;18,0;7;11;7;5;6;2;3;2;Passable;Informatique;Général
COH2027-4413;23;63,3 %;26,1;9;13;11;0;5;4;1;;Passable;Mathématiques;Général
COH2027-4414;20;56,2 %;13,1;7;13;11;1;7;2;2;2;Assez bien;STAPS;Général
COH2027-4415;18;76,8 %;53,4;3;9;9;7;6;4;4;3;Assez bien;Informatique;Professionnel
COH2027-4416;22;59,6 %;29,6;7;11;8;2;7;4;1;1;Bien;Informatique;Général
COH2027-4417;19;41,4 %;15,4;7;10;7;0;5;3;1;3;Passable;Informatique;Général
COH2027-4418;19;64,0 %;12,3;5;12;10;7;7;3;3;1;Très bien;Lettres;Général
COH2027-4419;17;27,6 %;0,0;2;8;2;0;5;1;1;1;Assez bien;Informatique;Général
COH2027-4420;21;74,1 %;29,6;3;9;9;8;5;4;3;2;Très bien;STAPS;Général
COH2027-4421;22;49,5 %;43,0;5;11;9;0;6;1;1;2;Assez bien;STAPS;Professionnel
COH2027-4422;21;62,7 %;29,9;6;13;11;2;6;4;3;3;Assez bien;Lettres;Professionnel
COH2027-4423;18;52,1 %;36,8;7;10;7;3;7;;2;3;Bien;Biologie;Technologique
COH2027-4424;17;71,5 %;37,4;5;12;9;5;6;4;4;2;Très bien;Informatique;Professionnel
COH2027-4425;22;51,9 %;2,0;8;12;9;1;6;1;1;2;Passable;Informatique;Général
COH2027-4426;21;57,8 %;22,2;7;13;11;3;5;;;1;Passable;Informatique;Technologique
COH2027-4427;17;39,0 %;1,9;10;13;10;0;5;1;1;1;Passable;Informatique;Général
COH2027-4428;20;70,5 %;15,8;5;9;9;5;5;4;2;4;Bien;Gestion;Professionnel
COH2027-4429;19;58,5 %;32,6;6;8;6;3;7;2;3;1;Très bien;Lettres;Général
COH2027-4430;18;76,0 %;15,2;7;11;9;4;7;2;2;3;Passable;STAPS;Technologique
COH2027-4431;26;50,6 %;21,9;7;13;10;3;6;3;3;3;Assez bien;Informatique;Technologique
COH2027-4432;21;56,4 %;39,0;6;10;9;8;5;3;1;3;Passable;Gestion;Général
COH2027-4433;18;55,5 %;28,4;8;8;8;2;7;3;1;1;Bien;Lettres;Technologique
COH2027-4434;21;75,4 %;30,6;7;10;9;4;6;2;2;3;Passable;Biologie;Général
COH2027-4435;20;68,4 %;8,5;3;13;13;5;7;;4;3;Bien;Droit;Général
COH2027-4436;17;47,8 %;16,9;5;13;11;2;6;4;1;4;Passable;Lettres;Général
COH2027-4437;18;54,6 %;3,4;7;9;7;2;7;1;1;3;Bien;Droit;Général
COH2027-4438;19;48,0 %;6,4;6;13;9;2;5;1;;1;Bien;Mathématiques;Général
COH2027-4439;22;59,5 %;14,6;8;12;9;4;5;1;;3;Assez bien;Droit;Général
COH2027-4440;19;43,5 %;5,4;7;9;7;6;5;1;1;1;Passable;Mathématiques;Professionnel
COH2027-4441;19;56,7 %;8,2;5;13;10;4;6;2;4;1;Bien;Droit;Général
COH2027-4442;20;51,6 %;20,4;6;10;10;2;5;3;3;3;Bien;Biologie;Technologique
COH2027-4443;20;46,8 %;10,7;5;13;8;0;7;1;1;1;Assez bien;Informatique;Technologique
COH2027-4444;21;64,7 %;10,1;5;9;8;3;5;2;1;;Passable;Informatique;Général
COH2027-4445;18;53,2 %;5,2;6;13;11;2;5;3;1;2;Assez bien;Lettres;Général
COH2027-4446;23;75,9 %;24,3;8;10;10;7;6;4;3;2;Assez bien;Informatique;Général
COH2027-4447;20;66,7 %;19,6;8;11;9;5;5;3;2;1;Passable;STAPS;Général
COH2027-4448;17;41,3 %;6,0;8;11;8;1;7;4;2;1;Bien;Informatique;Général
COH2027-4449;22;53,9 %;3,5;5;9;5;2;6;3;;2;Assez bien;Informatique;Professionnel
COH2027-4450;20;44,6 %;16,7;5;11;8;2;7;3;2;2;Passable;Informatique;Technologique
COH2027-4451;18;69,2 %;20,2;8;12;11;2;6;2;2;3;Assez bien;Psychologie;Professionnel
COH2027-4452;23;54,3 %;17,6;8;10;8;2;6;3;2;2;Assez bien;Informatique;Général
COH2027-4453;20;79,0 %;30,7;6;8;8;6;6;4;4;3;Passable;Gestion;Professionnel
COH2027-4454;21;47,8 %;12,6;4;8;5;0;6;1;1;1;Passable;Informatique;Technologique
COH2027-4455;19;69,5 %;32,1;5;11;10;5;5;4;4;3;Assez bien;Informatique;Général
COH2027-4456;21;67,8 %;7,8;5;10;7;1;6;1;2;2;Assez bien;Psychologie;Professionnel
COH2027-4457;21;46,4 %;15,7;7;12;7;1;5;3;2;1;Passable;STAPS;Général
COH2027-4458;20;61,0 %;40,1;3;11;11;2;7;2;3;2;Passable;Informatique;Professionnel
COH2027-4459;19;43,9 %;11,2;6;11;6;0;6;1;2;1;Bien;Mathématiques;Général
COH2027-4460;22;73,0 %;26,6;4;8;7;7;6;2;2;1;Assez bien;Psychologie;Professionnel
COH2027-4461;17;64,2 %;17,9;4;10;10;5;5;3;2;2;Passable;STAPS;Professionnel
COH2027-4462;23;69,1 %;28,0;3;8;8;8;6;3;2;3;Bien;Informatique;Technologique
COH2027-4463;20;55,1 %;15,5;7;10;9;3;6;4;3;3;Très bien;Psychologie;Général
COH2027-4464;22;74,5 %;6,6;4;11;10;8;6;4;4;1;Bien;Psychologie;Technologique
COH2027-4465;22;67,8 %;19,1;5;8;7;6;5;4;3;1;Assez bien;STAPS;Technologique
COH2027-4466;19;62,0 %;27,8;6;8;6;7;6;2;1;2;Passable;Informatique;Général
COH2027-4467;20;52,8 %;21,4;6;10;6;0;6;1;2;1;Passable;Informatique;Général
COH2027-4468;18;57,9 %;14,7;4;13;12;4;5;3;4;3;Assez bien;Informatique;Général
COH2027-4469;20;78,4 %;26,2;4;11;8;6;7;4;3;2;Passable;Informatique;Technologique
COH2027-4470;17;77,6 %;46,8;3;8;8;11;6;4;4;3;Passable;Informatique;Technologique
COH2027-4471;21;55,6 %;16,9;8;13;8;1;6;1;3;2;Assez bien;Informatique;Général
COH2027-4472;21;54,3 %;21,4;9;13;10;0;7;1;3;1;Bien;Informatique;Technologique
COH2027-4473;17;58,8 %;24,2;5;9;7;1;6;1;2;3;Passable;Mathématiques;Général
COH2027-4474;19;30,4 %;21,4;8;12;8;0;5;3;1;1;Passable;Informatique;Général
COH2027-4475;19;59,2 %;25,7;7;13;10;3;7;2;4;1;Assez bien;Informatique;Général
COH2027-4476;18;41,6 %;17,6;5;11;10;5;5;2;3;;Bien;Mathématiques;Général
COH2027-4477;21;76,7 %;24,6;4;13;13;13;6;4;4;4;Bien;Informatique;Professionnel
COH2027-4478;20;72,5 %;28,5;5;12;11;3;7;4;1;2;Passable;Informatique;Technologique
COH2027-4479;20;72,7 %;32,7;7;9;7;4;7;2;2;1;Bien;STAPS;Général
COH2027-4480;22;49,9 %;20,2;11;12;11;0;6;2;1;2;Bien;Biologie;Général
COH2027-4481;19;78,9 %;37,2;3;11;11;6;7;4;4;3;Passable;Gestion;Technologique
COH2027-4482;19;63,9 %;24,1;5;9;9;6;5;3;3;4;Assez bien;Informatique;Général
COH2027-4483;21;32,0 %;12,2;7;12;8;1;6;2;1;2;Assez bien;Droit;Général
COH2027-4484;18;50,9 %;21,0;7;10;7;2;5;2;4;1;Passable;Informatique;Général
COH2027-4485;18;47,5 %;10,1;10;12;11;1;6;3;2;1;Passable;Informatique;Général
COH2027-4486;20;26,1 %;2,8;9;13;9;0;6;1;1;1;;Informatique;Général
COH2027-4487;20;79,0 %;32,0;4;12;11;9;7;4;4;4;Bien;Informatique;Général
COH2027-4488;18;59,6 %;6,5;4;11;9;2;5;1;1;3;Passable;Psychologie;Général
COH2027-4489;19;64,5 %;45,4;7;9;9;11;6;4;2;2;Assez bien;Informatique;Général
COH2027-4490;23;71,8 %;28,1;4;11;11;6;5;4;3;3;Assez bien;STAPS;Général
COH2027-4491;19;60,6 %;25,2;11;13;11;2;6;3;3;1;Assez bien;Informatique;Général
COH2027-4492;24;61,0 %;18,3;7;10;9;2;6;2;2;2;Passable;Informatique;Général
COH2027-4493;21;51,3 %;28,1;9;12;9;0;7;1;3;2;;Droit;Général
COH2027-4494;22;48,4 %;9,0;8;13;8;0;6;1;1;1;Passable;Informatique;Général
COH2027-4495;17;60,4 %;21,2;7;9;9;1;5;4;3;2;Assez bien;Informatique;Général
COH2027-4496;19;58,8 %;14,8;4;11;9;1;7;4;2;2;Passable;Mathématiques;Général
COH2027-4497;21;52,2 %;16,0;6;9;6;3;5;3;3;1;Passable;Informatique;Général
COH2027-4498;24;56,8 %;3,4;6;8;7;2;6;2;;;Passable;STAPS;Professionnel
COH2027-4499;21;55,2 %;25,1;6;11;7;4;6;4;2;2;Assez bien;Gestion;Général
COH2027-4500;22;56,5 %;29,1;3;9;9;5;6;3;2;2;Assez bien;Informatique;Général
COH2027-4501;20;55,6 %;27,6;7;10;7;0;6;3;4;2;Passable;Informatique;Technologique
COH2027-4502;18;47,0 %;19,0;7;10;7;1;6;4;1;1;Assez bien;Psychologie;Général
COH2027-4503;18;71,5 %;29,2;8;13;12;10;5;4;3;2;Assez bien;Informatique;Général
COH2027-4504;17;51,7 %;16,1;6;8;6;0;5;2;1;2;Assez bien;Biologie;Technologique
COH2027-4505;20;44,2 %;5,5;7;10;7;0;6;1;3;2;Passable;Informatique;Général
COH2027-4506;21;61,1 %;33,8;7;11;7;6;5;1;2;2;Très bien;Informatique;Général
COH2027-4507;22;50,5 %;11,9;7;12;7;0;6;1;2;;Assez bien;Informatique;Général
COH2027-4508;18;50,6 %;21,1;6;13;9;3;5;2;2;;;Informatique;Professionnel
COH2027-4509;21;60,0 %;16,8;5;8;5;4;6;;2;3;Passable;Psychologie;Général
COH2027-4510;17;79,1 %;38,0;3;9;9;6;6;4;4;3;Bien;Informatique;Technologique
COH2027-4511;20;68,6 %;30,0;5;12;9;3;6;3;3;4;Assez bien;Mathématiques;Général
COH2027-4512;22;53,5 %;9,8;5;10;8;5;6;2;2;1;Bien;Informatique;Professionnel
COH2027-4513;19;56,8 %;21,6;6;10;6;2;5;2;3;2;Passable;Gestion;Général
COH2027-4514;21;71,4 %;18,9;6;12;10;4;6;2;2;3;Très bien;STAPS;Général
COH2027-4515;18;43,7 %;11,7;7;8;7;2;6;2;;1;Passable;Informatique;Technologique
COH2027-4516;18;70,4 %;29,2;6;11;9;6;6;;4;3;Bien;Droit;Général
COH2027-4517;19;56,5 %;17,9;8;13;8;3;6;2;2;1;Assez bien;Gestion;Général
COH2027-4518;17;73,3 %;39,9;7;12;10;10;6;4;2;4;Assez bien;Mathématiques;Général
COH2027-4519;22;57,5 %;17,1;10;12;12;6;5;2;3;1;Passable;Informatique;Professionnel
COH2027-4520;21;49,3 %;22,2;6;9;6;1;7;2;;1;Passable;Informatique;Général
COH2027-4521;23;52,7 %;17,7;6;8;6;1;5;1;;1;Passable;Droit;Général
COH2027-4522;22;55,2 %;14,1;6;12;9;2;5;2;2;3;Bien;Informatique;Technologique
COH2027-4523;19;58,1 %;26,9;7;10;7;3;7;2;1;2;Bien;Gestion;Général
COH2027-4524;23;76,9 %;13,0;3;10;10;8;6;4;3;4;Bien;Informatique;Général
COH2027-4525;22;53,4 %;8,8;9;13;9;0;7;1;1;1;Bien;Informatique;Général
COH2027-4526;20;72,2 %;19,9;6;13;12;3;6;3;;2;Bien;STAPS;Général
COH2027-4527;19;42,1 %;5,2;6;10;6;0;7;1;;2;Assez bien;Informatique;Général
COH2027-4528;22;74,4 %;23,6;7;13;11;4;5;2;4;2;Bien;Informatique;Général
COH2027-4529;23;64,7 %;37,5;4;13;11;0;5;2;1;2;Passable;Lettres;Général
COH2027-4530;21;32,8 %;22,6;7;13;9;0;6;1;1;1;Passable;Informatique;Général
COH2027-4531;18;72,1 %;49,9;7;10;7;4;6;3;2;2;Passable;Informatique;Professionnel
COH2027-4532;20;47,1 %;14,2;6;13;9;0;7;1;4;1;Bien;Psychologie;Général
COH2027-4533;23;51,2 %;13,9;4;9;4;0;5;2;3;3;Passable;Gestion;Professionnel
COH2027-4534;18;53,6 %;36,5;6;8;6;1;6;3;2;4;;Informatique;Professionnel
COH2027-4535;21;43,6 %;28,6;6;12;6;0;5;1;1;2;Bien;STAPS;Général
COH2027-4536;23;51,8 %;4,8;6;10;6;0;6;1;3;2;Passable;Informatique;Professionnel
COH2027-4537;20;72,0 %;32,1;5;10;9;6;7;4;4;3;Passable;Gestion;Général
COH2027-4538;17;47,0 %;11,5;5;8;5;0;7;1;1;1;Bien;Informatique;Général
COH2027-4539;21;37,9 %;4,8;7;12;7;0;5;1;1;3;Bien;STAPS;Général
COH2027-4540;17;53,3 %;33,0;9;12;12;1;5;1;3;1;Bien;Gestion;Général
COH2027-4541;21;76,5 %;8,6;10;12;11;2;7;1;3;1;Assez bien;Droit;Général
COH2027-4542;19;58,5 %;29,6;5;12;10;3;5;;1;3;Passable;Informatique;Général
COH2027-4543;24;58,7 %;30,9;7;10;10;3;5;3;3;1;Passable;Informatique;Technologique
COH2027-4544;21;46,8 %;13,9;6;9;6;1;7;1;4;1;Assez bien;Biologie;Général
COH2027-4545;20;79,8 %;22,4;4;12;12;8;7;4;4;1;;Informatique;Technologique
COH2027-4546;22;61,4 %;3,5;4;11;8;2;5;3;2;2;Passable;Psychologie;Technologique
COH2027-4547;19;55,3 %;25,6;9;10;10;0;5;2;2;2;Assez bien;Informatique;Général
COH2027-4548;18;62,3 %;30,1;5;9;8;3;6;3;2;1;Passable;Informatique;Général
COH2027-4549;17;75,4 %;18,9;6;10;10;3;6;4;4;4;Passable;Gestion;Technologique
COH2027-4550;20;57,8 %;30,0;8;13;11;3;6;4;4;1;Bien;Informatique;Général
COH2027-4551;24;58,1 %;14,9;4;8;6;5;5;1;3;2;Passable;Informatique;Général
COH2027-4552;18;69,8 %;16,1;6;12;9;3;6;3;2;2;Assez bien;Informatique;Général
COH2027-4553;24;58,1 %;37,0;7;8;7;3;5;4;4;1;Bien;Droit;Général
COH2027-4554;19;49,2 %;17,7;8;13;13;2;6;4;2;2;Bien;Biologie;Technologique
COH2027-4555;19;51,3 %;9,2;7;11;8;1;6;1;2;4;Assez bien;STAPS;Général
COH2027-4556;18;50,0 %;15,2;4;10;9;2;5;3;1;3;Bien;Biologie;Général
COH2027-4557;19;64,8 %;23,4;5;10;10;5;5;3;2;;Passable;Informatique;Général
COH2027-4558;18;72,7 %;24,2;5;12;12;4;5;4;2;2;Assez bien;Psychologie;Général
COH2027-4559;21;32,3 %;7,9;8;13;11;2;7;2;2;2;Passable;Informatique;Général
COH2027-4560;18;69,3 %;29,2;5;10;10;3;5;3;3;3;Assez bien;Mathématiques;Technologique
COH2027-4561;22;50,1 %;12,8;9;11;9;1;6;1;3;1;Bien;Psychologie;Général
COH2027-4562;18;55,6 %;27,2;6;13;11;4;5;;3;;Passable;Informatique;Professionnel
COH2027-4563;19;61,1 %;36,4;6;8;8;8;6;2;1;4;Assez bien;Informatique;Général
COH2027-4564;21;56,1 %;13,8;8;13;8;2;6;2;3;1;Assez bien;Informatique;Général
COH2027-4565;19;49,1 %;37,1;6;9;6;4;6;3;1;3;Bien;Droit;Professionnel
COH2027-4566;20;60,2 %;12,9;6;8;7;2;7;2;;;Passable;Informatique;Technologique
COH2027-4567;21;75,2 %;40,8;5;9;9;7;6;4;4;;Assez bien;STAPS;Général
COH2027-4568;20;68,6 %;16,3;6;9;8;8;7;3;3;3;Assez bien;Lettres;Technologique
COH2027-4569;20;76,9 %;31,9;4;12;11;4;6;4;4;2;Passable;Informatique;Général
COH2027-4570;18;58,7 %;10,0;9;13;9;2;5;1;3;1;Passable;Informatique;Général
COH2027-4571;20;53,3 %;28,6;8;10;8;1;6;2;1;3;Assez bien;Lettres;Général
COH2027-4572;22;77,3 %;53,4;4;9;8;10;7;4;3;4;Passable;Gestion;Général
COH2027-4573;22;63,6 %;24,1;7;11;7;2;5;2;2;1;Très bien;Droit;Professionnel
COH2027-4574;19;47,7 %;8,2;7;8;7;0;7;1;1;3;Assez bien;Informatique;Général
COH2027-4575;19;45,8 %;8,5;8;11;8;2;5;2;2;3;Assez bien;Gestion;Général
COH2027-4576;19;51,7 %;21,8;5;8;7;3;6;3;2;1;Assez bien;Psychologie;Professionnel
COH2027-4577;18;54,4 %;10,5;6;8;6;1;6;3;;3;Assez bien;Gestion;Général
COH2027-4578;18;50,0 %;15,2;4;10;9;2;5;3;1;3;Bien;Biologie;Général
COH2027-4579;20;72,2 %;19,9;6;13;12;3;6;3;;2;Bien;Informatique;Général
COH2027-4580;21;56,9 %;12,5;7;13;12;5;6;2;1;3;Assez bien;Informatique;Général
COH2027-4581;19;49,3 %;47,6;8;11;10;4;5;1;4;3;Assez bien;Droit;Technologique
COH2027-4582;18;79,4 %;26,4;4;12;11;12;6;4;3;4;Très bien;Psychologie;Général
COH2027-4583;18;60,6 %;9,4;10;13;10;0;7;1;3;1;Bien;Psychologie;Technologique
COH2027-4584;17;45,6 %;10,8;7;12;7;0;7;1;1;;Passable;Biologie;Professionnel
COH2027-4585;22;67,4 %;33,0;6;13;13;5;5;2;2;3;Passable;Informatique;Technologique
COH2027-4586;17;77,9 %;28,6;3;12;11;11;6;4;4;2;Assez bien;Mathématiques;Général
COH2027-4587;17;57,4 %;19,8;6;8;6;3;5;1;1;2;Passable;Informatique;Professionnel
COH2027-4588;21;57,6 %;29,0;11;13;11;5;6;3;1;1;Passable;Droit;Général
COH2027-4589;17;33,1 %;10,2;4;8;4;0;7;1;1;;;Informatique;Professionnel
COH2027-4590;17;59,3 %;11,2;9;11;9;6;6;3;4;2;Assez bien;Informatique;Général
COH2027-4591;25;48,8 %;14,9;6;8;6;1;7;3;3;1;Passable;Gestion;Général
COH2027-4592;17;69,0 %;27,6;5;8;7;7;5;3;;4;Passable;Informatique;Général
COH2027-4593;18;61,8 %;16,1;4;12;9;5;6;3;2;3;Bien;Informatique;Général
COH2027-4594;20;68,6 %;16,3;6;9;8;8;7;3;3;3;Assez bien;Informatique;Technologique
COH2027-4595;20;35,7 %;24,9;8;12;8;4;5;;2;2;Passable;Lettres;Professionnel
COH2027-4596;19;55,7 %;29,2;7;9;8;3;7;1;2;2;Bien;Informatique;Général
COH2027-4597;19;69,4 %;58,5;6;9;7;9;7;3;3;2;Assez bien;Informatique;Général
COH2027-4598;17;53,3 %;15,6;10;13;12;3;7;3;2;1;Très bien;Informatique;Général
COH2027-4599;20;42,6 %;7,0;5;10;5;0;7;1;2;2;Passable;Informatique;Général
COH2027-4600;18;62,8 %;18,1;7;9;7;4;5;3;2;3;Assez bien;Informatique;Général
COH2027-4601;18;55,4 %;30,7;5;9;9;0;7;2;2;2;;Informatique;Technologique
COH2027-4602;25;52,6 %;24,9;6;8;7;1;6;2;2;1;Assez bien;Informatique;Général
COH2027-4603;17;57,8 %;47,1;7;10;8;5;7;4;3;2;Assez bien;Informatique;Général
COH2027-4604;21;61,2 %;18,1;5;10;9;6;7;3;;3;Assez bien;Informatique;Technologique
COH2027-4605;18;50,5 %;9,3;4;10;10;2;6;3;2;3;Assez bien;Informatique;Général
COH2027-4606;18;54,7 %;27,4;4;11;8;0;6;2;3;2;Assez bien;Psychologie;Professionnel
COH2027-4607;20;76,8 %;15,6;6;13;12;4;7;3;2;2;Très bien;Informatique;Général
COH2027-4608;22;43,4 %;11,7;7;9;7;3;6;2;1;1;Bien;Informatique;Général
COH2027-4609;21;73,7 %;21,3;3;8;7;8;5;3;2;4;Assez bien;Mathématiques;Général
COH2027-4610;19;47,2 %;9,6;6;11;6;0;5;;;1;Assez bien;Informatique;Technologique
COH2027-4611;19;50,1 %;21,8;5;8;7;1;6;1;2;1;Passable;Informatique;Technologique
COH2027-4612;18;59,5 %;16,9;6;8;6;5;5;3;3;1;Assez bien;Informatique;Général
COH2027-4613;19;46,7 %;1,0;5;9;5;1;5;1;1;1;Assez bien;Gestion;Technologique
COH2027-4614;19;69,4 %;14,9;7;8;8;5;7;3;2;2;Bien;Informatique;Général
COH2027-4615;19;76,5 %;34,3;7;11;11;3;6;4;1;;Bien;Informatique;Général
COH2027-4616;20;59,2 %;31,8;4;12;12;4;6;4;3;1;;Informatique;Technologique
COH2027-4617;18;46,8 %;15,0;4;12;12;6;5;4;;4;Très bien;STAPS;Technologique
COH2027-4618;19;48,2 %;25,9;9;11;10;1;6;1;3;4;Assez bien;Mathématiques;Général
COH2027-4619;22;74,1 %;5,8;7;12;9;3;6;4;3;1;Passable;Informatique;Général
COH2027-4620;19;58,6 %;5,5;7;10;7;0;7;2;;;Bien;Mathématiques;Général
COH2027-4621;24;68,8 %;39,0;5;11;11;2;5;3;4;2;Très bien;STAPS;Général
COH2027-4622;18;75,2 %;27,9;5;8;8;4;6;2;1;1;Passable;Informatique;Général
COH2027-4623;17;71,5 %;36,0;5;8;7;7;5;3;2;1;Assez bien;STAPS;Général
COH2027-4624;19;67,4 %;15,9;8;11;8;2;7;2;3;2;Passable;Psychologie;Général
COH2027-4625;19;64,8 %;19,2;6;8;8;6;6;4;4;2;Assez bien;Droit;Général
COH2027-4626;24;76,1 %;34,5;4;10;9;6;6;2;4;3;Assez bien;Psychologie;Général
COH2027-4627;19;78,0 %;33,5;6;11;10;8;7;4;4;4;Passable;Psychologie;Technologique
COH2027-4628;18;59,2 %;32,5;5;11;11;6;7;4;3;1;Passable;STAPS;Général
COH2027-4629;20;43,4 %;6,5;9;12;9;0;6;1;2;2;Assez bien;Informatique;Technologique
COH2027-4630;20;59,2 %;40,9;3;8;5;2;6;2;2;3;Assez bien;Droit;Professionnel
COH2027-4631;19;78,7 %;25,9;5;12;9;4;5;2;2;1;Assez bien;Informatique;Technologique
COH2027-4632;19;41,4 %;15,4;7;10;7;0;5;3;1;3;Passable;Droit;Général
COH2027-4633;23;53,7 %;20,6;7;10;7;0;6;2;2;1;Passable;Biologie;Technologique
COH2027-4634;18;63,4 %;20,4;8;12;9;5;5;2;3;3;Passable;Informatique;Technologique
COH2027-4635;18;64,7 %;9,8;9;11;9;2;7;;3;1;Passable;Gestion;Technologique
COH2027-4636;18;59,0 %;16,0;6;8;6;2;5;2;1;1;Passable;Lettres;Général
COH2027-4637;18;48,3 %;18,1;5;8;5;0;6;1;1;3;Passable;Droit;Général
COH2027-4638;22;53,7 %;22,0;7;10;7;3;7;2;1;2;Très bien;Biologie;Général
COH2027-4639;18;43,3 %;11,3;8;10;8;3;7;1;3;1;Assez bien;Gestion;Professionnel
COH2027-4640;24;76,1 %;34,5;4;10;9;6;6;2;4;3;Assez bien;Informatique;Général
COH2027-4641;23;56,4 %;28,1;3;11;9;0;5;3;;2;;Droit;Général
COH2027-4642;21;57,2 %;25,4;7;12;10;4;5;3;1;3;Passable;Gestion;Général
COH2027-4643;20;32,5 %;22,2;6;9;6;0;7;1;2;;Passable;Droit;Général
COH2027-4644;20;44,5 %;15,2;9;12;10;1;5;2;1;1;Bien;Informatique;Technologique
COH2027-4645;19;35,7 %;10,6;8;13;8;0;5;3;1;1;Assez bien;Informatique;Général
COH2027-4646;18;58,3 %;30,2;7;8;8;2;5;4;4;1;Bien;Informatique;Général
COH2027-4647;18;67,7 %;27,5;8;9;8;3;6;2;4;1;Passable;Biologie;Général
COH2027-4648;23;50,3 %;30,4;6;9;7;3;7;2;1;2;Assez bien;Psychologie;Général
COH2027-4649;23;71,5 %;31,4;4;10;10;8;5;2;4;3;Passable;Biologie;Général
COH2027-4650;18;79,2 %;57,7;3;13;13;10;7;4;3;4;Passable;STAPS;Technologique
COH2027-4651;21;76,5 %;8,6;10;12;11;2;7;1;3;1;Assez bien;Informatique;Général
COH2027-4652;18;78,3 %;56,4;4;11;10;7;6;3;2;;Passable;Psychologie;Technologique
COH2027-4653;19;50,6 %;5,7;6;12;6;0;6;2;2;1;Bien;STAPS;Général
COH2027-4654;18;44,6 %;11,4;6;9;7;2;5;4;1;4;Passable;Informatique;Technologique
COH2027-4655;19;59,3 %;17,8;7;11;10;1;5;3;4;1;Assez bien;Informatique;Général
COH2027-4656;22;53,8 %;26,2;6;8;6;2;5;1;2;;Bien;STAPS;Général
COH2027-4657;19;62,5 %;26,8;9;13;9;2;5;1;1;1;Passable;Informatique;Général
COH2027-4658;19;44,3 %;9,4;6;12;11;1;6;3;1;2;Assez bien;Psychologie;Général
COH2027-4659;18;54,2 %;11,7;9;12;9;3;6;3;2;1;Passable;Informatique;Technologique
COH2027-4660;18;55,4 %;17,8;7;11;8;7;6;3;3;1;Très bien;Gestion;Technologique
COH2027-4661;18;64,9 %;11,2;5;9;9;1;6;2;3;2;Passable;Gestion;Général
COH2027-4662;17;76,8 %;25,8;8;8;8;12;6;4;3;2;Très bien;Informatique;Général
COH2027-4663;22;47,7 %;16,2;5;11;9;3;5;4;2;1;Assez bien;Informatique;Général
COH2027-4664;23;61,6 %;18,1;9;11;9;1;6;2;;1;Passable;Psychologie;Professionnel
COH2027-4665;21;57,5 %;3,5;9;11;9;0;6;2;1;1;Très bien;STAPS;Général
COH2027-4666;17;60,4 %;21,2;3;11;10;2;6;3;3;2;;Informatique;Général
COH2027-4667;20;66,0 %;35,0;7;12;8;6;6;2;2;1;Très bien;Informatique;Professionnel
COH2027-4668;19;49,1 %;25,6;4;8;6;2;5;2;2;1;Assez bien;Informatique;Général
COH2027-4669;20;54,8 %;25,4;6;10;6;0;6;3;2;1;Bien;Informatique;Général
COH2027-4670;19;49,8 %;11,3;7;11;7;0;6;2;1;1;Bien;Droit;Général
COH2027-4671;22;61,8 %;9,6;6;8;6;2;6;3;2;3;Très bien;Informatique;Général
COH2027-4672;18;46,7 %;11,4;7;13;11;1;5;1;2;1;Bien;Informatique;Technologique
COH2027-4673;18;49,5 %;25,4;7;11;7;1;6;1;2;1;Très bien;Biologie;Technologique
COH2027-4674;17;66,5 %;22,4;7;12;9;3;5;3;3;4;Très bien;Psychologie;Technologique
COH2027-4675;19;54,4 %;20,7;7;11;10;2;7;4;;1;Assez bien;Informatique;Général
COH2027-4676;17;74,6 %;21,6;4;12;11;4;5;3;2;3;Assez bien;Informatique;Technologique
COH2027-4677;17;53,3 %;33,0;9;12;12;1;5;1;3;1;Bien;Gestion;Général
COH2027-4678;19;59,5 %;29,2;7;13;10;2;7;2;4;2;Assez bien;Informatique;Technologique
COH2027-4679;19;71,3 %;35,4;3;12;12;3;6;4;3;4;Très bien;Psychologie;Général
COH2027-4680;18;56,3 %;28,3;7;10;10;2;6;3;4;1;Assez bien;Informatique;Général
COH2027-4681;19;52,1 %;11,2;5;8;5;2;7;3;4;;Assez bien;Gestion;Général
COH2027-4682;18;34,8 %;17,1;7;11;7;0;7;3;1;1;Bien;Informatique;Technologique
COH2027-4683;18;46,8 %;12,3;5;11;8;1;5;1;1;1;Assez bien;STAPS;Technologique
COH2027-4684;17;75,5 %;30,5;4;10;10;7;7;2;3;3;Passable;Gestion;Professionnel
COH2027-4685;19;57,4 %;24,1;6;11;7;0;7;1;3;2;Passable;Informatique;Technologique
COH2027-4686;17;73,3 %;39,9;7;12;10;10;6;4;2;4;Assez bien;Informatique;Général
COH2027-4687;19;58,9 %;37,4;5;9;7;3;7;1;3;2;Bien;Informatique;Général
COH2027-4688;17;51,6 %;30,6;9;11;9;2;7;1;3;2;Assez bien;Informatique;Général
COH2027-4689;20;50,3 %;26,4;4;12;11;2;6;2;3;2;Passable;Informatique;Technologique
COH2027-4690;22;60,0 %;17,6;5;10;9;6;6;3;3;3;Bien;Informatique;Général
COH2027-4691;20;54,6 %;21,6;7;9;7;1;6;1;2;3;Passable;Droit;Général
COH2027-4692;20;78,3 %;31,6;3;13;13;10;5;4;2;2;Passable;Informatique;Technologique
COH2027-4693;18;25,8 %;11,0;4;9;4;0;6;1;2;1;Passable;Droit;Général
COH2027-4694;21;50,7 %;6,8;8;10;8;1;7;2;1;1;Bien;Informatique;Général
COH2027-4695;19;77,0 %;48,9;5;8;8;7;6;4;3;3;Très bien;Informatique;Professionnel
COH2027-4696;21;49,0 %;7,4;5;10;5;1;6;;1;3;Bien;Informatique;Général
COH2027-4697;19;43,9 %;11,2;6;11;6;0;6;1;2;1;Bien;Mathématiques;Général
COH2027-4698;21;61,2 %;18,6;6;10;6;2;6;2;;1;Très bien;Informatique;Professionnel
COH2027-4699;19;63,9 %;22,4;7;10;7;1;6;2;;1;Passable;Informatique;Général
COH2027-4700;20;34,0 %;0,0;6;9;6;0;5;1;1;1;Passable;Informatique;Général
COH2027-4701;19;43,9 %;5,2;5;10;7;3;6;3;1;1;Passable;Biologie;Général
COH2027-4702;17;55,5 %;21,2;5;9;7;3;6;1;2;4;Assez bien;Informatique;Général
COH2027-4703;20;72,9 %;29,6;7;11;11;2;5;3;2;4;Passable;STAPS;Général
COH2027-4704;22;48,4 %;32,0;8;13;12;0;6;2;3;2;Assez bien;Informatique;Général
COH2027-4705;23;73,0 %;53,2;5;13;12;7;6;4;3;2;Passable;Informatique;Général
COH2027-4706;21;65,8 %;8,0;7;8;7;6;6;3;4;1;;Droit;Technologique
COH2027-4707;18;78,3 %;56,4;4;11;10;7;6;3;2;;Passable;Informatique;Technologique
COH2027-4708;19;76,5 %;34,3;7;11;11;3;6;4;1;;Bien;STAPS;Général
COH2027-4709;22;45,2 %;8,5;6;12;6;0;6;1;1;;Passable;Informatique;Général
COH2027-4710;20;70,1 %;12,1;7;13;12;9;7;2;2;2;Passable;Informatique;Général
COH2027-4711;19;58,9 %;37,4;5;9;7;3;7;1;3;2;Bien;Informatique;Général
COH2027-4712;18;60,3 %;20,8;7;11;11;2;7;4;3;1;Passable;Mathématiques;Général
COH2027-4713;21;52,8 %;30,4;6;8;6;4;6;1;3;;Assez bien;Gestion;Technologique
COH2027-4714;19;39,8 %;7,4;6;11;8;0;6;1;2;;Passable;Informatique;Général
COH2027-4715;19;42,1 %;39,7;6;11;10;0;7;2;3;2;Assez bien;Biologie;Technologique
COH2027-4716;19;28,8 %;4,9;5;8;5;0;6;1;1;1;Assez bien;Gestion;Général
COH2027-4717;18;67,8 %;17,4;4;9;7;6;6;3;2;4;Passable;STAPS;Général
COH2027-4718;23;64,9 %;25,3;9;11;10;1;6;3;1;1;Passable;Informatique;Général
COH2027-4719;19;45,5 %;5,5;7;12;7;0;7;1;1;1;Passable;Biologie;Professionnel
COH2027-4720;22;65,2 %;23,8;3;13;11;1;6;4;3;4;Très bien;Informatique;Technologique
COH2027-4721;17;70,8 %;13,1;9;13;12;1;5;3;3;4;Assez bien;Lettres;Général
COH2027-4722;19;50,0 %;17,9;8;11;9;1;5;3;2;1;Très bien;Gestion;Général
COH2027-4723;19;69,2 %;21,3;6;10;8;2;5;2;3;4;Très bien;Informatique;Général
COH2027-4724;19;66,3 %;19,1;7;11;7;2;7;2;2;1;Passable;Informatique;Technologique
COH2027-4725;19;78,2 %;34,6;4;10;9;9;6;4;3;1;Passable;Informatique;Professionnel
COH2027-4726;24;50,9 %;17,2;8;12;12;2;5;3;2;2;Assez bien;Informatique;Professionnel
COH2027-4727;19;62,9 %;25,3;4;13;13;9;7;4;4;4;Passable;STAPS;Général
COH2027-4728;22;43,5 %;19,1;4;9;7;1;5;3;2;2;;Psychologie;Général
COH2027-4729;20;76,5 %;42,7;6;11;9;6;5;3;3;2;Très bien;Informatique;Technologique
COH2027-4730;19;54,0 %;42,6;7;8;7;3;6;2;1;2;Passable;Informatique;Technologique
COH2027-4731;21;48,1 %;16,7;4;13;13;3;6;3;2;3;Bien;Psychologie;Général
COH2027-4732;18;60,3 %;20,8;7;11;11;2;7;4;3;1;Passable;Mathématiques;Général
COH2027-4733;19;69,7 %;27,8;7;11;9;5;6;2;2;4;Bien;Informatique;Technologique
COH2027-4734;18;58,3 %;30,2;7;8;8;2;5;4;4;1;Bien;Droit;Général
COH2027-4735;25;61,9 %;22,9;8;10;8;2;6;;2;2;Bien;Psychologie;Professionnel
COH2027-4736;20;60,6 %;12,3;8;12;12;3;6;;1;2;Passable;Informatique;Général
COH2027-4737;19;41,1 %;0,1;5;10;5;0;7;1;;1;Passable;Informatique;Général
COH2027-4738;20;72,6 %;9,9;4;12;11;5;7;2;4;1;;Mathématiques;Technologique
COH2027-4739;25;62,2 %;33,1;7;13;11;6;5;4;;3;Assez bien;Informatique;Général
COH2027-4740;20;61,5 %;24,4;4;11;9;3;6;4;3;3;Passable;Droit;Général
COH2027-4741;20;57,1 %;18,8;5;8;6;2;6;4;4;2;Assez bien;Gestion;Général
COH2027-4742;20;53,3 %;28,6;8;10;8;1;6;2;1;3;Assez bien;Lettres;Général
COH2027-4743;22;51,9 %;7,0;6;9;8;4;6;4;3;2;Assez bien;Informatique;Général
COH2027-4744;23;65,4 %;11,9;4;9;9;4;6;4;3;3;Passable;Informatique;Général
COH2027-4745;21;55,2 %;28,1;8;11;8;1;6;4;1;2;Assez bien;Droit;Général
COH2027-4746;18;77,0 %;33,0;5;8;8;8;6;4;2;1;Bien;Informatique;Technologique
COH2027-4747;22;68,4 %;9,2;6;8;6;3;6;1;2;1;Assez bien;Informatique;Général
COH2027-4748;19;68,0 %;31,9;8;13;11;2;7;2;2;3;Bien;Informatique;Général
COH2027-4749;19;68,8 %;28,8;7;8;7;4;7;3;1;2;Très bien;Informatique;Professionnel
COH2027-4750;17;60,1 %;42,6;6;9;6;5;7;2;2;3;Assez bien;Lettres;Technologique
COH2027-4751;17;76,1 %;23,1;7;12;11;3;6;2;;4;;Lettres;Général
COH2027-4752;23;60,1 %;12,5;5;12;11;3;7;3;4;2;Bien;Informatique;Général
COH2027-4753;20;62,7 %;25,4;5;11;11;8;6;4;1;2;Bien;Informatique;Général
COH2027-4754;17;78,4 %;45,3;4;10;10;7;7;4;;3;Bien;Informatique;Général
COH2027-4755;18;44,5 %;7,5;7;13;7;1;6;;2;1;Très bien;Biologie;Professionnel
COH2027-4756;21;59,2 %;14,8;9;11;9;0;6;;2;1;Bien;Lettres;Général
COH2027-4757;18;55,3 %;28,1;6;10;8;2;6;2;3;2;Passable;Informatique;Général
COH2027-4758;20;56,6 %;29,4;7;13;11;3;7;3;2;3;Très bien;Informatique;Technologique
COH2027-4759;18;78,2 %;43,5;5;8;8;6;7;;4;4;Passable;Informatique;Technologique
COH2027-4760;20;54,0 %;29,9;5;10;9;3;6;1;2;3;Assez bien;Informatique;Technologique
COH2027-4761;18;70,5 %;18,3;6;10;8;4;7;3;4;1;Assez bien;Droit;Technologique
COH2027-4762;19;39,6 %;9,3;10;13;11;0;6;2;1;1;Assez bien;Biologie;Général
COH2027-4763;21;66,7 %;19,9;3;9;9;1;5;2;4;3;;Psychologie;Général
COH2027-4764;18;56,2 %;4,6;8;8;8;2;5;3;4;3;Passable;Informatique;Technologique
COH2027-4765;21;48,8 %;22,8;4;11;8;1;6;1;2;1;Très bien;Informatique;Général
COH2027-4766;18;39,6 %;4,8;6;13;6;1;6;1;2;1;Bien;Droit;Technologique
COH2027-4767;17;59,0 %;13,2;7;12;7;0;6;1;1;1;Assez bien;Lettres;Professionnel
COH2027-4768;19;75,4 %;37,8;7;10;10;4;7;4;;2;Assez bien;Informatique;Général
COH2027-4769;20;44,6 %;5,2;6;9;6;0;6;1;1;1;Bien;Informatique;Technologique
COH2027-4770;18;34,3 %;2,1;5;9;5;0;7;1;4;2;Bien;Mathématiques;Général
COH2027-4771;20;38,6 %;14,8;6;12;7;2;7;2;3;3;Assez bien;Informatique;Général
COH2027-4772;20;43,3 %;16,1;7;13;7;0;6;1;2;1;Assez bien;Biologie;Professionnel
COH2027-4773;21;61,8 %;32,3;7;8;7;10;5;;;1;Passable;Biologie;Professionnel
COH2027-4774;19;78,6 %;20,4;8;10;8;0;5;2;2;1;Passable;Droit;Général
COH2027-4775;18;59,2 %;5,8;6;9;6;2;5;1;2;1;Passable;Informatique;Technologique
COH2027-4776;25;69,2 %;22,9;7;9;7;2;7;1;;1;Bien;Psychologie;Général
COH2027-4777;18;77,5 %;18,3;5;12;12;4;6;3;;2;Passable;Informatique;Technologique
COH2027-4778;20;60,7 %;20,1;8;13;9;1;6;;1;4;Bien;Gestion;Technologique
COH2027-4779;19;61,5 %;8,9;7;10;7;2;7;3;1;1;Assez bien;Informatique;Général
COH2027-4780;18;66,7 %;23,8;4;13;11;4;6;3;3;2;Très bien;Informatique;Professionnel
COH2027-4781;20;58,4 %;11,2;5;11;8;1;6;1;1;1;Passable;Informatique;Général
COH2027-4782;21;41,9 %;38,0;6;10;8;4;6;3;1;1;Très bien;Biologie;Technologique
COH2027-4783;18;60,0 %;12,7;7;9;7;2;5;2;;1;Passable;Psychologie;Général
COH2027-4784;18;59,0 %;45,9;5;8;8;5;5;3;3;1;Bien;Informatique;Général
COH2027-4785;18;50,4 %;29,4;9;11;10;3;7;;2;3;Passable;Informatique;Général
COH2027-4786;17;71,5 %;40,5;6;11;8;8;6;3;3;2;Très bien;Gestion;Général
COH2027-4787;22;39,4 %;36,5;6;8;7;5;7;2;4;3;Bien;Informatique;Général
COH2027-4788;20;48,7 %;4,7;10;12;10;3;6;1;3;1;Assez bien;Informatique;Général
COH2027-4789;21;40,0 %;5,5;9;13;10;0;7;1;1;1;Assez bien;Informatique;Général
COH2027-4790;17;69,6 %;13,2;7;8;7;4;5;3;3;1;Assez bien;Informatique;Professionnel
COH2027-4791;19;68,1 %;21,6;8;11;8;5;6;4;3;2;Passable;Informatique;Général
COH2027-4792;24;60,4 %;2,8;7;10;7;0;6;2;1;1;Passable;Biologie;Professionnel
COH2027-4793;19;76,9 %;19,1;4;8;8;2;5;4;3;4;Très bien;Informatique;Général
COH2027-4794;20;62,7 %;10,7;8;10;8;2;6;1;2;2;Passable;Informatique;Technologique
COH2027-4795;20;50,9 %;17,4;7;8;7;2;6;2;;2;Assez bien;Informatique;Général
COH2027-4796;24;68,8 %;39,0;5;11;11;2;5;3;4;2;Très bien;Informatique;Général
COH2027-4797;20;39,4 %;32,0;4;10;8;0;6;1;3;1;Assez bien;Informatique;Professionnel
COH2027-4798;19;39,9 %;23,9;7;12;9;1;7;2;2;;Très bien;Droit;Général
COH2027-4799;21;43,4 %;34,1;7;8;7;4;6;3;1;2;;Psychologie;Technologique
COH2027-4800;18;54,0 %;18,8;7;9;7;1;6;1;2;;Assez bien;Psychologie;Général
COH2027-4801;20;60,4 %;10,9;3;12;11;3;6;;2;1;Assez bien;Mathématiques;Général
COH2027-4802;18;65,0 %;44,5;5;8;8;7;6;4;4;3;Passable;Informatique;Technologique
COH2027-4803;18;62,2 %;34,6;4;11;8;2;6;2;4;3;Passable;Informatique;Technologique
COH2027-4804;25;52,6 %;24,9;6;8;7;1;6;2;2;1;Assez bien;Informatique;Général
COH2027-4805;18;61,6 %;22,2;7;8;8;7;5;2;3;2;Passable;Informatique;Technologique
COH2027-4806;25;46,2 %;14,4;8;10;8;1;5;1;4;1;Assez bien;Psychologie;Professionnel
COH2027-4807;18;66,2 %;35,4;6;11;11;3;5;2;4;2;Passable;Lettres;Général
COH2027-4808;24;65,8 %;20,0;4;11;9;4;6;4;2;4;Bien;Informatique;Général
COH2027-4809;19;73,6 %;23,9;3;9;8;1;5;3;3;1;Bien;Lettres;Général
COH2027-4810;17;55,5 %;19,8;6;9;6;0;6;;2;2;Très bien;Informatique;Général
COH2027-4811;18;58,1 %;19,8;6;9;7;4;7;2;;3;Bien;Informatique;Professionnel
COH2027-4812;20;76,5 %;31,9;5;9;9;3;6;3;3;4;Passable;Informatique;Général
COH2027-4813;23;63,9 %;30,4;7;13;11;4;6;3;2;2;Assez bien;Biologie;Général
COH2027-4814;18;54,6 %;3,4;7;9;7;2;7;1;1;3;Bien;Droit;Général
COH2027-4815;24;49,7 %;22,7;6;10;6;1;6;3;1;2;Bien;Biologie;Technologique
COH2027-4816;18;50,5 %;19,1;10;13;10;1;6;3;1;2;Passable;Informatique;Général
COH2027-4817;21;64,5 %;20,4;7;8;7;4;6;3;3;2;Passable;Informatique;Général
COH2027-4818;20;75,9 %;47,8;4;9;9;4;6;4;2;3;Très bien;Gestion;Général
COH2027-4819;21;66,3 %;7,0;5;10;9;4;7;;3;2;Bien;Psychologie;Général
COH2027-4820;19;65,3 %;37,2;8;10;8;8;5;3;3;2;Assez bien;Biologie;Technologique
COH2027-4821;20;42,3 %;5,8;8;13;8;0;5;1;1;3;Assez bien;Informatique;Général
COH2027-4822;17;62,3 %;5,8;8;12;11;1;5;1;1;3;Assez bien;Informatique;Professionnel
COH2027-4823;20;68,9 %;37,6;4;13;11;2;6;3;3;3;Bien;Informatique;Général
COH2027-4824;18;67,9 %;39,9;6;13;11;8;7;3;3;4;Passable;Informatique;Technologique
COH2027-4825;17;42,8 %;0,8;8;10;8;2;7;1;2;1;Très bien;STAPS;Technologique
COH2027-4826;21;67,1 %;5,5;5;8;6;9;6;3;4;2;Assez bien;Mathématiques;Professionnel
COH2027-4827;23;74,5 %;15,7;8;8;8;8;6;3;3;3;Assez bien;Informatique;Général
COH2027-4828;19;44,2 %;5,0;6;8;6;2;5;1;1;1;Assez bien;Psychologie;Général
COH2027-4829;17;74,6 %;21,6;4;12;11;4;5;3;2;3;Assez bien;Informatique;Technologique
COH2027-4830;20;44,0 %;8,9;6;9;6;0;6;1;2;1;Assez bien;Informatique;Technologique
COH2027-4831;18;65,9 %;28,8;8;9;9;5;6;3;3;3;Très bien;Informatique;Général
COH2027-4832;22;78,7 %;44,9;3;13;13;7;7;3;2;2;Assez bien;Lettres;Général
COH2027-4833;23;51,8 %;42,0;8;11;8;0;6;3;2;1;Bien;Informatique;Général
COH2027-4834;18;57,4 %;8,4;9;13;9;2;7;2;2;3;Passable;Psychologie;Général
COH2027-4835;17;74,6 %;21,6;4;12;11;4;5;3;2;3;Assez bien;Informatique;Technologique
COH2027-4836;17;47,2 %;20,1;10;11;10;0;6;1;1;1;Passable;Mathématiques;Général
COH2027-4837;22;69,1 %;27,8;8;12;10;3;7;3;2;3;Bien;Gestion;Général
COH2027-4838;20;50,6 %;30,6;9;12;9;5;6;3;3;3;Très bien;Informatique;Général
COH2027-4839;19;57,3 %;22,8;4;12;11;2;7;2;3;2;Passable;Informatique;Technologique
COH2027-4840;21;59,1 %;23,6;6;13;13;5;6;3;;2;Assez bien;Droit;Général
COH2027-4841;23;61,6 %;18,1;9;11;9;1;6;2;;1;Passable;Informatique;Professionnel
COH2027-4842;22;53,8 %;3,4;7;10;7;1;6;3;2;1;Assez bien;STAPS;Général
COH2027-4843;19;70,1 %;6,8;8;13;11;1;6;3;3;1;;Informatique;Technologique
COH2027-4844;19;59,4 %;12,3;5;10;8;0;6;2;1;2;Bien;Droit;Technologique
COH2027-4845;21;62,6 %;31,1;4;13;13;10;5;4;;4;Passable;Droit;Général
COH2027-4846;22;60,8 %;17,8;7;10;9;3;7;3;2;3;Assez bien;Psychologie;Technologique
COH2027-4847;22;49,4 %;16,8;7;12;7;1;6;;3;2;Très bien;Informatique;Général
COH2027-4848;20;73,7 %;23,5;3;10;10;6;6;4;4;1;Passable;Biologie;Général
COH2027-4849;20;62,6 %;19,6;6;11;10;5;6;3;3;2;Très bien;Informatique;Général
COH2027-4850;19;56,3 %;16,2;7;13;9;0;6;3;1;;Bien;Gestion;Technologique
COH2027-4851;19;54,4 %;24,6;7;13;11;3;7;1;2;3;Bien;STAPS;Technologique
COH2027-4852;19;55,4 %;13,0;6;8;6;3;6;1;1;1;Bien;Informatique;Général
COH2027-4853;20;51,8 %;29,1;5;12;11;8;7;4;1;3;Bien;Informatique;Général
COH2027-4854;25;49,3 %;28,4;7;8;7;4;6;2;;1;Assez bien;Informatique;Général
COH2027-4855;26;54,7 %;15,2;6;9;7;6;6;3;2;1;Passable;STAPS;Technologique
COH2027-4856;20;65,5 %;40,4;8;13;11;6;5;;;2;Assez bien;Informatique;Général
COH2027-4857;19;49,0 %;2,0;6;13;6;0;7;1;1;1;Passable;Gestion;Général
COH2027-4858;19;56,6 %;24,3;10;11;10;1;7;3;2;3;Passable;Informatique;Technologique
COH2027-4859;22;47,2 %;8,9;7;10;10;3;6;3;3;3;Bien;Informatique;Général
COH2027-4860;19;42,1 %;8,9;7;10;9;1;7;1;;1;Assez bien;Lettres;Général
COH2027-4861;18;65,6 %;20,3;6;10;8;1;7;2;;3;Bien;Informatique;Général
COH2027-4862;17;55,2 %;24,1;6;8;6;0;6;3;3;3;Bien;Informatique;Technologique
COH2027-4863;20;68,0 %;25,0;4;11;11;3;5;3;4;4;Assez bien;Informatique;Général
COH2027-4864;20;65,7 %;47,3;5;11;11;5;6;4;3;2;Très bien;Informatique;Général
COH2027-4865;20;63,7 %;9,2;6;10;8;2;7;3;3;1;Très bien;Informatique;Général
COH2027-4866;19;64,8 %;22,5;8;8;8;2;6;3;2;4;Assez bien;Psychologie;Général
COH2027-4867;18;60,8 %;28,4;7;9;7;0;6;4;3;3;Bien;Droit;Technologique
COH2027-4868;17;47,2 %;20,1;10;11;10;0;6;1;1;1;Passable;Mathématiques;Général
COH2027-4869;17;53,0 %;13,8;3;13;10;0;5;3;1;1;Bien;Informatique;Général
COH2027-4870;21;64,2 %;30,2;5;10;8;0;5;3;2;1;Bien;Mathématiques;Général
COH2027-4871;20;72,9 %;29,6;7;11;11;2;5;3;2;4;Passable;STAPS;Général
COH2027-4872;18;42,4 %;18,9;6;12;9;1;5;1;4;1;Assez bien;Informatique;Technologique
COH2027-4873;17;63,7 %;29,9;5;10;10;8;6;4;;1;;STAPS;Technologique
COH2027-4874;23;61,7 %;5,8;7;12;10;3;5;2;3;2;Passable;Psychologie;Professionnel
COH2027-4875;17;41,3 %;6,0;8;11;8;1;7;4;2;1;Bien;Informatique;Général
COH2027-4876;19;65,8 %;25,6;5;13;12;2;7;2;4;1;Passable;Informatique;Technologique
COH2027-4877;20;64,7 %;24,1;6;11;11;2;6;2;2;2;Passable;Biologie;Professionnel
COH2027-4878;18;68,5 %;32,1;4;8;7;7;5;3;2;1;;Droit;Général
COH2027-4879;19;56,8 %;35,9;6;13;13;4;7;4;3;4;Assez bien;STAPS;Général
COH2027-4880;18;52,9 %;14,2;8;9;8;3;6;2;2;3;Assez bien;Informatique;Technologique
COH2027-4881;18;56,8 %;41,6;8;12;8;2;5;1;3;4;Assez bien;Gestion;Professionnel
COH2027-4882;22;79,9 %;36,7;5;8;6;9;7;3;3;3;Bien;Informatique;Général
COH2027-4883;19;53,7 %;20,9;5;10;8;3;7;3;2;1;Très bien;Informatique;Professionnel
COH2027-4884;20;50,2 %;45,9;7;11;10;5;6;4;2;3;Bien;Informatique;Général
COH2027-4885;17;60,1 %;42,6;6;9;6;5;7;2;2;3;Assez bien;Informatique;Technologique
COH2027-4886;22;55,8 %;10,3;8;9;8;1;6;2;1;1;Bien;Informatique;Technologique
COH2027-4887;17;73,3 %;39,9;7;12;10;10;6;4;2;4;Assez bien;Mathématiques;Général
COH2027-4888;20;67,1 %;33,3;5;8;5;3;5;3;4;3;Passable;Biologie;Technologique
COH2027-4889;18;57,0 %;32,7;7;9;7;7;5;4;3;2;Passable;Psychologie;Général
COH2027-4890;22;60,2 %;34,9;9;13;11;4;5;3;2;;Passable;Informatique;Technologique
COH2027-4891;20;69,2 %;49,2;5;9;7;2;7;2;3;1;Assez bien;Droit;Général
COH2027-4892;21;65,4 %;15,3;5;9;6;3;7;2;3;2;Passable;Lettres;Général
COH2027-4893;22;71,4 %;16,6;6;8;8;7;5;4;;;Passable;Informatique;Technologique
COH2027-4894;18;57,5 %;18,1;6;13;12;5;5;3;3;1;Passable;Gestion;Général
COH2027-4895;20;55,9 %;32,8;5;10;9;0;5;2;;2;Passable;Psychologie;Technologique
COH2027-4896;18;55,6 %;18,2;7;11;8;2;5;1;2;3;Passable;Psychologie;Général
COH2027-4897;18;68,1 %;24,6;4;10;9;3;6;3;4;2;Bien;Informatique;Technologique
COH2027-4898;18;77,0 %;33,0;5;8;8;8;6;4;2;1;Bien;Gestion;Technologique
COH2027-4899;19;51,7 %;33,0;7;13;12;1;5;1;3;1;Passable;Mathématiques;Général
COH2027-4900;20;44,6 %;16,7;5;11;8;2;7;3;2;2;Passable;Psychologie;Technologique
COH2027-4901;23;47,0 %;19,8;9;10;9;2;7;;2;1;Bien;STAPS;Général
COH2027-4902;19;59,8 %;15,5;3;10;9;3;6;3;2;2;Passable;STAPS;Général
COH2027-4903;17;66,3 %;11,3;6;13;11;1;7;3;2;1;Très bien;Informatique;Général
COH2027-4904;26;50,2 %;18,3;8;11;8;1;7;1;1;3;Assez bien;Informatique;Général
COH2027-4905;21;54,6 %;32,5;7;11;10;3;5;2;3;1;Passable;Biologie;Technologique
COH2027-4906;21;68,3 %;27,1;7;9;7;5;5;4;3;2;Assez bien;Gestion;Technologique
COH2027-4907;21;50,1 %;14,2;6;8;6;2;5;1;2;3;Très bien;STAPS;Général
COH2027-4908;20;66,2 %;35,1;4;11;11;5;5;2;;2;Très bien;Psychologie;Technologique
COH2027-4909;20;77,9 %;69,3;5;10;10;5;7;4;4;4;Bien;Gestion;Général
COH2027-4910;18;78,3 %;56,4;4;11;10;7;6;3;2;;Passable;Psychologie;Technologique
COH2027-4911;21;53,5 %;16,6;8;11;8;6;7;4;2;2;Assez bien;Informatique;Général
COH2027-4912;21;39,2 %;2,6;6;10;6;0;6;1;1;2;Passable;Informatique;Général
COH2027-4913;24;46,6 %;18,2;7;13;8;1;6;2;3;1;Bien;Biologie;Technologique
COH2027-4914;21;73,6 %;31,1;5;12;10;7;7;3;3;1;Très bien;Informatique;Général
COH2027-4915;19;58,3 %;14,4;5;11;9;1;6;2;1;1;Bien;Informatique;Professionnel
COH2027-4916;19;57,4 %;39,4;5;11;8;3;5;1;1;1;Assez bien;Psychologie;Général
COH2027-4917;18;72,6 %;27,2;7;11;11;4;5;;2;1;Assez bien;Lettres;Général
COH2027-4918;19;49,0 %;3,0;8;13;11;0;6;;3;1;Bien;Psychologie;Général
COH2027-4919;18;79,4 %;26,4;4;12;11;12;6;4;3;4;Très bien;Psychologie;Général
COH2027-4920;18;35,7 %;23,0;7;13;7;2;6;1;2;3;Assez bien;Gestion;Général
COH2027-4921;18;58,7 %;10,0;9;13;9;2;5;1;3;1;Passable;Informatique;Général
COH2027-4922;21;57,5 %;3,5;9;11;9;0;6;2;1;1;Très bien;STAPS;Général
COH2027-4923;21;55,2 %;28,1;8;11;8;1;6;4;1;2;Assez bien;Droit;Général
COH2027-4924;24;49,5 %;25,4;7;11;7;2;6;1;1;1;Passable;Psychologie;Professionnel
COH2027-4925;19;42,5 %;9,1;7;12;7;0;6;2;2;1;Assez bien;Informatique;Général
COH2027-4926;19;48,7 %;14,1;5;8;7;2;6;1;3;1;Passable;Informatique;Général
COH2027-4927;20;77,2 %;31,6;3;10;9;10;5;4;4;3;Passable;Informatique;Général
COH2027-4928;19;32,8 %;0,0;6;13;6;0;6;2;1;1;Assez bien;Gestion;Technologique
COH2027-4929;18;65,7 %;32,5;6;8;6;5;5;2;3;4;Bien;Mathématiques;Général
COH2027-4930;21;42,6 %;1,7;6;11;7;0;6;2;1;1;Passable;Informatique;Général
COH2027-4931;20;65,0 %;22,8;4;10;9;1;7;1;2;1;Passable;Psychologie;Général
COH2027-4932;23;76,7 %;25,4;10;12;11;4;6;4;;4;Très bien;Informatique;Général
COH2027-4933;19;78,8 %;19,2;6;10;9;7;5;2;4;2;Passable;Informatique;Général
COH2027-4934;20;46,2 %;9,3;11;12;11;2;6;1;1;3;Assez bien;Informatique;Technologique
COH2027-4935;21;52,8 %;23,1;8;12;8;3;5;2;1;1;Bien;Mathématiques;Général
COH2027-4936;20;66,7 %;15,6;6;8;6;5;6;;3;3;;Informatique;Professionnel
COH2027-4937;23;50,1 %;4,8;9;12;9;1;6;1;1;1;Passable;STAPS;Technologique
COH2027-4938;22;68,1 %;14,3;8;13;8;1;6;2;2;2;Bien;Droit;Général
COH2027-4939;19;55,2 %;1,4;8;10;8;1;6;1;;1;Bien;Informatique;Général
COH2027-4940;17;61,3 %;18,6;9;12;9;2;6;1;1;1;Passable;Droit;Général
COH2027-4941;20;55,3 %;37,3;5;9;8;11;6;4;;;Passable;Gestion;Général
COH2027-4942;19;76,6 %;32,2;3;8;8;8;6;4;4;4;Assez bien;Informatique;Professionnel
COH2027-4943;18;78,2 %;43,5;5;8;8;6;7;;4;4;Passable;Biologie;Technologique
COH2027-4944;19;42,2 %;15,6;8;10;8;1;6;2;2;1;Passable;Informatique;Technologique
COH2027-4945;18;54,8 %;17,2;4;8;7;3;7;3;2;4;Passable;Droit;Général
COH2027-4946;20;60,7 %;17,2;6;13;10;1;6;2;3;1;Passable;STAPS;Général
COH2027-4947;23;50,3 %;30,4;6;9;7;3;7;2;1;2;Assez bien;Psychologie;Général
COH2027-4948;20;51,2 %;2,4;6;8;6;2;6;;2;1;Passable;Lettres;Général
COH2027-4949;21;75,2 %;40,8;5;9;9;7;6;4;4;;Assez bien;STAPS;Général
COH2027-4950;19;76,5 %;34,3;7;11;11;3;6;4;1;;Bien;Informatique;Général
COH2027-4951;18;60,7 %;6,8;6;12;8;1;5;1;;1;Assez bien;Informatique;Professionnel
COH2027-4952;18;50,0 %;15,2;4;10;9;2;5;3;1;3;Bien;Informatique;Général
COH2027-4953;21;63,0 %;26,4;5;9;8;4;5;3;;1;Très bien;Informatique;Général
COH2027-4954;18;74,3 %;20,9;6;13;11;5;6;2;2;3;Bien;Informatique;Technologique
COH2027-4955;22;47,0 %;11,4;8;11;8;0;7;1;2;;Passable;Mathématiques;Général
COH2027-4956;19;77,9 %;52,5;3;11;11;14;6;3;4;3;Très bien;Informatique;Général
COH2027-4957;19;59,5 %;25,4;7;12;10;2;6;1;1;3;Passable;Gestion;Général
COH2027-4958;19;53,5 %;20,6;6;9;8;3;6;3;2;3;Assez bien;STAPS;Général
COH2027-4959;22;51,2 %;21,9;8;12;11;3;6;;3;1;Assez bien;STAPS;Général
COH2027-4960;19;66,9 %;16,9;6;11;11;5;6;2;2;2;Passable;Informatique;Professionnel
COH2027-4961;20;33,5 %;0,0;4;9;4;0;6;1;1;1;Passable;Informatique;Technologique
COH2027-4962;20;76,4 %;15,6;4;12;12;8;6;4;4;3;Assez bien;Gestion;Professionnel
COH2027-4963;20;70,5 %;13,2;6;11;9;1;7;3;;;Bien;Informatique;Général
COH2027-4964;18;50,1 %;15,3;5;8;6;1;6;2;2;2;Bien;Droit;Général
COH2027-4965;20;59,8 %;23,2;5;12;11;8;5;2;4;1;Assez bien;Informatique;Général
COH2027-4966;18;69,6 %;31,0;4;12;11;8;6;4;;;Passable;Informatique;Professionnel
COH2027-4967;22;71,2 %;20,9;7;11;11;3;6;3;3;;Assez bien;Lettres;Technologique
COH2027-4968;27;30,6 %;0,0;5;12;5;0;5;1;2;2;Bien;Informatique;Général
COH2027-4969;20;41,9 %;2,0;8;13;8;0;6;2;2;1;Assez bien;Mathématiques;Général
COH2027-4970;23;45,2 %;8,1;7;13;9;0;6;3;;1;Bien;Biologie;Général
COH2027-4971;24;40,3 %;22,4;5;9;8;0;6;1;1;1;Passable;Gestion;Technologique
COH2027-4972;21;47,8 %;12,6;4;8;5;0;6;1;1;1;Passable;STAPS;Technologique
COH2027-4973;19;56,9 %;10,1;5;13;11;4;7;2;3;2;Bien;Informatique;Général
COH2027-4974;22;57,0 %;44,9;5;10;7;4;6;3;3;2;Passable;Psychologie;Professionnel
COH2027-4975;24;50,8 %;18,8;6;8;6;0;5;3;2;1;Passable;Informatique;Général
COH2027-4976;22;68,3 %;48,5;5;9;9;4;7;4;4;3;Bien;Informatique;Professionnel
COH2027-4977;19;52,5 %;24,8;4;12;10;2;6;2;2;1;Passable;STAPS;Technologique
COH2027-4978;19;62,5 %;26,6;5;9;5;3;6;4;2;1;Passable;Informatique;Professionnel
COH2027-4979;20;55,4 %;14,1;7;12;9;3;6;2;3;2;Bien;Informatique;Général
COH2027-4980;23;79,6 %;48,2;5;11;11;3;5;4;;3;Assez bien;Psychologie;Technologique
COH2027-4981;21;72,2 %;38,8;4;12;11;10;6;3;2;3;Assez bien;Informatique;Professionnel
COH2027-4982;18;57,3 %;8,7;4;9;8;6;6;2;4;2;Bien;Droit;Technologique
COH2027-4983;22;66,2 %;12,6;7;11;9;3;5;4;2;3;Bien;Droit;Technologique
COH2027-4984;20;75,1 %;11,8;7;9;7;6;6;3;4;2;Passable;Informatique;Professionnel
COH2027-4985;21;74,8 %;28,8;7;10;7;5;5;2;2;4;Passable;Informatique;Professionnel
COH2027-4986;19;56,3 %;9,7;7;11;7;0;6;1;1;1;Assez bien;Informatique;Technologique
COH2027-4987;19;41,4 %;28,2;6;8;6;5;6;2;1;3;Bien;Lettres;Général
COH2027-4988;22;72,4 %;38,2;7;9;7;3;5;3;3;2;Passable;Informatique;Technologique
COH2027-4989;17;57,6 %;20,0;8;11;9;3;6;;4;3;Bien;Gestion;Général
COH2027-4990;23;65,7 %;29,2;4;13;12;4;6;1;1;2;Passable;Informatique;Général
COH2027-4991;23;74,0 %;18,4;4;11;10;6;6;4;4;3;Très bien;STAPS;Professionnel
COH2027-4992;21;42,4 %;14,9;5;13;11;4;7;3;1;1;Assez bien;Gestion;Général
COH2027-4993;20;58,2 %;15,3;9;10;9;7;6;2;2;3;Assez bien;Informatique;Professionnel
COH2027-4994;18;46,4 %;20,2;6;9;6;1;7;2;1;1;Bien;Informatique;Professionnel
COH2027-4995;23;40,6 %;17,9;8;9;8;1;7;2;2;1;;Gestion;Général
COH2027-4996;20;62,2 %;7,6;6;8;7;3;6;;4;3;Passable;Informatique;Général
COH2027-4997;22;77,3 %;43,1;5;13;13;9;6;4;2;4;Passable;Droit;Général
COH2027-4998;20;54,4 %;24,1;8;9;8;3;6;3;2;1;Bien;Informatique;Technologique
COH2027-4999;20;64,3 %;53,9;4;11;11;8;6;4;2;1;Passable;Droit;Général
COH2027-5000;21;58,9 %;19,9;4;10;10;4;6;3;2;3;Passable;Informatique;Général
